BEGIN TRANSACTION;

DROP TABLE IF EXISTS Participates_In CASCADE; 
DROP TABLE IF EXISTS Competes_In CASCADE;
DROP TABLE IF EXISTS Team_Member CASCADE;
DROP TABLE IF EXISTS Trains CASCADE;
DROP TABLE IF EXISTS Coach CASCADE;
DROP TABLE IF EXISTS Team CASCADE;
DROP TABLE IF EXISTS Athlete CASCADE; 
DROP TABLE IF EXISTS Event CASCADE;
DROP TABLE IF EXISTS Venue CASCADE;
DROP TABLE IF EXISTS Sport CASCADE;
DROP TABLE IF EXISTS Country CASCADE;

CREATE TABLE Country (
	country_code VARCHAR(3) PRIMARY KEY, 
	alpha_2 VARCHAR(2) NOT NULL, 
	country_name VARCHAR(100) NOT NULL, 
	continent VARCHAR(50) NOT NULL 
);

CREATE TABLE Athlete ( 
	athlete_id INT PRIMARY KEY,
	athlete_name VARCHAR(100) NOT NULL, 
	gender CHAR(1) NOT NULL,
	date_of_birth DATE NOT NULL, 
	country_code VARCHAR(3) NOT NULL, 
CONSTRAINT fk_athlete_country FOREIGN KEY (country_code) REFERENCES Country(country_code)
);

CREATE TABLE Sport (
    sport_id INT,
    sport_name VARCHAR(100) NOT NULL,
    description TEXT,
    PRIMARY KEY (sport_id)
);

CREATE TABLE Venue (
venue_id INT PRIMARY KEY,
venue_name VARCHAR(100) NOT NULL,
location VARCHAR(150) NOT NULL,
venue_type VARCHAR(50),
capacity INT
);


CREATE TABLE Event (
event_id INT PRIMARY KEY,
event_name VARCHAR(100) NOT NULL,
event_time TIME,
event_date DATE,
event_type VARCHAR(50),
gender_category VARCHAR(20),
venue_id INT,
sport_id INT,
FOREIGN KEY (venue_id) REFERENCES Venue(venue_id),
CONSTRAINT fk_event_sport FOREIGN KEY (sport_id) REFERENCES Sport(sport_id)
);

CREATE TABLE Coach ( 
	coach_id INT PRIMARY KEY, 
	coach_name VARCHAR(100) NOT NULL, 
	specialty VARCHAR(100) NOT NULL
 );

CREATE TABLE Trains (
	coach_id INT,
	athlete_id INT,
	year INT,
	PRIMARY KEY (coach_id, athlete_id),
	CONSTRAINT fk_trains_coach FOREIGN KEY (coach_id) REFERENCES Coach (coach_id),
	CONSTRAINT fk_trains_athlete FOREIGN KEY (athlete_id) REFERENCES Athlete (athlete_id)
);

CREATE TABLE Team (
    team_id INT,
    gender_category VARCHAR(10),
    PRIMARY KEY (team_id)
);


CREATE TABLE Team_Member (
    athlete_id INT,
    team_id INT,
    PRIMARY KEY (athlete_id, team_id),
    CONSTRAINT fk_member_athlete FOREIGN KEY (athlete_id) REFERENCES Athlete (athlete_id),
    CONSTRAINT fk_member_team FOREIGN KEY (team_id) REFERENCES Team (team_id)
);

CREATE TABLE Participates_In (
	athlete_id INT, 
	event_id INT, 
	ranking INT, PRIMARY KEY (athlete_id, event_id), 

CONSTRAINT fk_participates_athlete FOREIGN KEY (athlete_id) REFERENCES Athlete(athlete_id), 
CONSTRAINT fk_participates_event FOREIGN KEY (event_id) REFERENCES Event(event_id) 
);

CREATE TABLE Competes_In (
team_id INT,
event_id INT,
ranking INT,
PRIMARY KEY (team_id, event_id),
FOREIGN KEY (team_id) REFERENCES Team(team_id),
FOREIGN KEY (event_id) REFERENCES Event(event_id)
);

INSERT INTO Country (country_code, alpha_2, country_name, continent) VALUES
('ALB', 'AL', 'Albania', 'Europe'),
('AND', 'AD', 'Andorra', 'Europe'),
('ARG', 'AR', 'Argentina', 'South America'),
('ARM', 'AM', 'Armenia', 'Asia'),
('AUS', 'AU', 'Australia', 'Oceania'),
('AUT', 'AT', 'Austria', 'Europe'),
('AZE', 'AZ', 'Azerbaijan', 'Asia'),
('BEL', 'BE', 'Belgium', 'Europe'),
('BEN', 'BJ', 'Benin', 'Africa'),
('BOL', 'BO', 'Bolivia', 'South America'),
('BIH', 'BA', 'Bosnia and Herzegovina', 'Europe'),
('BRA', 'BR', 'Brazil', 'South America'),
('BUL', 'BG', 'Bulgaria', 'Europe'),
('CAN', 'CA', 'Canada', 'North America'),
('CHI', 'CL', 'Chile', 'South America'),
('CHN', 'CN', 'China', 'Asia'),
('TPE', 'CT', 'Chinese Taipei', 'Asia'),
('COL', 'CO', 'Colombia', 'South America'),
('CRO', 'HR', 'Croatia', 'Europe'),
('CYP', 'CY', 'Cyprus', 'Asia'),
('CZE', 'CZ', 'Czech Republic', 'Europe'),
('DEN', 'DK', 'Denmark', 'Europe'),
('ECU', 'EC', 'Ecuador', 'South America'),
('ERI', 'ER', 'Eritrea', 'Africa'),
('EST', 'EE', 'Estonia', 'Europe'),
('FIN', 'FI', 'Finland', 'Europe'),
('FRA', 'FR', 'France', 'Europe'),
('GEO', 'GE', 'Georgia', 'Asia'),
('GER', 'DE', 'Germany', 'Europe'),
('GBR', 'GB', 'Great Britain', 'Europe'),
('GRE', 'GR', 'Greece', 'Europe'),
('GBS', 'GW', 'Guinea-Bissau', 'Africa'),
('HAI', 'HT', 'Haiti', 'North America'),
('HKG', 'HK', 'Hong Kong', 'Asia'),
('HUN', 'HU', 'Hungary', 'Europe'),
('ISL', 'IS', 'Iceland', 'Europe'),
('IND', 'IN', 'India', 'Asia'),
('AIN', 'IA', 'Individual Neutral Athletes', 'Europe'),
('IRI', 'IR', 'Iran', 'Asia'),
('IRL', 'IE', 'Ireland', 'Europe'),
('ISR', 'IL', 'Israel', 'Asia'),
('ITA', 'IT', 'Italy', 'Europe'),
('JAM', 'JM', 'Jamaica', 'North America'),
('JPN', 'JP', 'Japan', 'Asia'),
('KAZ', 'KZ', 'Kazakhstan', 'Asia'),
('KEN', 'KE', 'Kenya', 'Africa'),
('KOS', 'XK', 'Kosovo', 'Europe'),
('KGZ', 'KZ', 'Kyrgyzstan', 'Asia'),
('LAT', 'LV', 'Latvia', 'Europe'),
('LBN', 'LB', 'Lebanon', 'Asia'),
('LIE', 'LI', 'Liechtenstein', 'Europe'),
('LTU', 'LT', 'Lithuania', 'Europe'),
('LUX', 'LU', 'Luxembourg', 'Europe'),
('MAD', 'MG', 'Madagascar', 'Africa'),
('MAS', 'MY', 'Malaysia', 'Asia'),
('MLT', 'MT', 'Malta', 'Europe'),
('MEX', 'MX', 'Mexico', 'North America'),
('MDA', 'MD', 'Moldova', 'Europe'),
('MON', 'MC', 'Monaco', 'Europe'),
('MGL', 'MN', 'Mongolia', 'Asia'),
('MNE', 'ME', 'Montenegro', 'Europe'),
('MAR', 'MA', 'Morocco', 'Africa'),
('NED', 'NL', 'Netherlands', 'Europe'),
('NZL', 'NZ', 'New Zealand', 'Oceania'),
('NGR', 'NG', 'Nigeria', 'Africa'),
('MKD', 'MK', 'North Macedonia', 'Europe'),
('NOR', 'NO', 'Norway', 'Europe'),
('PAK', 'PK', 'Pakistan', 'Asia'),
('PHI', 'PH', 'Philippines', 'Asia'),
('POL', 'PL', 'Poland', 'Europe'),
('POR', 'PT', 'Portugal', 'Europe'),
('PUR', 'PR', 'Puerto Rico', 'North America'),
('ROU', 'RO', 'Romania', 'Europe'),
('SMR', 'SM', 'San Marino', 'Europe'),
('KSA', 'SA', 'Saudi Arabia', 'Asia'),
('SRB', 'RS', 'Serbia', 'Europe'),
('SGP', 'SG', 'Singapore', 'Asia'),
('SVK', 'SK', 'Slovakia', 'Europe'),
('SLO', 'SI', 'Slovenia', 'Europe'),
('RSA', 'ZA', 'South Africa', 'Africa'),
('KOR', 'SK', 'South Korea', 'Asia'),
('ESP', 'ES', 'Spain', 'Europe'),
('SWE', 'SE', 'Sweden', 'Europe'),
('SUI', 'Ch', 'Switzerland', 'Europe'),
('THA', 'TH', 'Thailand', 'Asia'),
('TTO', 'TT', 'Trinidad and Tobago', 'North America'),
('TUR', 'TR', 'Turkey', 'Asia'),
('UKR', 'UA', 'Ukraine', 'Europe'),
('UAE', 'AE', 'United Arab Emirates', 'Asia'),
('USA', 'US', 'United States', 'North America'),
('URU', 'UY', 'Uruguay', 'South America'),
('UZB', 'UZ', 'Uzbekistan', 'Asia'),
('VEN', 'VE', 'Venezuela', 'South America');

INSERT INTO Athlete (athlete_id, athlete_name, gender, date_of_birth, country_code) VALUES
(1, 'AABREKK Ingrid Bergene', 'F', '2002/10/14', 'NOR'),
(2, 'AAGAARD Mikkel', 'M', '1995/10/18', 'DEN'),
(3, 'AALTO Antti', 'M', '1995/04/02', 'FIN'),
(4, 'ABATANGELO Aurora', 'F', '2002/12/14', 'ITA'),
(5, 'ABDI Fayik', 'M', '1997/10/8', 'KSA'),
(6, 'ABDUL-SABOOR Hakeem', 'M', '1987/11/7', 'USA'),
(7, 'ABEDA Shannon', 'M', '1996/05/15', 'ERI'),
(8, 'ABSTREITER Sandra', 'F', '1998/07/23', 'GER'),
(9, 'ACHLEITNER Lisa', 'F', '1997/01/18', 'AUT'),
(10, 'ADAKE Ahenaer', 'F', '1999/06/1', 'CHN'),
(11, 'ADAMCZYKOVA Eva', 'F', '1993/04/28', 'CZE'),
(12, 'ADAMEK Klaudia', 'F', '1999/03/22', 'POL'),
(13, 'ADAMOV Simon', 'M', '2004/11/18', 'SVK'),
(14, 'ADDAMO Justin', 'M', '1998/05/27', 'FRA'),
(15, 'ADOLFSSON Jessica', 'F', '1998/07/15', 'SWE'),
(16, 'AEBERHARD Mario', 'M', '2005/11/03', 'SUI'),
(17, 'AERNI Luca', 'M', '1993/03/27', 'SUI'),
(18, 'AHO Sebastian', 'M', '1997/07/26', 'FIN'),
(19, 'AHOLA Sanni', 'F', '2000/06/3', 'FIN'),
(20, 'AHVENAINEN Akseli', 'M', '2002/06/25', 'FIN'),
(21, 'AICHER Emma', 'F', '2003/11/13', 'GER'),
(22, 'AIGRO Artti', 'M', '1999/08/29', 'EST'),
(23, 'AIHARA Shiro', 'M', '2001/01/20', 'JPN'),
(24, 'AKAR Furkan', 'M', '2002/03/6', 'TUR'),
(25, 'AKIMOTO Nana', 'F', '1988/07/26', 'JPN'),
(26, 'AKOPOVA Karina', 'F', '2003/06/16', 'ARM'),
(27, 'ALBRECHT Aline', 'F', '2001/04/06', 'SUI'),
(28, 'ALDER Fabienne', 'F', '2003/03/21', 'SUI'),
(29, 'ALESSANDRIA Arnaud', 'M', '1993/07/15', 'MON'),
(30, 'ALEV Alvar Johannes', 'M', '1993/09/29', 'EST'),
(31, 'ALEXANDER Cameron', 'M', '1997/05/31', 'CAN'),
(32, 'ALEXANDER Kiki', 'F', '2001/09/06', 'CAN'),
(33, 'ALIC Esma', 'F', '2002/10/08', 'BIH'),
(34, 'ALIREZA Rakan', 'M', '1996/10/11', 'KSA'),
(35, 'ALLAN Kailey', 'F', '2003/06/17', 'CAN'),
(36, 'ALLEGRE Nils', 'M', '1994/01/2', 'FRA'),
(37, 'ALLEMAND Romain', 'M', '2006/12/8', 'FRA'),
(38, 'ALLEYNE Nikhil', 'M', '2004/09/12', 'TTO'),
(39, 'ALONSO RODRIGUEZ Ana', 'F', '1994/12/7', 'ESP'),
(40, 'ALPHAND Estelle', 'F', '1995/04/23', 'SWE'),
(41, 'ALPHAND Nils', 'M', '1999/06/16', 'FRA'),
(42, 'ALTANZUL Ariunbat', 'M', '2005/12/07', 'MGL'),
(43, 'AMBROSE Erin', 'F', '1994/04/30', 'CAN'),
(44, 'AMBROSI Martina', 'F', '2001/04/07', 'ITA'),
(45, 'AMBROSINI Filippo', 'M', '1993/04/26', 'ITA'),
(46, 'AMBRULEVICIUS Saulius', 'M', '1992/06/10', 'LTU'),
(47, 'AMIEZ Steven', 'M', '1998/09/7', 'FRA'),
(48, 'AMMOUR Adam', 'M', '2001/06/7', 'GER'),
(49, 'AMMOUR Issam', 'M', '1993/04/14', 'GER'),
(50, 'AMRENOVA Ayaulym', 'F', '2001/11/30', 'KAZ'),
(51, 'AMUNDSEN Harald Oestberg', 'M', '1998/09/18', 'NOR'),
(52, 'AN Tai', 'M', '2001/01/11', 'CHN'),
(53, 'ANDERMANN Nicolas', 'M', '1999/09/25', 'AUT'),
(54, 'ANDERSEN Frederik', 'M', '1989/10/2', 'DEN'),
(55, 'ANDERSON Lucinda', 'F', '2000/12/03', 'USA'),
(56, 'ANDERSON-HEIDE Taylor', 'F', '1995/02/25', 'USA'),
(57, 'ANDERSSON Ebba', 'F', '1997/07/10', 'SWE'),
(58, 'ANDERSSON Linnea', 'F', '1998/09/30', 'SWE'),
(59, 'ANDERSSON Rasmus', 'M', '1996/10/27', 'SWE'),
(60, 'ANDEXER Anna', 'F', '2003/01/26', 'AUT'),
(61, 'ANDO Asa', 'F', '1996/04/24', 'JPN'),
(62, 'ANDRASKA Anouk', 'F', '2004/01/24', 'SUI'),
(63, 'ANDREASSEN Milla Grosberghaugen', 'F', '2005/08/4', 'NOR'),
(64, 'ANDREUTTI Giada', 'F', '1995/02/16', 'ITA'),
(65, 'ANDREWS Ruby Star', 'F', '2004/12/29', 'NZL'),
(66, 'ANDRIGHETTO Sven', 'M', '1993/03/21', 'SUI'),
(67, 'ANDRYIANAVA Anastasiya', 'F', '2004/12/08', 'AIN'),
(68, 'ANDZANE Marta', 'F', '2008/01/28', 'LAT'),
(69, 'ANGELIS Apostolos', 'M', '1993/06/24', 'GRE'),
(70, 'ANGENEND Yannik', 'M', '2000/07/13', 'GER'),
(71, 'ANGER Edvin', 'M', '2002/04/8', 'SWE'),
(72, 'ANGUENOT Leo', 'M', '1998/09/25', 'FRA'),
(73, 'ANKELE Martina', 'F', '2002/11/11', 'AUT'),
(74, 'ANNEN Debora', 'F', '2002/04/01', 'SUI'),
(75, 'ANNEN Tim', 'M', '2004/07/13', 'SUI'),
(76, 'ANSELMET Thibault', 'M', '1997/11/2', 'FRA'),
(77, 'ANTHONY Jakara', 'F', '1998/07/8', 'AUS'),
(78, 'ANTOSOVA Barbora', 'F', '2000/09/07', 'CZE'),
(79, 'ANTTOLA Niko', 'M', '2003/02/13', 'FIN'),
(80, 'APARJODE Kendija', 'F', '1996/12/24', 'LAT'),
(81, 'APARJODS Kristers', 'M', '1998/02/24', 'LAT'),
(82, 'APPIAH Cynthia', 'F', '1990/05/15', 'CAN'),
(83, 'APPLEBY Edward', 'M', '2004/12/21', 'GBR'),
(84, 'ARAI Makiko', 'F', '1993/06/12', 'JPN'),
(85, 'ARITO Motonaga', 'M', '2002/03/18', 'JPN'),
(86, 'ARLT Tobias', 'M', '1987/06/2', 'GER'),
(87, 'ARMAN Sebastiano', 'M', '1997/01/17', 'ITA'),
(88, 'ARMBRUSTER HUMPHRIES Kaillie', 'F', '1985/09/04', 'USA'),
(89, 'ARMIA Joel', 'M', '1993/05/31', 'FIN'),
(90, 'ARNEKLEIV Juni', 'F', '1999/02/17', 'NOR'),
(91, 'ARNET Sina', 'F', '2005/07/28', 'SUI'),
(92, 'ARONSSON ELFMAN Hanna', 'F', '2002/12/29', 'SWE'),
(93, 'ARTHUR Emily', 'F', '1999/04/24', 'AUS'),
(94, 'ASCIC Valentina', 'F', '1998/11/12', 'CRO'),
(95, 'ASSAN Assylkhan', 'M', '2009/07/25', 'KAZ'),
(96, 'ASSELIN Olivia', 'F', '2004/02/24', 'CAN'),
(97, 'ASTNER Nina', 'F', '2000/06/17', 'AUT'),
(98, 'ASTRIDGE Alexander', 'M', '2006/06/02', 'UAE'),
(99, 'ATANASOVSKA Jana', 'F', '2006/07/19', 'MKD'),
(100, 'ATKIN Zoe', 'F', '2003/01/16', 'GBR'),
(101, 'AUCHENTALLER Hannah', 'F', '2001/03/28', 'ITA'),
(102, 'AUER Florian', 'M', '1994/06/11', 'AUT'),
(103, 'AUJESKY Johannes', 'M', '1993/02/25', 'AUT'),
(104, 'AURARD-BUSHEE Chloe', 'F', '1999/03/15', 'FRA'),
(105, 'AUSTIN Taylor', 'M', '1990/01/18', 'CAN'),
(106, 'AUVITU Yohann', 'M', '1989/07/27', 'FRA'),
(107, 'AUZINA Kitija', 'F', '1996/09/23', 'LAT'),
(108, 'AVVAKUMOVA Ekaterina', 'F', '1990/10/26', 'KOR'),
(109, 'AX SWARTZ Fabian', 'M', '2004/02/12', 'SWE'),
(110, 'AYMOZ Kevin', 'M', '1997/08/1', 'FRA'),
(111, 'AZHGALIYEV Abzal', 'M', '1992/06/30', 'KAZ'),
(112, 'Alexander Astridge', 'M', '2006/06/02', 'UAE'),
(113, 'BABA Naoto', 'M', '1996/07/20', 'JPN'),
(114, 'BABINSKY Stefan', 'M', '1996/04/2', 'AUT'),
(115, 'BABURA Bohdan', 'M', '2005/02/25', 'UKR'),
(116, 'BACCA GONCALVES Luis', 'M', '1998/02/28', 'BRA'),
(117, 'BACHL-STAUDINGER Leonie', 'F', '2004/10/20', 'GER'),
(118, 'BADACZ Konrad', 'M', '2003/01/16', 'POL'),
(119, 'BAECHLER Alessia', 'F', '2005/09/7', 'SUI'),
(120, 'BAETSCHI Flurina Neva', 'F', '2003/05/02', 'SUI'),
(121, 'BAFF Josie', 'F', '2003/01/25', 'AUS'),
(122, 'BAGNIS Amedeo', 'M', '1999/11/11', 'ITA'),
(123, 'BAI Xinhui', 'F', '1982/10/23', 'CHN'),
(124, 'BALCERS Rudolfs', 'M', '1997/04/8', 'LAT'),
(125, 'BALINSKIS Uvis Janis', 'M', '1996/08/1', 'LAT'),
(126, 'BALL Lucas', 'M', '1992/06/02', 'NZL'),
(127, 'BALLET BAZ Mylene', 'F', '2001/06/22', 'FRA'),
(128, 'BALZER Leoni', 'F', '2006/01/18', 'SUI'),
(129, 'BAN Xuefu', 'M', '2002/10/17', 'CHN'),
(130, 'BANKES Charlotte', 'F', '1995/06/10', 'GBR'),
(131, 'BAO Zhenyu', 'M', '2002/05/21', 'CHN'),
(132, 'BARAN Martyna', 'F', '2001/02/19', 'POL'),
(133, 'BARBIERI Alessandro', 'M', '2008/10/5', 'USA'),
(134, 'BARBIRATI Jade', 'F', '2004/01/6', 'FRA'),
(135, 'BARCLAY Ben', 'M', '2002/02/4', 'NZL'),
(136, 'BAREFOOT Daniel', 'M', '1991/02/16', 'USA'),
(137, 'BARNES Cayla', 'F', '1999/01/7', 'USA'),
(138, 'BARP Elia', 'M', '2002/12/19', 'ITA'),
(139, 'BARTALIS Henrietta', 'F', '2004/12/22', 'ROU'),
(140, 'BARTSCH Anne', 'F', '1995/09/22', 'GER'),
(141, 'BARUZZI FARRIOL Francesca', 'F', '1998/07/22', 'ARG'),
(142, 'BASERGA Amy', 'F', '2000/09/29', 'SUI'),
(143, 'BASHA Faiz Basha Munwar', 'M', '2002/02/28', 'SGP'),
(144, 'BASHMAKOV Nail', 'M', '1995/09/29', 'KAZ'),
(145, 'BASTIER Etienne', 'M', '2004/02/16', 'FRA'),
(146, 'BATES Evan', 'M', '1989/02/23', 'USA'),
(147, 'BATMUNKH Achbadrakh', 'M', '1994/12/21', 'MGL'),
(148, 'BATNA Oskars', 'M', '1995/05/7', 'LAT'),
(149, 'BATOVSKA FIALKOVA Paulina', 'F', '1992/10/25', 'SVK'),
(150, 'BAU Mathias', 'M', '1993/07/3', 'DEN'),
(151, 'BAUDRIT Lore', 'F', '1991/10/11', 'FRA'),
(152, 'BAUER Matyas', 'M', '2004/04/12', 'CZE'),
(153, 'BAUMEISTER Stefan', 'M', '1993/04/18', 'GER'),
(154, 'BAUMGARTNER Nick', 'M', '1981/12/17', 'USA'),
(155, 'BAUMGARTNER Patrick', 'M', '1994/12/27', 'ITA'),
(156, 'BAUMGARTNER Samuel', 'M', '1997/09/23', 'AUT'),
(157, 'BAUR Tobias', 'M', '1997/04/17', 'SUI'),
(158, 'BEBRISS Arnis', 'M', '1996/05/05', 'LAT'),
(159, 'BECK Madeleine', 'F', '1980/08/21', 'LIE'),
(160, 'BECKER Tim', 'M', '2002/11/19', 'GER'),
(161, 'BECKERT Patrick', 'M', '1990/04/17', 'GER'),
(162, 'BEDIR Muhammed Ali', 'M', '2000/03/24', 'TUR'),
(163, 'BEGUE Nicole', 'F', '2006/12/19', 'ARG'),
(164, 'BEIERL Katrin', 'F', '1993/08/16', 'AUT'),
(165, 'BEKKER Phebe', 'F', '2005/07/27', 'GBR'),
(166, 'BEKTAS Ozan', 'M', '1995/03/16', 'LIE'),
(167, 'BELLEMARE Pierre-Edouard', 'M', '1985/03/6', 'FRA'),
(168, 'BELLINGHAM Phillip', 'M', '1991/02/24', 'AUS'),
(169, 'BELLOIR Mathieu', 'M', '2000/04/22', 'FRA'),
(170, 'BELSHAW Annika', 'F', '2002/06/13', 'USA'),
(171, 'BELTOWSKA Pola', 'F', '2006/11/12', 'POL'),
(172, 'BENDIKA Baiba', 'F', '1991/06/27', 'LAT'),
(173, 'BENED Camille', 'F', '2000/09/6', 'FRA'),
(174, 'BENEDIKTSSON Dagur', 'M', '1998/06/17', 'ISL'),
(175, 'BENNETT Bryce', 'M', '1992/07/14', 'USA'),
(176, 'BENNETT Sam', 'M', '1996/06/20', 'CAN'),
(177, 'BERANOVA Tereza', 'F', '1998/11/23', 'CZE'),
(178, 'BERGER Lea', 'F', '2003/10/29', 'FRA'),
(179, 'BERGER SABBATEL Marielle', 'F', '1990/01/29', 'FRA'),
(180, 'BERGLUND Gustaf', 'M', '1998/05/04', 'SWE'),
(181, 'BERGSMA Jorrit', 'M', '1986/02/1', 'NED'),
(182, 'BERNI Tim', 'M', '2000/02/11', 'SUI'),
(183, 'BERRA Reto', 'M', '1987/01/3', 'SUI'),
(184, 'BERREITER Anna', 'F', '1999/09/3', 'GER'),
(185, 'BERSET Stefanie', 'F', '1996/12/16', 'SUI'),
(186, 'BERTRAND Charles', 'M', '1991/02/5', 'FRA'),
(187, 'BERTSCHLER Daniel', 'M', '2001/01/22', 'AUT'),
(188, 'BERTSCHY Christoph', 'M', '1994/04/5', 'SUI'),
(189, 'BERULAVA Luka', 'M', '2002/11/27', 'GEO'),
(190, 'BERZINS Gints', 'M', '2002/03/8', 'LAT'),
(191, 'BERZINS Reinis', 'M', '2001/07/10', 'LAT'),
(192, 'BETTI Chiara', 'F', '2002/03/12', 'ITA'),
(193, 'BETTI Francesco', 'M', '2000/04/27', 'ITA'),
(194, 'BEUNE Joy', 'F', '1999/04/28', 'NED'),
(195, 'BEYRAMI BAHER Samaneh', 'F', '1991/06/12', 'IRI'),
(196, 'BI Ye', 'M', '1994/05/26', 'CHN'),
(197, 'BICHON Evan', 'M', '1998/10/12', 'CAN'),
(198, 'BICKNER Kevin', 'M', '1996/09/23', 'USA'),
(199, 'BIERI Cyril', 'M', '1993/10/22', 'SUI'),
(200, 'BILKA Hannah', 'F', '2001/03/24', 'USA'),
(201, 'BILOTTI Lorenzo', 'M', '1994/09/21', 'ITA'),
(202, 'BINDILATTI Edson Luques', 'M', '1979/03/13', 'BRA'),
(203, 'BINNINGTON Jordan', 'M', '1993/07/11', 'CAN'),
(204, 'BIRKELAND Giorgia', 'F', '2002/06/14', 'USA'),
(205, 'BIRKENTALS Renars', 'M', '2001/05/23', 'LAT'),
(206, 'BJORKSTRAND Oliver', 'M', '1995/04/10', 'DEN'),
(207, 'BLACKWELL Chase', 'M', '1994/01/01', 'USA'),
(208, 'BLAIRON Nils', 'M', '2002/11/08', 'FRA'),
(209, 'BLAIS Danae', 'F', '1999/05/10', 'CAN'),
(210, 'BLANC Malorie', 'F', '2004/01/6', 'SUI'),
(211, 'BLICHFELD Joachim', 'M', '1998/07/17', 'DEN'),
(212, 'BLIZZARD Sarah', 'F', '1996/10/19', 'AUS'),
(213, 'BLOEMEN Ted-Jan', 'M', '1986/08/16', 'CAN'),
(214, 'BLOIS de Glenn', 'M', '1995/09/5', 'NED'),
(215, 'BLONDIN Ivanie', 'F', '1990/04/2', 'CAN'),
(216, 'BLOUIN Laurie', 'F', '1996/04/7', 'CAN'),
(217, 'BLUGERS Teodors', 'M', '1994/08/15', 'LAT'),
(218, 'BOCH Margot', 'F', '1999/06/13', 'FRA'),
(219, 'BOCOCK Mary', 'F', '2003/10/07', 'USA'),
(220, 'BOER Teun', 'M', '2001/05/5', 'NED'),
(221, 'BOERSMA Anna', 'F', '2001/04/2', 'NED'),
(222, 'BOESCH Fabian', 'M', '1997/07/6', 'SUI'),
(223, 'BOGDANOVA Kitija', 'F', '2004/04/12', 'LAT'),
(224, 'BOHAC Radek', 'M', '1977/12/26', 'CZE'),
(225, 'BOLDY Matt', 'M', '2001/04/5', 'USA'),
(226, 'BONAFINI Eleonora', 'F', '1995/02/17', 'ITA'),
(227, 'BONDARE Liene', 'F', '1996/02/21', 'LAT'),
(228, 'BORGNAES Christian', 'M', '1996/03/19', 'DEN'),
(229, 'BORGULA Jakub', 'M', '2004/09/21', 'SVK'),
(230, 'BORKOVSKYI Bohdan', 'M', '2004/04/18', 'UKR'),
(231, 'BORMOLINI Maurizio', 'M', '1994/02/24', 'ITA'),
(232, 'BOS Kimberley', 'F', '1993/10/7', 'NED'),
(233, 'BOSCACCI Michele', 'M', '1990/01/4', 'ITA'),
(234, 'BOSCO Emma', 'F', '2003/01/25', 'AUS'),
(235, 'BOSCQ Jules', 'M', '2002/02/22', 'FRA'),
(236, 'BOSIEK Karolina', 'F', '2000/02/20', 'POL'),
(237, 'BOSKER Marcel', 'M', '1997/01/19', 'NED'),
(238, 'BOSMAN Christian', 'M', '2005/01/31', 'SVK'),
(239, 'BOTA Elina', 'F', '2000/04/14', 'LAT'),
(240, 'BOTN Johan-Olav', 'M', '1999/06/18', 'NOR'),
(241, 'BOTS Martins', 'M', '1999/05/12', 'LAT'),
(242, 'BOUCHARD Eli', 'M', '2007/12/12', 'CAN'),
(243, 'BOUDIN Clemence', 'F', '2008/06/01', 'FRA'),
(244, 'BOUDON Louis', 'M', '1998/10/4', 'FRA'),
(245, 'BOUFFARD-NESBITT Olivia', 'F', '1992/08/30', 'CAN'),
(246, 'BOUTIN Kim', 'F', '1994/12/16', 'CAN'),
(247, 'BOUVARD Eve', 'F', '1999/09/18', 'BEL'),
(248, 'BOUVENG Josefin', 'F', '2001/05/15', 'SWE'),
(249, 'BOWE Brittany', 'F', '1988/02/24', 'USA'),
(250, 'BOYD-CLOWES Mackenzie', 'M', '1991/07/13', 'CAN'),
(251, 'BOZON Kevin', 'M', '1995/12/30', 'FRA'),
(252, 'BOZZOLO Loan', 'M', '1999/05/4', 'FRA'),
(253, 'BRADLEY Matt', 'M', '1999/09/19', 'ITA'),
(254, 'BRAENDLI Andrea', 'F', '1997/06/05', 'SUI'),
(255, 'BRAISAZ-BOUCHET Justine', 'F', '1996/07/04', 'FRA'),
(256, 'BRANDT Viktor', 'M', '1999/07/8', 'SWE'),
(257, 'BRATT Jesper', 'M', '1998/07/30', 'SWE'),
(258, 'BRAUN Violette', 'F', '2006/09/15', 'FRA'),
(259, 'BRAUNHOFER Patrick', 'M', '1998/04/19', 'ITA'),
(260, 'BRECL Gasper', 'M', '1999/11/18', 'SLO'),
(261, 'BRENNAN Rosie', 'F', '1988/12/2', 'USA'),
(262, 'BRENNSTEINER Stefan', 'M', '1991/10/3', 'AUT'),
(263, 'BRESADOLA Giovanni', 'M', '2001/02/17', 'ITA'),
(264, 'BRIG0 Federica', 'F', '1990/07/14', 'ITA'),
(265, 'BRIGNONE Federica', 'F', '1990/07/14', 'ITA'),
(266, 'BRIGUET Robin', 'M', '1999/05/11', 'SUI'),
(267, 'BRISSAUD Geoffrey', 'M', '1998/03/23', 'FRA'),
(268, 'BRITCHER Summer', 'F', '1994/03/21', 'USA'),
(269, 'BRITSCHGI Lukas', 'M', '1998/02/17', 'SUI'),
(270, 'BROBERG Philip', 'M', '2001/06/25', 'SWE'),
(271, 'BROOKES Mia', 'F', '2007/01/19', 'GBR'),
(272, 'BROWN Axel', 'M', '1992/04/2', 'TTO'),
(273, 'BROWN Indra', 'F', '2010/01/29', 'AUS'),
(274, 'BROWN Rachel', 'F', '1980/07/2', 'CAN'),
(275, 'BRUDERMANN Katharina', 'F', '1999/02/03', 'AUT'),
(276, 'BRUGGELING Keaton', 'M', '1998/10/23', 'CAN'),
(277, 'BRUGGER Janosch', 'M', '1997/06/6', 'GER'),
(278, 'BRUGGISSER Phillip', 'M', '1991/08/7', 'DEN'),
(279, 'BRUNELLE Florence', 'F', '2003/12/20', 'CAN'),
(280, 'BRUNET Cedrick', 'M', '2000/11/26', 'CAN'),
(281, 'BRUNGA Lisa', 'F', '2008/12/01', 'ALB'),
(282, 'BRUNNER Blanca', 'F', '2003/09/27', 'HUN'),
(283, 'BRUNNER Stephanie', 'F', '1994/02/20', 'AUT'),
(284, 'BRUSIC Josip', 'M', '2002/05/25', 'CAN'),
(285, 'BRYJA Sebastian', 'M', '2002/02/11', 'POL'),
(286, 'BRYKINA Anhelina', 'F', '2004/08/8', 'UKR'),
(287, 'BU LUER', 'M', '2005/12/21', 'CHN'),
(288, 'BUCHER Heidi', 'F', '1982/12/12', 'AUT'),
(289, 'BUCHI Annic', 'F', '2005/04/2', 'SUI'),
(290, 'BUCHUKURI Luka', 'M', '2004/05/20', 'GEO'),
(291, 'BUCIK JOGAN Ana', 'F', '1993/07/21', 'SLO'),
(292, 'BUCK Kaylie', 'F', '2000/02/20', 'CAN'),
(293, 'BUCKWITZ Lisa', 'F', '1994/12/2', 'GER'),
(294, 'BUEHLER Mauro', 'M', '1989/10/04', 'LIE'),
(295, 'BUENEMANN de BESCHE Anne', 'F', '2000/05/27', 'DEN'),
(296, 'BUFF Vinzenz', 'M', '2001/10/02', 'SUI'),
(297, 'BUKARTS Rihards', 'M', '1995/12/31', 'LAT'),
(298, 'BUKARTS Roberts', 'M', '1990/06/27', 'LAT'),
(299, 'BUKI Adam', 'M', '1995/05/24', 'HUN'),
(300, 'BUKOWSKA-CHYC Maria', 'F', '1999/02/20', 'POL'),
(301, 'BULINA Sanita', 'F', '2001/04/4', 'LAT'),
(302, 'BURGENER Patrick', 'M', '1994/06/1', 'BRA'),
(303, 'BURGER Nicole', 'F', '1994/05/11', 'RSA'),
(304, 'BURIC Katarina', 'F', '1997/02/16', 'CRO'),
(305, 'BURKHALTER Joscha', 'M', '1996/07/11', 'SUI'),
(306, 'BURRI Ariane', 'F', '2000/04/14', 'SUI'),
(307, 'BURY Dominik', 'M', '1996/11/29', 'POL'),
(308, 'BUTA George', 'M', '1993/05/4', 'ROU'),
(309, 'BUZATOIU Ioana-Corina', 'F', '2002/01/22', 'ROU'),
(310, 'CABECA Jose', 'M', '1996/03/5', 'POR'),
(311, 'CABROL Camille', 'F', '1997/12/25', 'FRA'),
(312, 'CACINA Daniel Andrei', 'M', '2001/10/17', 'ROU'),
(313, 'CACKETT Greg', 'M', '1989/11/14', 'GBR'),
(314, 'CAFFONT Elisa', 'F', '1999/02/17', 'ITA'),
(315, 'CAI Xuetong', 'F', '1993/09/26', 'CHN'),
(316, 'CAJANOVA Sara', 'F', '2002/12/10', 'CZE'),
(317, 'CAKMAKLI Sabrina', 'F', '1994/11/25', 'GER'),
(318, 'CAMINAL SANTURE Jordina', 'F', '2003/10/03', 'AND'),
(319, 'CANTAGALLO Enzo', 'M', '1998/10/19', 'FRA'),
(320, 'CANTER Jake', 'M', '2003/07/19', 'USA'),
(321, 'CARDONA COLL Oriol', 'M', '1994/10/7', 'ESP'),
(322, 'CAROLLO Martino', 'M', '2003/06/19', 'ITA'),
(323, 'CARPENTER Alex', 'F', '1994/04/13', 'USA'),
(324, 'CARRARA Michela', 'F', '1997/10/5', 'ITA'),
(325, 'CARREIRA Christina', 'F', '2000/04/3', 'USA'),
(326, 'CARRILLO Donovan', 'M', '1999/11/17', 'MEX'),
(327, 'CARROLL Avital', 'F', '1996/04/24', 'AUT'),
(328, 'CARTAGENA Alexander', 'M', '1997/06/18', 'GBR'),
(329, 'CASANOVA Gian', 'M', '2000/04/05', 'SUI'),
(330, 'CASERMAN Manca', 'F', '2006/09/28', 'SLO'),
(331, 'CASHMAN Keely', 'F', '1999/04/4', 'USA'),
(332, 'CASPER Daniel', 'M', '2001/06/18', 'USA'),
(333, 'CASSE Mattia', 'M', '1990/02/19', 'ITA'),
(334, 'CASSINELLI Andrea', 'M', '1993/09/2', 'ITA'),
(335, 'CASSOL Federica', 'F', '2000/05/8', 'ITA'),
(336, 'CASTA Lea', 'F', '2006/02/10', 'FRA'),
(337, 'CASTELLET IBANEZ Queralt', 'F', '1989/06/17', 'ESP'),
(338, 'CATER Martin', 'M', '1992/12/20', 'SLO'),
(339, 'CAUMO Anna', 'F', '2002/02/16', 'ITA'),
(340, 'CAVALLERI Noemi', 'F', '2001/01/30', 'ITA'),
(341, 'CAVET Benjamin', 'M', '1994/01/1', 'FRA'),
(342, 'CAVIEZEL Dario', 'M', '1995/07/12', 'SUI'),
(343, 'CAVIEZEL Ladina', 'F', '1992/06/10', 'SUI'),
(344, 'CECCARELLI Francis', 'M', '2003/11/15', 'PHI'),
(345, 'CECON Francesco', 'M', '2001/11/13', 'ITA'),
(346, 'CEHLARIK Peter', 'M', '1995/08/2', 'SVK'),
(347, 'CELEBRINI Macklin', 'M', '2006/06/13', 'CAN'),
(348, 'CENEK Tomas', 'M', '2007/06/12', 'SVK'),
(349, 'CEPURAN Ethan', 'M', '2000/05/13', 'USA'),
(350, 'CERESNAK Peter', 'M', '1993/01/26', 'SVK'),
(351, 'CERNAK Erik', 'M', '1997/05/28', 'SVK'),
(352, 'CERNANSKA Viktoria', 'F', '2002/03/29', 'SVK'),
(353, 'CERNOVSKY Marek', 'M', '1994/10/28', 'CZE'),
(354, 'CERNY Ondrej', 'M', '1999/03/4', 'CZE'),
(355, 'CERUTTI Camille', 'F', '1998/12/22', 'FRA'),
(356, 'CERVENKA Roman', 'M', '1985/12/10', 'CZE'),
(357, 'CHA Junhwan', 'M', '2001/10/21', 'KOR'),
(358, 'CHABICOVSKY Vit', 'M', '2004/05/19', 'CZE'),
(359, 'CHAE Byungdo', 'M', '2001/11/24', 'KOR'),
(360, 'CHAKIACHVILI Florian', 'M', '1992/03/18', 'FRA'),
(361, 'CHALYK Daryna', 'F', '2001/08/19', 'UKR'),
(362, 'CHAN Emily', 'F', '1997/08/11', 'USA'),
(363, 'CHAN Jason', 'M', '1996/08/12', 'AUS'),
(364, 'CHANAVAT Lucas', 'M', '1994/12/17', 'FRA'),
(365, 'CHANG Troy Samuel', 'M', '2005/12/22', 'TPE'),
(366, 'CHANLOUNG Karen', 'F', '1996/07/1', 'THA'),
(367, 'CHANLOUNG Mark', 'M', '1995/02/9', 'THA'),
(368, 'CHANNELL Jane', 'F', '1988/08/23', 'CAN'),
(369, 'CHAPPAZ Jules', 'M', '1999/03/4', 'FRA'),
(370, 'CHARALAMPIDOU Konstantina', 'F', '2002/07/13', 'GRE'),
(371, 'CHARVATOVA Lucie', 'F', '1993/02/1', 'CZE'),
(372, 'CHEN Meiting', 'F', '2005/04/03', 'CHN'),
(373, 'CHEN Menachem', 'M', '2000/11/01', 'ISR'),
(374, 'CHEN Wenhao', 'M', '1996/11/29', 'CHN'),
(375, 'CHEN Ying-Chu', 'F', '1995/02/18', 'TPE'),
(376, 'CHERVET Emma', 'F', '2003/12/31', 'FRA'),
(377, 'CHERVET Jules', 'M', '2003/12/31', 'FRA'),
(378, 'CHESI Andrea', 'F', '2003/10/06', 'ITA'),
(379, 'CHEVRIER Marion', 'F', '2001/06/11', 'FRA'),
(380, 'CHI Chunxue', 'F', '1998/01/4', 'CHN'),
(381, 'CHIBA Mone', 'F', '2005/05/1', 'JPN'),
(382, 'CHLAPIK Filip', 'M', '1997/06/3', 'CZE'),
(383, 'CHMIELEWSKI Wojciech', 'M', '1995/04/13', 'POL'),
(384, 'CHO Seungmin', 'M', '2007/12/06', 'KOR'),
(385, 'CHO Wanhee', 'M', '1998/12/23', 'KOR'),
(386, 'CHOCK Madison', 'F', '1992/07/2', 'USA'),
(387, 'CHOI Dujin', 'M', '1995/02/03', 'KOR'),
(388, 'CHOI Gaon', 'F', '2008/11/3', 'KOR'),
(389, 'CHOI Minjeong', 'F', '1998/09/09', 'KOR'),
(390, 'CHOLENSKA Diana', 'F', '2003/10/07', 'CZE'),
(391, 'CHOLLET Aidan', 'M', '2008/11/5', 'FRA'),
(392, 'CHOLLET Jonas', 'M', '2008/11/5', 'FRA'),
(393, 'CHOURA Krystof', 'M', '2000/09/23', 'CZE'),
(394, 'CHRISTEN Eliane', 'F', '1999/01/19', 'SUI'),
(395, 'CHRISTEN Lara', 'F', '2002/10/2', 'SUI'),
(396, 'CHRISTIANSEN Vetle Sjaastad', 'M', '1992/05/12', 'NOR'),
(397, 'CHRISTOF Nina', 'F', '2003/08/18', 'GER'),
(398, 'CHTCHETININA Ioulia', 'F', '1995/12/24', 'POL'),
(399, 'CHU Yuanmeng', 'F', '1999/11/21', 'CHN'),
(400, 'CHUN Suhyun', 'M', '1999/07/26', 'KOR'),
(401, 'CHUNG Jae-Won', 'M', '2001/06/21', 'KOR'),
(402, 'CIBULSKIS Oskars', 'M', '1988/04/9', 'LAT'),
(403, 'CIDAN YUZHEN', 'F', '2006/09/10', 'CHN'),
(404, 'CIGAK Nikita', 'M', '2002/11/29', 'LTU'),
(405, 'CINGEL Lukas', 'M', '1992/06/10', 'SVK'),
(406, 'CIZERON Guillaume', 'M', '1994/11/12', 'FRA'),
(407, 'CLARA Damian', 'M', '2005/01/13', 'ITA'),
(408, 'CLARK Emily', 'F', '1995/11/28', 'CAN'),
(409, 'CLARKE Hallie', 'F', '2004/04/13', 'CAN'),
(410, 'CLARKE Skye', 'F', '2002/10/17', 'CAN'),
(411, 'CLAUDE Emilien', 'M', '1999/06/13', 'FRA'),
(412, 'CLAUDE Fabien', 'M', '1994/12/22', 'FRA'),
(413, 'CLAUDE Florent', 'M', '1991/11/11', 'BEL'),
(414, 'CLAUDEL Delphine', 'F', '1996/03/23', 'FRA'),
(415, 'CLAVEAU-LAVIOLETTE Nicolas', 'M', '2005/06/25', 'VEN'),
(416, 'CLERC Mialitiana', 'F', '2001/11/16', 'MAD'),
(417, 'CLIFT Mia', 'F', '2004/08/2', 'AUS'),
(418, 'CLOETENS Maya', 'F', '2002/01/8', 'BEL'),
(419, 'CLUGNET James', 'M', '1996/12/4', 'GBR'),
(420, 'COADY Tess', 'F', '2000/11/2', 'AUS'),
(421, 'COCHRAN-SIEGLE Ryan', 'M', '1992/03/27', 'USA'),
(422, 'COJOCARU Gabriel', 'M', '2003/06/26', 'ROU'),
(423, 'COLBY Jason', 'M', '2006/03/30', 'USA'),
(424, 'COLELL PANTEBRE Marc', 'M', '2005/09/10', 'ESP'),
(425, 'COLTEA George', 'M', '2000/05/17', 'ROU'),
(426, 'COLTMAN Amelia', 'F', '1996/04/5', 'GBR'),
(427, 'COLTURI Lara', 'F', '2006/11/15', 'ALB'),
(428, 'COMARELLA Anna', 'F', '1997/03/12', 'ITA'),
(429, 'COMBY Berenice', 'F', '2006/05/30', 'FRA'),
(430, 'COMERFORD Cormac', 'M', '1996/09/11', 'IRL'),
(431, 'CONFORTOLA Elisa', 'F', '2002/04/2', 'ITA'),
(432, 'CONIJN Merel', 'F', '2001/10/19', 'NED'),
(433, 'CONNELLY Zachary', 'M', '2001/09/26', 'CAN'),
(434, 'CONNOR Kyle', 'M', '1996/12/9', 'USA'),
(435, 'CONRADT Niels', 'M', '2002/12/22', 'GER'),
(436, 'CONSTANTINI Stefania', 'F', '1999/04/15', 'ITA'),
(437, 'CONTI Sara', 'F', '2000/08/2', 'ITA'),
(438, 'CORATTI Jasmin', 'F', '2001/08/5', 'ITA'),
(439, 'COREY Brendan', 'M', '1997/01/21', 'AUS'),
(440, 'CORNELL PATO Nora', 'F', '2005/09/02', 'ESP'),
(441, 'CORNELLA GUITART Xavier', 'M', '2001/02/17', 'AND'),
(442, 'CORONA Allan', 'M', '1990/02/16', 'MEX'),
(443, 'COSTA DIEZ Maria', 'F', '2002/11/28', 'ESP'),
(444, 'COSTA Samuel', 'M', '1992/11/30', 'ITA'),
(445, 'COSTELLA Anna', 'F', '2002/07/30', 'ITA'),
(446, 'COUSIN Sixtine', 'F', '1999/10/23', 'SUI'),
(447, 'COYNE Kendall', 'F', '1992/05/25', 'USA'),
(448, 'CRACIUN Eduard-Mihai', 'M', '2000/10/29', 'ROU'),
(449, 'CRAWFORD James', 'M', '1997/05/3', 'CAN'),
(450, 'CRETU Valentin', 'M', '1989/09/9', 'ROU'),
(451, 'CRIDLAND Phoebe', 'F', '2003/01/25', 'AUS'),
(452, 'CRINON Pierre', 'M', '1995/08/2', 'FRA'),
(453, 'CRNKOVIC Kresimir', 'M', '1995/01/4', 'CRO'),
(454, 'CROSBY Sidney', 'M', '1987/08/7', 'CAN'),
(455, 'CRV Vili', 'M', '1999/02/19', 'SLO'),
(456, 'CULLY Rebeka', 'F', '1995/09/7', 'SVK'),
(457, 'CURL Britta', 'F', '2000/03/20', 'USA'),
(458, 'CURRAN Connor', 'M', '2004/09/23', 'USA'),
(459, 'CURTIS Kelly', 'F', '1989/01/25', 'USA'),
(460, 'CURTONI Elena', 'F', '1991/02/3', 'ITA'),
(461, 'CVETANOVSKA Ana', 'F', '2000/12/06', 'MKD'),
(462, 'CYR Antoine', 'M', '1998/09/18', 'CAN'),
(463, 'CZERWONKA Natalia', 'F', '1988/10/20', 'POL'),
(464, 'D''ANTONIO Giada', 'F', '2009/05/28', 'ITA'),
(465, 'DACRES Andrae', 'M', '2001/04/20', 'JAM'),
(466, 'DAHLIN Rasmus', 'M', '2000/04/13', 'SWE'),
(467, 'DAHLQVIST Maja', 'F', '1994/04/15', 'SWE'),
(468, 'DAINYTE Ieva', 'F', '2005/02/24', 'LTU'),
(469, 'DAIR Aurelien', 'M', '1999/09/10', 'FRA'),
(470, 'DAL FARRA Franco', 'M', '2000/07/16', 'ARG'),
(471, 'DALE-SKJEVDAL Johannes', 'M', '1997/05/23', 'NOR'),
(472, 'DALMASSO Lucia', 'F', '1997/05/28', 'ITA'),
(473, 'DANCHA Annamari', 'F', '1990/03/26', 'UKR'),
(474, 'DANDJINOU William', 'M', '2001/10/1', 'CAN'),
(475, 'DANIELOVA Maria', 'F', '2001/09/21', 'SVK'),
(476, 'DANILOVA Daria', 'F', '2002/09/8', 'NED'),
(477, 'DANKSAGMUELLER Christoph', 'M', '2002/06/05', 'AUT'),
(478, 'DAPRA Simone', 'M', '1997/06/19', 'ITA'),
(479, 'DAUGAVINS Kaspars', 'M', '1988/05/18', 'LAT'),
(480, 'DAUTI Semire', 'F', '2007/04/13', 'ALB'),
(481, 'DAVIDOVA Marketa', 'F', '1997/01/3', 'CZE'),
(482, 'DAVIES Joe', 'M', '2001/02/27', 'GBR'),
(483, 'DAVIES Oliver', 'M', '1997/05/17', 'GBR'),
(484, 'DAVIS Diana', 'F', '2003/01/16', 'GEO'),
(485, 'DAWSON Casey', 'M', '2000/08/2', 'USA'),
(486, 'DEARBORN Jay', 'M', '1994/06/15', 'CAN'),
(487, 'DECLEMENTE Clayton', 'M', '1999/09/16', 'USA'),
(488, 'DEFAYET Lucas', 'M', '1997/04/23', 'FRA'),
(489, 'DEHLINGER Quinn', 'M', '2002/06/8', 'USA'),
(490, 'DEKKER Michelle', 'F', '1996/03/18', 'NED'),
(491, 'DELAGO Nadia', 'F', '1997/11/12', 'ITA'),
(492, 'DELAGO Nicol', 'F', '1996/01/5', 'ITA'),
(493, 'DELIPARA Teodora', 'F', '2006/11/13', 'BIH'),
(494, 'DELKA Kellie', 'F', '1987/12/25', 'PUR'),
(495, 'DELLA MEA Lara', 'F', '1999/01/10', 'ITA'),
(496, 'DELLA ROVERE Kristin', 'F', '2000/11/30', 'ITA'),
(497, 'DELTRAP Zoe Florence', 'F', '2005/03/24', 'NED'),
(498, 'DEROMEDIS Simone', 'M', '2000/04/2', 'ITA'),
(499, 'DERUGO Anna', 'F', '2003/11/19', 'AIN'),
(500, 'DESBIENS Ann-Renee', 'F', '1994/04/10', 'CAN'),
(501, 'DESCHAMPS Dylan', 'M', '2002/12/12', 'CAN'),
(502, 'DESCHAMPS Germain', 'M', '1991/12/20', 'FRA'),
(503, 'DESCHAMPS Maxime', 'M', '1991/12/20', 'CAN'),
(504, 'DESCHWANDEN Gregor', 'M', '1991/02/27', 'SUI'),
(505, 'DESLOGES Mathis', 'M', '2002/05/1', 'FRA'),
(506, 'DESMARAIS-GILBERT Laurianne', 'F', '1997/05/11', 'CAN'),
(507, 'DESMET Hanne', 'F', '1996/10/26', 'BEL'),
(508, 'DESMET Stijn', 'M', '1998/04/10', 'BEL'),
(509, 'DETRAZ Romain', 'M', '1993/12/21', 'SUI'),
(510, 'DEWAGTERE Adriaan', 'M', '2001/07/04', 'BEL'),
(511, 'DHAWORNVEJ Lily', 'F', '2009/08/14', 'USA'),
(512, 'DHONDT Brooke', 'F', '2005/05/09', 'CAN'),
(513, 'DIAZ GONZALEZ Nahiara', 'F', '2004/01/25', 'ARG'),
(514, 'DICHOW Frederik', 'M', '2001/03/1', 'DEN'),
(515, 'DIDIERLAURENT Clemence', 'F', '2002/06/20', 'FRA'),
(516, 'DIECK Tim', 'M', '1996/04/7', 'ESP'),
(517, 'DIGBY Luke', 'M', '2001/02/5', 'GBR'),
(518, 'DIGGINS Jessie', 'F', '1991/08/26', 'USA'),
(519, 'DIGIACINTO Cristiano', 'M', '1996/01/10', 'ITA'),
(520, 'DIGREGORIO Zachary', 'M', '2001/11/14', 'USA'),
(521, 'DIMITROVA Valentina', 'F', '2003/09/03', 'BUL'),
(522, 'DINESCU Constantin', 'M', '2002/10/14', 'ROU'),
(523, 'DING Yunda', 'M', '2003/05/09', 'CHN'),
(524, 'DINIZ Sebas', 'M', '2002/01/16', 'NED'),
(525, 'DIREZ Clara', 'F', '1995/04/5', 'FRA'),
(526, 'DMYTRENKO Khrystyna', 'F', '1999/05/31', 'UKR'),
(527, 'DOAK Rikki', 'F', '1997/10/10', 'CAN'),
(528, 'DODDS Jennifer', 'F', '1991/10/1', 'GBR'),
(529, 'DOERIG Anouk', 'F', '2002/10/05', 'SUI'),
(530, 'DOHERTY Sean', 'M', '1995/06/05', 'USA'),
(531, 'DOMARADZKA Klaudia', 'F', '2000/03/29', 'POL'),
(532, 'DOMBEK Hendrik', 'M', '1997/06/17', 'GER'),
(533, 'DOMBROVSKI Karol', 'M', '1991/06/8', 'LTU'),
(534, 'DOMOWICZ Nikola', 'F', '2002/08/30', 'POL'),
(535, 'DONG Bing', 'F', '1996/12/10', 'CHN'),
(536, 'DONG Yuyue', 'F', '2006/09/03', 'CHN'),
(537, 'DONG Ziqi', 'F', '1999/04/3', 'CHN'),
(538, 'DOSSA Kyra', 'F', '2004/01/24', 'USA'),
(539, 'DOSTAL Lukas', 'M', '2000/06/22', 'CZE'),
(540, 'DOUAY Floran', 'M', '1995/02/7', 'FRA'),
(541, 'DOUGHTY Drew', 'M', '1989/12/8', 'CAN'),
(542, 'DOVHAL Sofiia', 'F', '2006/12/8', 'POL'),
(543, 'DOVZAN Miha', 'M', '1994/01/22', 'SLO'),
(544, 'DRAHUN Dmytro', 'M', '1997/12/30', 'UKR'),
(545, 'DRAISAITL Leon', 'M', '1995/10/27', 'GER'),
(546, 'DREMLJUGA Karl Sebastian', 'M', '2001/03/15', 'EST'),
(547, 'DRION du CHAPOIS Maximilien', 'M', '1997/09/28', 'BEL'),
(548, 'DRIVENES Julie Bjervig', 'F', '1999/09/23', 'NOR'),
(549, 'DROLET Jasmine', 'F', '2002/07/20', 'CAN'),
(550, 'DROLET Remi', 'M', '2000/08/31', 'CAN'),
(551, 'DROPKIN Korey', 'M', '1995/06/11', 'USA'),
(552, 'DRUKAROV Andrej', 'M', '1999/05/10', 'LTU'),
(553, 'DRURY Kevin', 'M', '1988/07/20', 'CAN'),
(554, 'DUAUX Marie', 'F', '2004/04/27', 'FRA'),
(555, 'DUBOIS Steven', 'M', '1997/05/1', 'CAN'),
(556, 'DUBOVSKA Martina', 'F', '1992/02/27', 'CZE'),
(557, 'DUBREUIL Laurent', 'M', '1992/07/25', 'CAN'),
(558, 'DUDCHENKO Anton', 'M', '1996/12/17', 'UKR'),
(559, 'DUERR Lena', 'F', '1991/08/04', 'GER'),
(560, 'DUKACH Anton', 'M', '1995/07/30', 'UKR'),
(561, 'DUMONT ZANELLA Kim', 'F', '2005/10/01', 'FRA'),
(562, 'DUNNE Joy', 'F', '2005/06/13', 'USA'),
(563, 'DUPLESSIS-KERGOMARD Youri', 'M', '1996/04/3', 'FRA'),
(564, 'DUPONT Denise', 'F', '1984/05/24', 'DEN'),
(565, 'DUPONT Madeleine', 'F', '1987/05/26', 'DEN'),
(566, 'DURANTE Gabriella', 'F', '2001/01/20', 'ITA'),
(567, 'DURRER Delia', 'F', '2002/11/14', 'SUI'),
(568, 'DURSUN Irem', 'F', '2005/08/26', 'TUR'),
(569, 'DUSEK Jakob', 'M', '1996/11/19', 'AUT'),
(570, 'DUVIN Estelle', 'F', '1997/02/1', 'FRA'),
(571, 'DVORSKY Dalibor', 'M', '2005/06/15', 'SVK'),
(572, 'DYRSET Sigurd Holbo', 'M', '2004/04/21', 'NOR'),
(573, 'DYUSSENOV Asset', 'M', '1997/01/15', 'KAZ'),
(574, 'DZHIMA Yuliia', 'F', '1990/09/19', 'UKR'),
(575, 'DZIERKALS Martins', 'M', '1997/04/4', 'LAT'),
(576, 'EDELMAN Adam', 'M', '1991/03/14', 'ISR'),
(577, 'EDER Lisa', 'F', '2001/08/12', 'AUT'),
(578, 'EDER Simon', 'M', '1983/02/23', 'AUT'),
(579, 'EDIN Niklas', 'M', '1985/07/6', 'SWE'),
(580, 'EDWARDS Laila', 'F', '2004/01/25', 'USA'),
(581, 'EFIMOV Simon', 'M', '1996/10/14', 'AIN'),
(582, 'EGADZE Nika', 'M', '2002/04/2', 'GEO'),
(583, 'EGGERT Toni', 'M', '1988/05/12', 'GER'),
(584, 'EGLE Haralds', 'M', '1996/05/11', 'LAT'),
(585, 'EGLE Selina', 'F', '2003/01/15', 'AUT'),
(586, 'EGUIBAR BRETON Lucas', 'M', '1994/02/9', 'ESP'),
(587, 'EHL Alexander', 'M', '1999/11/28', 'GER'),
(588, 'EHLERS Nikolaj', 'M', '1996/02/14', 'DEN'),
(589, 'EICHEL Jack', 'M', '1996/10/28', 'USA'),
(590, 'EIDUKA Patricija', 'F', '2000/02/1', 'LAT'),
(591, 'EIE Sandra', 'F', '1995/11/14', 'NOR'),
(592, 'EILERS Natalie', 'F', '1998/10/31', 'CAN'),
(593, 'EITBERGER Dajana', 'F', '1991/01/7', 'GER'),
(594, 'EITREM Sander', 'M', '2002/02/12', 'NOR'),
(595, 'EKMAN-LARSSON Oliver', 'M', '1991/07/17', 'SWE'),
(596, 'EL HAYEK Andrea Elie Antoine', 'M', '2008/10/25', 'LBN'),
(597, 'ELANTKOWSKI Jan', 'M', '2000/09/23', 'POL'),
(598, 'ELEZI CANNAFERINA Alban', 'M', '2003/09/15', 'FRA'),
(599, 'ELLER Lars', 'M', '1989/05/8', 'DEN'),
(600, 'ELLIS Trinity', 'F', '2002/04/28', 'CAN'),
(601, 'EMBACHER Stephan', 'M', '2006/01/12', 'AUT'),
(602, 'EMONS Friso', 'M', '1998/10/5', 'NED'),
(603, 'EMONTS Marisa', 'F', '2005/11/18', 'BEL'),
(604, 'ENDRESTAD Sebastian', 'M', '1998/11/24', 'CHI'),
(605, 'ENKHBAYAR Ariuntungalag', 'F', '1997/01/15', 'MGL'),
(606, 'ENZLER Rahel', 'F', '2000/07/30', 'SUI'),
(607, 'ERIC Strahinja', 'M', '2001/05/24', 'BIH'),
(608, 'ERIKSEN Jenny Axisa', 'F', '2005/04/04', 'MLT'),
(609, 'ERIKSSON EK Joel', 'M', '1997/01/29', 'SWE'),
(610, 'ERIKSSON Oskar', 'M', '1991/05/29', 'SWE'),
(611, 'ERMITS Regina', 'F', '1996/01/31', 'EST'),
(612, 'ERRARD Anouck', 'F', '1999/02/25', 'FRA'),
(613, 'ESCANE Doriane', 'F', '1999/01/08', 'FRA'),
(614, 'ESKRICK-PARKINSON Yohan', 'M', '2000/06/22', 'CAN'),
(615, 'ESTEVE ALTIMIRAS Ireneu', 'M', '1996/06/21', 'AND'),
(616, 'ETTEL Kona', 'F', '2007/05/11', 'GER'),
(617, 'ETTEL Leilani', 'F', '2001/07/05', 'GER'),
(618, 'EURINGER Helena', 'F', '2006/05/25', 'GER'),
(619, 'EVELYN Mike', 'M', '1993/04/13', 'CAN'),
(620, 'EYBOG Daniil', 'M', '1997/03/20', 'UZB'),
(621, 'FABBRI Marco', 'M', '1988/02/2', 'ITA'),
(622, 'FABER Brock', 'M', '2002/08/22', 'USA'),
(623, 'FABRE Dylan', 'M', '2000/11/10', 'FRA'),
(624, 'FADANI Davide', 'M', '2001/02/3', 'ITA'),
(625, 'FAEHNDRICH Nadine', 'F', '1995/10/16', 'SUI'),
(626, 'FAK Jakov', 'M', '1987/08/1', 'SLO'),
(627, 'FAKSA Radek', 'M', '1994/01/9', 'CZE'),
(628, 'FAN Kexin', 'F', '1993/09/19', 'CHN'),
(629, 'FANTAZZINI Eric', 'M', '1996/04/27', 'ITA'),
(630, 'FANTIN Matilde', 'F', '2007/01/1', 'ITA'),
(631, 'FARQUHARSON Ashley', 'F', '1999/03/16', 'USA'),
(632, 'FARRELL Lyon', 'M', '1998/11/22', 'NZL'),
(633, 'FARTHOFER Alexander', 'M', '2005/04/07', 'AUT'),
(634, 'FAST Renata', 'F', '1994/10/6', 'CAN'),
(635, 'FATTON Marianne', 'F', '1995/12/16', 'SUI'),
(636, 'FAWARSEH Ward', 'M', '1995/03/04', 'ISR'),
(637, 'FEAR Lilah', 'F', '1999/06/11', 'GBR'),
(638, 'FEARON Joel', 'M', '1988/10/11', 'JAM'),
(639, 'FEDEL Martina', 'F', '2002/12/20', 'ITA'),
(640, 'FEHERVARY Martin', 'M', '1999/10/6', 'SVK'),
(641, 'FEI Xueqing', 'M', '2002/05/4', 'CHN'),
(642, 'FEIGIN Alexandra', 'F', '2002/12/22', 'BUL'),
(643, 'FELDERER Leon', 'M', '2000/01/30', 'ITA'),
(644, 'FELDMEIER Franziska', 'F', '1999/02/5', 'GER'),
(645, 'FELICETTI Mirko', 'M', '1992/07/15', 'ITA'),
(646, 'FELLER Manuel', 'M', '1992/10/13', 'AUT'),
(647, 'FERCOQ Quentin', 'M', '1999/03/5', 'FRA'),
(648, 'FERLAZZO Alexander', 'M', '1995/04/3', 'AUS'),
(649, 'FERNSTAEDT Anna', 'F', '1996/11/23', 'CZE'),
(650, 'FERRARI Filippo', 'M', '1999/12/04', 'ITA'),
(651, 'FERREIRA Alex', 'M', '1994/08/14', 'USA'),
(652, 'FERRER MARTINEZ Ot', 'M', '2002/03/25', 'ESP'),
(653, 'FESTIN Victoria', 'F', '2001/05/10', 'AUT'),
(654, 'FEURSTEIN Lukas', 'M', '2001/05/18', 'AUT'),
(655, 'FEURSTEIN Patrick', 'M', '1996/12/1', 'AUT'),
(656, 'FIALA Kevin', 'M', '1996/07/22', 'SUI'),
(657, 'FILIPPOV Nikita', 'M', '2002/11/22', 'AIN'),
(658, 'FILLIER Sarah', 'F', '2000/06/9', 'CAN'),
(659, 'FILLON MAILLET Quentin', 'M', '1992/08/16', 'FRA'),
(660, 'FINELLO Jeremy', 'M', '1992/05/13', 'SUI'),
(661, 'FINK Pia', 'F', '1995/07/10', 'GER'),
(662, 'FIRESTONE Jared', 'M', '1990/03/30', 'ISR'),
(663, 'FISCHER Florian', 'M', '1981/08/4', 'GER'),
(664, 'FISCHER Jana', 'F', '1999/05/8', 'GER'),
(665, 'FISCHER Lea', 'F', '1998/04/30', 'SUI'),
(666, 'FISCHNALLER Dominik', 'M', '1993/02/20', 'ITA'),
(667, 'FISCHNALLER Emily', 'F', '1993/03/16', 'USA'),
(668, 'FISCHNALLER Roland', 'M', '1980/09/19', 'ITA'),
(669, 'FITZSIMONS Sean', 'M', '2000/09/22', 'USA'),
(670, 'FIVA Alex', 'M', '1986/01/29', 'SUI'),
(671, 'FLANAGAN Reilly', 'M', '2003/01/25', 'AUS'),
(672, 'FLEISCHHAUER Georg', 'M', '1988/10/21', 'GER'),
(673, 'FLEK Jakub', 'M', '1992/12/24', 'CZE'),
(674, 'FLEMING Jasper', 'M', '2005/07/05', 'CAN'),
(675, 'FLEURY Tracy', 'F', '1986/06/13', 'CAN'),
(676, 'FLOCK Janine', 'F', '1989/07/25', 'AUT'),
(677, 'FLORE Raul', 'M', '1997/02/01', 'ROU'),
(678, 'FLORIAN Austin', 'M', '1994/09/12', 'USA'),
(679, 'FLURY Jasmine', 'F', '1993/09/16', 'SUI'),
(680, 'FODSTAD Fredrik', 'M', '2001/01/7', 'COL'),
(681, 'FOEDERMAYR Christina', 'F', '2001/06/28', 'AUT'),
(682, 'FOETTINGER Michael', 'M', '1997/06/12', 'AUT'),
(683, 'FOLEA Delia Anamaria', 'F', '2004/01/29', 'ROU'),
(684, 'FOLLADOR Cedric', 'M', '1994/11/18', 'SUI'),
(685, 'FOMIN Maksim', 'M', '2000/10/12', 'LTU'),
(686, 'FONTAINE Miha', 'M', '2004/01/3', 'CAN'),
(687, 'FONTANA Arianna', 'F', '1990/04/14', 'ITA'),
(688, 'FORA Michael', 'M', '1995/10/30', 'SUI'),
(689, 'FORDHAM Rosie', 'F', '2000/09/7', 'AUS'),
(690, 'FOREHAND Mac', 'M', '2001/08/4', 'USA'),
(691, 'FORER Julius', 'M', '2000/04/29', 'AUT'),
(692, 'FORFANG Johann Andre', 'M', '1995/07/4', 'NOR'),
(693, 'FORGAN Chevonne', 'F', '2000/06/30', 'USA'),
(694, 'FORSBERG Filip', 'M', '1994/08/13', 'SWE'),
(695, 'FORSLING Gustav', 'M', '1996/06/12', 'SWE'),
(696, 'FORTINO Laura', 'F', '1991/01/30', 'ITA'),
(697, 'FOSNAES Kristin Austgulen', 'F', '2000/05/30', 'NOR'),
(698, 'FOUBERT Valentin', 'M', '2002/08/17', 'FRA'),
(699, 'FOURNIER BEAUDRY Laurence', 'F', '1992/07/18', 'FRA'),
(700, 'FRAEBEL Merle Malou', 'F', '2003/06/11', 'GER'),
(701, 'FRANCESIA BOIRAI Lisa', 'F', '2008/05/16', 'ITA'),
(702, 'FRANJIC Janko', 'M', '1994/04/29', 'NED'),
(703, 'FRANJIC Jelen', 'M', '2000/06/12', 'NED'),
(704, 'FRANKEL Aerin', 'F', '1999/05/24', 'USA'),
(705, 'FRANTZ Tate', 'M', '2005/03/28', 'USA'),
(706, 'FRANZONI Giovanni', 'M', '2001/03/30', 'ITA'),
(707, 'FRANZREB Maximilian', 'M', '1996/08/18', 'GER'),
(708, 'FRASER Amy', 'F', '1995/03/29', 'CAN'),
(709, 'FRATZSCHER Lucas', 'M', '1994/07/6', 'GER'),
(710, 'FREED Margie', 'F', '1997/11/10', 'USA'),
(711, 'FREIBERGS Ralfs', 'M', '1991/05/17', 'LAT'),
(712, 'FREITAG Selina', 'F', '2001/05/19', 'GER'),
(713, 'FREY Isak Leknes', 'M', '2003/08/28', 'NOR'),
(714, 'FRICOVA Nikola', 'F', '2001/01/01', 'SVK'),
(715, 'FRIEDRICH Francesco', 'M', '1990/05/2', 'GER'),
(716, 'FRIGO Airleigh', 'F', '1999/05/13', 'AUS'),
(717, 'FRIGO Luca', 'M', '1993/05/30', 'ITA'),
(718, 'FROMMELT Robin', 'M', '2002/12/17', 'LIE'),
(719, 'FROSTAD Tormod', 'M', '2002/08/29', 'NOR'),
(720, 'FRYCKLUND Mats', 'M', '1993/05/04', 'ITA'),
(721, 'FUERSTENBERG Theresa', 'F', '2002/08/10', 'GER'),
(722, 'FUJIKI Goshin', 'M', '1997/05/31', 'JPN'),
(723, 'FUJIKI Hina', 'F', '2001/04/17', 'JPN'),
(724, 'FUKADA Mari', 'F', '2007/01/1', 'JPN'),
(725, 'FUMAGALLI Alessandra', 'F', '1998/08/16', 'ITA'),
(726, 'FURNELL Caleb', 'M', '2001/04/20', 'USA'),
(727, 'FURUNO Satoshi', 'M', '1999/06/11', 'JPN'),
(728, 'GAGNON Liliane', 'F', '2002/12/15', 'CAN'),
(729, 'GAILLARD Justine', 'F', '2003/11/03', 'FRA'),
(730, 'GAJAN Adam', 'M', '2004/05/06', 'SVK'),
(731, 'GAL Melissa', 'F', '1999/10/26', 'FRA'),
(732, 'GALBRUN Sehana', 'F', '2005/09/14', 'FRA'),
(733, 'GALICA Grzegorz', 'M', '2007/03/13', 'POL'),
(734, 'GALLANT Brett', 'M', '1990/02/18', 'CAN'),
(735, 'GALLET Hugo', 'M', '1997/06/20', 'FRA'),
(736, 'GALLHUBER Katharina', 'F', '1997/06/16', 'AUT'),
(737, 'GALLI Jole', 'F', '1995/07/26', 'ITA'),
(738, 'GALSTYAN Katya', 'F', '1993/01/1', 'ARM'),
(739, 'GALYSHEVA Yuliya', 'F', '1992/10/23', 'KAZ'),
(740, 'GANCARCZYK Michal', 'M', '2006/03/18', 'POL'),
(741, 'GANDLER Anna', 'F', '2001/01/5', 'AUT'),
(742, 'GANTENBEIN Talina', 'F', '1998/08/18', 'SUI'),
(743, 'GANZ Caterina', 'F', '1995/11/13', 'ITA'),
(744, 'GAO Tingyu', 'M', '1997/12/15', 'CHN'),
(745, 'GARDINER Jennifer', 'F', '2001/09/18', 'CAN'),
(746, 'GASIENICA-DANIEL Maryna', 'F', '1994/02/19', 'POL'),
(747, 'GASKELL Elena', 'F', '2001/09/17', 'CAN'),
(748, 'GASKILL Stacy', 'F', '2000/05/21', 'USA'),
(749, 'GASPARI Mattia', 'M', '1993/09/14', 'ITA'),
(750, 'GASPARIN Aita', 'F', '1994/02/9', 'SUI'),
(751, 'GASSER Anna', 'F', '1991/08/16', 'AUT'),
(752, 'GASSLITTER Maria', 'F', '2006/10/1', 'ITA'),
(753, 'GATCLIFFE Emma', 'F', '2005/07/14', 'TTO'),
(754, 'GATT Juri Thomas', 'M', '2001/08/9', 'AUT'),
(755, 'GATTI Alessia', 'F', '2002/07/02', 'ITA'),
(756, 'GAUCHE Laura', 'F', '1995/03/4', 'FRA'),
(757, 'GAUDET Arnaud', 'M', '2000/08/10', 'CAN'),
(758, 'GAWANKE Leon', 'M', '1999/05/31', 'GER'),
(759, 'GAXIOLA Lasse', 'M', '2008/01/30', 'MEX'),
(760, 'GAY Paul Andrea', 'M', '2006/03/15', 'FRA'),
(761, 'GAZLEY Dustin', 'M', '1988/10/3', 'ITA'),
(762, 'GE Chunyu', 'M', '2006/08/30', 'CHN'),
(763, 'GEIBEL Korbinian', 'M', '2002/07/08', 'GER'),
(764, 'GEIGER Vinzenz', 'M', '1997/07/24', 'GER'),
(765, 'GELINAS-BEAULIEU Antoine', 'M', '1992/05/5', 'CAN'),
(766, 'GENEVA Milana', 'F', '2004/02/19', 'KAZ'),
(767, 'GENONI Leonardo', 'M', '1987/08/28', 'SUI'),
(768, 'GEORGALLI Lucia', 'F', '2007/01/22', 'NZL'),
(769, 'GERARD Redmond', 'M', '2000/06/29', 'USA'),
(770, 'GEREMIA Felicity', 'F', '2007/06/04', 'CAN'),
(771, 'GERKEN SCHOFIELD Makayla', 'F', '1999/06/4', 'GBR'),
(772, 'GERMAIN Maxime', 'M', '2001/08/21', 'USA'),
(773, 'GERMANE Dzenifera', 'F', '2003/03/24', 'LAT'),
(774, 'GERNAT Martin', 'M', '1993/04/11', 'SVK'),
(775, 'GESTBLOM Linn', 'F', '1994/06/27', 'SWE'),
(776, 'GEVING Aileen', 'F', '1987/02/13', 'USA'),
(777, 'GHILARDI Rebecca', 'F', '1999/10/10', 'ITA'),
(778, 'GHIOTTO Davide', 'M', '1993/12/3', 'ITA'),
(779, 'GIACCIO Olivia', 'F', '2000/08/15', 'USA'),
(780, 'GIACOMEL Tommaso', 'M', '2000/04/5', 'ITA'),
(781, 'GIBSON Anna', 'F', '1999/05/7', 'USA'),
(782, 'GIBSON Lewis', 'M', '1994/05/1', 'GBR'),
(783, 'GIGLER Sonja', 'F', '2001/12/04', 'AUT'),
(784, 'GILLES Piper', 'F', '1992/01/16', 'CAN'),
(785, 'GIM Eunji', 'F', '1990/01/23', 'KOR'),
(786, 'GIM Sohui', 'F', '1996/08/19', 'KOR'),
(787, 'GIMMLER Laura', 'F', '1993/12/5', 'GER'),
(788, 'GINER DALMASSO Pablo', 'M', '2001/06/1', 'FRA'),
(789, 'GINNIS Aj', 'M', '1994/11/17', 'GRE'),
(790, 'GIOTOPOULOS MOORE Hektor', 'M', '2002/06/25', 'AUS'),
(791, 'GIOVANELLA Mattia', 'M', '1997/10/27', 'ITA'),
(792, 'GIOVANNINI Andrea', 'M', '1993/08/27', 'ITA'),
(793, 'GIRGENSONS Zemgus', 'M', '1994/01/5', 'LAT'),
(794, 'GISMONDI Maria', 'F', '2004/06/13', 'ITA'),
(795, 'GISSELMAN Truls', 'M', '2001/06/08', 'SWE'),
(796, 'GITLAN Vasile-Marian', 'M', '1998/01/21', 'ROU'),
(797, 'GLAUSER Andrea', 'M', '1996/04/03', 'SUI'),
(798, 'GLEIRSCHER Nico', 'M', '1997/03/17', 'AUT'),
(799, 'GLEISSNER Daria', 'F', '1993/06/30', 'GER'),
(800, 'GLENN Amber', 'F', '1999/10/28', 'USA'),
(801, 'GLENNIE Dillan', 'F', '2000/04/21', 'CAN'),
(802, 'GLIRA Daniel', 'M', '1994/03/25', 'ITA'),
(803, 'GOEPPER Nick', 'M', '1994/03/14', 'USA'),
(804, 'GOGGIA Sofia', 'F', '1992/11/15', 'ITA'),
(805, 'GOGOLEV Stephen', 'M', '2004/12/22', 'CAN'),
(806, 'GOLUBEVA Anastasiia', 'F', '2006/01/3', 'AUS'),
(807, 'GOLUBEVA Elizaveta', 'F', '1996/09/19', 'KAZ'),
(808, 'GONG Li', 'F', '2000/07/09', 'CHN'),
(809, 'GONG Naiying', 'F', '1998/07/16', 'CHN'),
(810, 'GORODKO Anastassiya', 'F', '2005/05/14', 'KAZ'),
(811, 'GOSLING Julia', 'F', '2001/02/21', 'CAN'),
(812, 'GOUREAU Luna', 'F', '2003/03/19', 'FRA'),
(813, 'GRAHAM Matt', 'M', '1994/10/23', 'AUS'),
(814, 'GRAHL-MADSEN Hans', 'M', '2003/07/14', 'NOR'),
(815, 'GRAHN Anton', 'M', '2004/11/02', 'SWE'),
(816, 'GRAMMEL Anton', 'M', '1998/07/24', 'GER'),
(817, 'GRANCAGNOLO Timon', 'M', '2003/04/4', 'GER'),
(818, 'GRANLUND Mikael', 'M', '1992/02/26', 'FIN'),
(819, 'GRANTINS Renars', 'M', '2004/05/07', 'LAT'),
(820, 'GRASSL Daniel', 'M', '2002/04/4', 'ITA'),
(821, 'GRATZ Fabian', 'M', '1997/07/22', 'GER'),
(822, 'GRAVIER Mathieu', 'M', '2003/12/12', 'MAD'),
(823, 'GRAVIER Tiziano', 'M', '2002/03/12', 'ARG'),
(824, 'GRAY Cassidy', 'F', '2001/01/25', 'CAN'),
(825, 'GRAY Kate', 'F', '2006/06/29', 'USA'),
(826, 'GRAZ Davide', 'M', '2000/03/5', 'ITA'),
(827, 'GRBOVIC Aleksandar', 'M', '2003/08/23', 'MNE'),
(828, 'GREENWOOD Leon', 'M', '1997/06/13', 'GBR'),
(829, 'GREINER Matthew', 'M', '2003/11/05', 'USA'),
(830, 'GREMAUD Mathilde', 'F', '2000/02/8', 'SUI'),
(831, 'GRENIER Valerie', 'F', '1996/10/30', 'CAN'),
(832, 'GRENOUILLOUX Eva', 'F', '2004/07/9', 'FRA'),
(833, 'GRILLET AUBERT Jade', 'F', '1997/11/22', 'FRA'),
(834, 'GROBLECHNER Sofia', 'F', '2003/12/15', 'ITA'),
(835, 'GROENEWOUD Marijke', 'F', '1999/01/28', 'NED'),
(836, 'GROETZNER Agustina', 'F', '2003/10/02', 'ARG'),
(837, 'GROND Valerio', 'M', '2000/10/26', 'SUI'),
(838, 'GRONDIN Eliot', 'M', '2001/04/19', 'CAN'),
(839, 'GRONLUND Timo Juhani', 'M', '1987/07/3', 'BOL'),
(840, 'GROSS Gabriel', 'M', '1999/04/29', 'GER'),
(841, 'GROTHEER Christopher', 'M', '1992/07/30', 'GER'),
(842, 'GROTIAN Selina', 'F', '2004/03/25', 'GER'),
(843, 'GRUBAUER Philipp', 'M', '1991/11/25', 'GER'),
(844, 'GSCHWENTNER Ignaz', 'M', '2002/05/25', 'AUT'),
(845, 'GSTREIN Fabio', 'M', '1997/06/14', 'AUT'),
(846, 'GU Ailing Eileen', 'F', '2003/09/3', 'CHN'),
(847, 'GUARINO SABATE Tomas', 'M', '1999/07/5', 'ESP'),
(848, 'GUBANOVA Anastasiia', 'F', '2002/12/2', 'GEO'),
(849, 'GUBSER Kim', 'M', '2000/05/17', 'SUI'),
(850, 'GUDAS Radko', 'M', '1990/06/5', 'CZE'),
(851, 'GUDLEVSKIS Kristers', 'M', '1992/07/31', 'LAT'),
(852, 'GUDNADOTTIR Kristrun', 'F', '1997/10/13', 'ISL'),
(853, 'GUEBEY Enzo', 'M', '1999/05/06', 'FRA'),
(854, 'GUENTZEL Jake', 'M', '1994/10/6', 'USA'),
(855, 'GUERILLOT Emeric', 'M', '2007/11/04', 'POR'),
(856, 'GUERILLOT Vanina', 'F', '2002/07/03', 'POR'),
(857, 'GUERRIERO Kristen', 'F', '1999/05/27', 'ITA'),
(858, 'GUFLER Alex', 'M', '2002/07/30', 'ITA'),
(859, 'GUIGNARD Charlene', 'F', '1989/08/12', 'ITA'),
(860, 'GUILDAY Rory', 'F', '2002/09/7', 'USA'),
(861, 'GULIJIENAITI Adikeyoumu', 'F', '2001/04/16', 'CHN'),
(862, 'GUMENNIK Petr', 'M', '2002/04/11', 'AIN'),
(863, 'GUNKA Jan', 'M', '2002/04/14', 'POL'),
(864, 'GUSELI Valentino', 'M', '2005/04/1', 'AUS'),
(865, 'GUSTAFSON Jonathan', 'M', '1997/03/5', 'USA'),
(866, 'GUSTAVSSON Filip', 'M', '1998/06/7', 'SWE'),
(867, 'GUTMANN Lara Naki', 'F', '2002/11/6', 'ITA'),
(868, 'HAAS Andreas', 'M', '1982/04/20', 'SUI'),
(869, 'HAASER Raphael', 'M', '1997/09/17', 'AUT'),
(870, 'HABLUETZEL David', 'M', '1996/04/24', 'SUI'),
(871, 'HACKELSMILLER Katharina', 'F', '2004/08/27', 'GER'),
(872, 'HADRASCHEK Nicola', 'F', '1996/09/10', 'GER'),
(873, 'HADZIC Tena', 'F', '2004/07/13', 'CRO'),
(874, 'HAECKI-GROSS Lena', 'F', '1995/07/01', 'SUI'),
(875, 'HAEGGSTROEM Johan', 'M', '1992/03/10', 'SWE'),
(876, 'HAEMMERLE Alessandro', 'M', '1993/07/30', 'AUT'),
(877, 'HAGARA Adam', 'M', '2006/04/26', 'SVK'),
(878, 'HAGEL Brandon', 'M', '1998/08/27', 'CAN'),
(879, 'HAGENBUCH John Steel', 'M', '2001/10/1', 'USA'),
(880, 'HAGSTROEM Johanna', 'F', '1998/03/27', 'SWE'),
(881, 'HAIDER Celina', 'F', '2000/07/20', 'GER'),
(882, 'HAK Petr', 'M', '2003/05/30', 'CZE'),
(883, 'HAKOLA Ristomatti', 'M', '1991/04/15', 'FIN'),
(884, 'HALFVARSSON Calle', 'M', '1989/03/17', 'SWE'),
(885, 'HALL Alex', 'M', '1998/09/21', 'USA'),
(886, 'HALL Brad', 'M', '1990/11/16', 'GBR'),
(887, 'HALL Daniel', 'M', '2005/03/23', 'CAN'),
(888, 'HALL Laura', 'F', '2003/02/20', 'CAN'),
(889, 'HALL Nicole', 'F', '2004/03/24', 'SWE'),
(890, 'HALLBERG Eduard', 'M', '2003/08/6', 'FIN'),
(891, 'HALLIN Mira', 'F', '2006/04/24', 'SWE'),
(892, 'HALLORAN Rei', 'F', '2001/03/22', 'JPN'),
(893, 'HALSE Mathilde', 'F', '1999/05/2', 'DEN'),
(894, 'HALVARSSON Ella', 'F', '1999/10/22', 'SWE'),
(895, 'HAMALAINEN Inka', 'F', '2005/12/17', 'FIN'),
(896, 'HAMILL Marin', 'F', '2001/04/5', 'USA'),
(897, 'HAMILTON Lara', 'F', '2000/09/7', 'AUS'),
(898, 'HAN Cong', 'M', '1992/08/6', 'CHN'),
(899, 'HAN Dasom', 'F', '1994/10/22', 'KOR'),
(900, 'HAN Linshan', 'F', '2006/09/20', 'CHN'),
(901, 'HAN Mei', 'F', '1998/01/27', 'CHN'),
(902, 'HAN Yu', 'F', '2000/10/6', 'CHN'),
(903, 'HANDEI Oleh', 'M', '1999/03/5', 'UKR'),
(904, 'HANIFIN Noah', 'M', '1997/01/25', 'USA'),
(905, 'HARDI Ramona', 'F', '1997/04/9', 'SUI'),
(906, 'HARDIE Grant', 'M', '1992/03/27', 'GBR'),
(907, 'HARJULA Tuomas', 'M', '1998/06/8', 'FIN'),
(908, 'HARK Ronja', 'F', '2003/08/15', 'GER'),
(909, 'HARLAUT Henrik', 'M', '1991/08/14', 'SWE'),
(910, 'HARLEY Thomas', 'M', '2001/08/19', 'CAN'),
(911, 'HARRINGTON Ben', 'M', '2001/10/13', 'NZL'),
(912, 'HARRINGTON Luca', 'M', '2004/02/19', 'NZL'),
(913, 'HARRIS Holly', 'F', '2002/11/2', 'AUS'),
(914, 'HARRIS Junior', 'M', '2002/11/2', 'JAM'),
(915, 'HARROLD Luke', 'M', '2008/04/12', 'NZL'),
(916, 'HARROP Emily', 'F', '1997/09/27', 'FRA'),
(917, 'HARTWEG Niklas', 'M', '2000/03/1', 'SUI'),
(918, 'HARUTYUNYAN Harutyun', 'M', '2000/04/05', 'ARM'),
(919, 'HARVEY Caroline', 'F', '2002/10/14', 'USA'),
(920, 'HARVEY Jackson', 'M', '2002/10/7', 'AUS'),
(921, 'HARWOOD Rell', 'F', '2001/06/01', 'USA'),
(922, 'HASE Minerva Fabienne', 'F', '1999/06/10', 'GER'),
(923, 'HASEGAWA Taiga', 'M', '2005/10/23', 'JPN'),
(924, 'HASIRCI Ada', 'F', '2007/10/22', 'TUR'),
(925, 'HASKELL Amelie', 'F', '2001/04/6', 'AUS'),
(926, 'HASLER Jonas', 'M', '2006/06/01', 'SUI'),
(927, 'HASLER Melanie', 'F', '1998/05/16', 'SUI'),
(928, 'HASLWANTER Lea', 'F', '1999/11/09', 'AUT'),
(929, 'HASSELBORG Anna', 'F', '1989/05/5', 'SWE'),
(930, 'HAUGAN Timon', 'M', '1996/12/27', 'NOR'),
(931, 'HAUGHEY Niamh', 'F', '1998/02/19', 'CAN'),
(932, 'HAUGSJAA Ansel', 'M', '2004/09/22', 'USA'),
(933, 'HAULA Erik', 'M', '1991/03/23', 'FIN'),
(934, 'HAUSER Lisa Theresa', 'F', '1993/12/16', 'AUT'),
(935, 'HAUSWIRTH Sandro', 'M', '2000/08/29', 'SUI'),
(936, 'HAUTERVILLE Dorian', 'M', '1990/04/27', 'FRA'),
(937, 'HAVLICKOVA Barbora', 'F', '2000/05/12', 'CZE'),
(938, 'HAVRIUK Yan', 'M', '2004/12/24', 'UKR'),
(939, 'HE Kaile', 'F', '2001/02/25', 'CHN'),
(940, 'HEAYDON Phoebe', 'F', '2005/10/21', 'AUS'),
(941, 'HEBERT Ben', 'M', '1983/03/16', 'CAN'),
(942, 'HECTOR Sara', 'F', '1992/09/4', 'SWE'),
(943, 'HEDEGART Einar', 'M', '2001/11/8', 'NOR'),
(944, 'HEDMAN Victor', 'M', '1990/12/18', 'SWE'),
(945, 'HEDQVIST Ebba', 'F', '2006/09/30', 'SWE'),
(946, 'HEDRICH Anne', 'F', '2006/06/16', 'GER'),
(947, 'HEIDENBERGER Manuela', 'F', '2007/09/15', 'ITA'),
(948, 'HEIJDENBERG Anna-Karin', 'F', '2000/06/22', 'SWE'),
(949, 'HEINE Mathilda', 'F', '2009/02/18', 'GER'),
(950, 'HEINIS Marco', 'M', '2003/04/14', 'FRA'),
(951, 'HEINRICH Romain', 'M', '1990/01/30', 'FRA'),
(952, 'HEISE Taylor', 'F', '2000/03/17', 'USA'),
(953, 'HEISKANEN Miro', 'M', '1999/07/18', 'FIN'),
(954, 'HELDIN Johanna', 'F', '1994/08/29', 'SWE'),
(955, 'HELDMAN Ben', 'M', '2002/01/3', 'CAN'),
(956, 'HELLEBUYCK Connor', 'M', '1993/05/19', 'USA'),
(957, 'HEMETSBERGER Daniel', 'M', '1991/05/23', 'AUT'),
(958, 'HEMMERLE Lisa', 'F', '1995/12/11', 'GER'),
(959, 'HENDERSON Fay', 'F', '2001/12/28', 'GBR'),
(960, 'HENDERSON Grace', 'F', '2001/04/28', 'USA'),
(961, 'HENDRICKX Loena', 'F', '1999/11/5', 'BEL'),
(962, 'HENNIG DOTZLER Katharina', 'F', '1996/06/14', 'GER'),
(963, 'HENRIKSEN Sigurd', 'M', '2004/10/26', 'NOR'),
(964, 'HENSIEN Katie', 'F', '1999/12/01', 'USA'),
(965, 'HEO Andrew', 'M', '2001/03/7', 'USA'),
(966, 'HERASKEVYCH Vladyslav', 'M', '1999/01/12', 'UKR'),
(967, 'HERNANDEZ James', 'M', '2001/10/15', 'GBR'),
(968, 'HEROLA Ilkka', 'M', '1995/06/22', 'FIN'),
(969, 'HERSPERGER Mathieu', 'M', '1999/02/18', 'SUI'),
(970, 'HERTL Tomas', 'M', '1993/11/12', 'CZE'),
(971, 'HERZIG Naemi', 'F', '2007/03/21', 'SUI'),
(972, 'HERZOG Vanessa', 'F', '1995/07/4', 'AUT'),
(973, 'HESOVA Michaela', 'F', '2005/11/2', 'CZE'),
(974, 'HESS Hunter', 'M', '1998/10/1', 'USA'),
(975, 'HETTICH-WALZ Janina', 'F', '1996/06/16', 'GER'),
(976, 'HICKMAN Ally', 'F', '2009/11/2', 'AUS'),
(977, 'HIEMER Johanna', 'F', '1995/02/26', 'AUT'),
(978, 'HIIDENSALO Olli', 'M', '1991/02/2', 'FIN'),
(979, 'HIIRIKOSKI Jenni', 'F', '1987/03/30', 'FIN'),
(980, 'HILL Azaria', 'F', '1998/06/14', 'USA'),
(981, 'HILL Maisie', 'F', '1997/04/15', 'GBR'),
(982, 'HILLER-DONNELLY Carolina', 'F', '1997/05/7', 'CAN'),
(983, 'HILZINGER Jessica', 'F', '1997/05/26', 'GER'),
(984, 'HIMMA Martin', 'M', '1999/08/30', 'EST'),
(985, 'HINCKFUSS Hugo', 'M', '2003/03/06', 'AUS'),
(986, 'HINDS Peter', 'M', '2002/04/05', 'SVK'),
(987, 'HINTERMANN Niels', 'M', '1995/05/5', 'SUI'),
(988, 'HINTZ Roope', 'M', '1996/11/17', 'FIN'),
(989, 'HIRAI Ami', 'F', '1997/08/02', 'JPN'),
(990, 'HIRANO Ayumu', 'M', '1998/11/29', 'JPN'),
(991, 'HIRANO Ruka', 'M', '2002/03/12', 'JPN'),
(992, 'HIRNER Lisa', 'F', '2003/10/3', 'AUT'),
(993, 'HIROSE Ryo', 'M', '2000/11/6', 'JPN'),
(994, 'HIRVONEN Eero', 'M', '1996/01/30', 'FIN'),
(995, 'HIRVONEN Heta', 'F', '2008/10/16', 'FIN'),
(996, 'HISCHIER Nico', 'M', '1999/01/4', 'SUI'),
(997, 'HITOSATO Ayaka', 'F', '1994/08/22', 'JPN'),
(998, 'HJALMARSSON Sara', 'F', '1998/02/8', 'SWE'),
(999, 'HLAVAJ Samuel', 'M', '2001/05/29', 'SVK'),
(1000, 'HLUSOVICI Elizaveta', 'F', '2007/05/19', 'MDA'),
(1001, 'HOCHREITER Melanie', 'F', '1996/06/11', 'GER'),
(1002, 'HOCKE Annika', 'F', '2000/07/16', 'GER'),
(1003, 'HOEFFLIN Sarah', 'F', '1991/01/8', 'SUI'),
(1004, 'HOERHAGER Lisa', 'F', '2001/04/29', 'AUT'),
(1005, 'HOERL Jan', 'M', '1998/10/16', 'AUT'),
(1006, 'HOESCH Finn', 'M', '2003/01/21', 'GER'),
(1007, 'HOFER Lukas', 'M', '1989/09/30', 'ITA'),
(1008, 'HOFER Verena', 'F', '2001/03/17', 'ITA'),
(1009, 'HOFFMAN Madison', 'F', '2000/07/26', 'AUS'),
(1010, 'HOFFMANN Felix', 'M', '1997/10/14', 'GER'),
(1011, 'HOFFMANN Helen', 'F', '2002/02/7', 'GER'),
(1012, 'HOFMANN Josie', 'F', '1996/12/10', 'GER'),
(1013, 'HOFMEISTER Ramona Theresia', 'F', '1996/03/28', 'GER'),
(1014, 'HOI Ihor', 'M', '2000/06/27', 'UKR'),
(1015, 'HOLDENER Wendy', 'F', '1993/05/12', 'SUI'),
(1016, 'HOLLANDER Sean', 'M', '2000/02/11', 'USA'),
(1017, 'HOLLMANN Maximillian', 'M', '2002/01/29', 'CAN'),
(1018, 'HOLM Tindra', 'F', '2001/05/26', 'SWE'),
(1019, 'HOLMBERG Pontus', 'M', '1999/03/9', 'SWE'),
(1020, 'HOLMSTEAD Chris', 'M', '1994/07/14', 'CAN'),
(1021, 'HOLOPAINEN Elisa', 'F', '2001/12/27', 'FIN'),
(1022, 'HOLSCHER Tomas', 'M', '2007/06/01', 'CHI'),
(1023, 'HOLTERMANN Jasmin', 'F', '2000/02/4', 'DEN'),
(1024, 'HOLTMANN Mina Fuerst', 'F', '1995/07/17', 'NOR'),
(1025, 'HOMAN Rachel', 'F', '1989/04/5', 'CAN'),
(1026, 'HONG Sujung', 'F', '1986/05/09', 'KOR'),
(1027, 'HOOKER Maddie', 'F', '2005/01/02', 'AUS'),
(1028, 'HOPPE Hanna', 'F', '2006/08/23', 'GER'),
(1029, 'HORIKAWA Momoka', 'F', '2003/07/10', 'JPN'),
(1030, 'HORISHIMA Ikuma', 'M', '1997/12/11', 'JPN'),
(1031, 'HORN Kristopher', 'M', '1994/04/25', 'USA'),
(1032, 'HORN Philipp', 'M', '1994/11/8', 'GER'),
(1033, 'HORNIG Vitezslav', 'M', '1999/04/26', 'CZE'),
(1034, 'HORODNA Olena', 'F', '2004/07/6', 'UKR'),
(1035, 'HORVAT Bo', 'M', '1995/04/5', 'CAN'),
(1036, 'HOSKING Elizabeth', 'F', '2001/07/22', 'CAN'),
(1037, 'HOSOYAMADA Akane', 'F', '1992/03/9', 'JPN'),
(1038, 'HOU Shuo', 'M', '2000/09/29', 'CHN'),
(1039, 'HOUSER Radek', 'M', '1996/07/02', 'CZE'),
(1040, 'HOWALD Carole', 'F', '1993/03/29', 'SUI'),
(1041, 'HOWDEN Reece', 'M', '1998/07/12', 'CAN'),
(1042, 'HOWE Spencer Akira', 'M', '1996/09/11', 'USA'),
(1043, 'HRISTOVA Lora', 'F', '2003/04/23', 'BUL'),
(1044, 'HROBAT Miha', 'M', '1995/02/3', 'SLO'),
(1045, 'HRONEK Filip', 'M', '1997/11/2', 'CZE'),
(1046, 'HRONEK Tim', 'M', '1995/06/1', 'GER'),
(1047, 'HRONES Jakub', 'M', '2004/07/15', 'CZE'),
(1048, 'HRUSOVA Karolina', 'F', '2007/07/28', 'CZE'),
(1049, 'HUAI Mingming', 'F', '1995/05/10', 'CHN'),
(1050, 'HUBER Elias', 'M', '1999/04/23', 'GER'),
(1051, 'HUBER Katharina', 'F', '1995/10/3', 'AUT'),
(1052, 'HUBER Kristian', 'M', '1997/06/13', 'AUT'),
(1053, 'HUDACEK Libor', 'M', '1990/09/7', 'SVK'),
(1054, 'HUDSON Piera', 'F', '1996/02/7', 'UAE'),
(1055, 'HUETTER Cornelia', 'F', '1992/10/29', 'AUT'),
(1056, 'HUFSCHMID Dominik', 'M', '1998/06/10', 'SUI'),
(1057, 'HUGHES Jack', 'M', '2001/05/14', 'USA'),
(1058, 'HUGHES Jarryd', 'M', '1995/05/21', 'AUS'),
(1059, 'HUGHES Quinn', 'M', '1999/10/14', 'USA'),
(1060, 'HUIS IN ''T VELD Stephan', 'M', '1998/07/23', 'NED'),
(1061, 'HUIZINGA Chris', 'M', '1997/08/11', 'NED'),
(1062, 'HUOT-MARCHAND Margot', 'F', '2000/06/10', 'FRA'),
(1063, 'HURT A J', 'F', '2000/12/5', 'USA'),
(1064, 'HUSKOVA Hanna', 'F', '1992/08/28', 'AIN'),
(1065, 'HWANG Daeheon', 'M', '1999/07/5', 'KOR'),
(1066, 'HYMAN Ondrej', 'M', '1986/02/25', 'CZE'),
(1067, 'HYMLAROVA Klara', 'F', '1999/02/27', 'CZE'),
(1068, 'IAFRATE DANIELSSON Maja-Li', 'F', '2006/10/5', 'FRA'),
(1069, 'IGARASHI Haruto', 'M', '2002/12/13', 'JPN'),
(1070, 'IGARASHI Runa', 'F', '2004/10/01', 'JPN'),
(1071, 'IKPEFAN Samuel Uduigowme', 'M', '1991/12/19', 'NGR'),
(1072, 'ILAR Moa', 'F', '1997/07/6', 'SWE'),
(1073, 'ILIC Anja', 'F', '1998/10/30', 'SRB'),
(1074, 'ILIEV Vladimir', 'M', '1987/03/17', 'BUL'),
(1075, 'ILVES Kristjan', 'M', '1996/06/10', 'EST'),
(1076, 'ILYACHSHENKO Arina', 'F', '2004/01/19', 'KAZ'),
(1077, 'INAGAWA Kurumi', 'F', '1999/04/17', 'JPN'),
(1078, 'INDRACKOVA Anezka', 'F', '2006/07/30', 'CZE'),
(1079, 'INDRIKSONS Emils', 'M', '2006/02/25', 'LAT'),
(1080, 'INNERHOFER Christof', 'M', '1984/12/17', 'ITA'),
(1081, 'INSAM Alex', 'M', '1997/12/19', 'ITA'),
(1082, 'INVENIUS Otto', 'M', '2000/12/9', 'FIN'),
(1083, 'IORDACHE George', 'M', '2003/08/19', 'ROU'),
(1084, 'IORIATTI Gloria', 'F', '2000/05/18', 'ITA'),
(1085, 'IPCIOGLU Fatih Arda', 'M', '1997/09/28', 'TUR'),
(1086, 'IRVING Birk', 'M', '1999/07/26', 'USA'),
(1087, 'IRVING Lewis', 'M', '1995/11/10', 'CAN'),
(1088, 'IRVING Svea', 'F', '1999/07/26', 'USA'),
(1089, 'IRWIN Deedra', 'F', '1992/05/27', 'USA'),
(1090, 'ITEN Matthias', 'M', '1999/08/12', 'SUI'),
(1091, 'ITO Makoto', 'F', '2004/05/2', 'JPN'),
(1092, 'ITO Yuki', 'F', '1994/05/10', 'JPN'),
(1093, 'IVAN Michal', 'M', '1999/11/18', 'SVK'),
(1094, 'IVANOV Roman', 'M', '2001/07/12', 'KAZ'),
(1095, 'IVERSEN Emil', 'M', '1991/08/12', 'NOR'),
(1096, 'IWABUCHI Reira', 'F', '2001/12/14', 'JPN'),
(1097, 'IWASA Dan', 'M', '2001/09/22', 'JPN'),
(1098, 'JACKSON Erin', 'F', '1992/09/19', 'USA'),
(1099, 'JACKSON Sophie', 'F', '1996/07/22', 'GBR'),
(1100, 'JACOBS Brad', 'M', '1985/06/11', 'CAN'),
(1101, 'JACOBS Riley', 'F', '2003/08/14', 'USA'),
(1102, 'JACQUELIN Emilien', 'M', '1995/07/11', 'FRA'),
(1103, 'JADA Stavre', 'M', '1998/05/18', 'MKD'),
(1104, 'JAGER Ken', 'M', '1998/05/30', 'SUI'),
(1105, 'JAGERCIKOVA Marianna', 'F', '1985/09/9', 'SVK'),
(1106, 'JAKIELA Joanna', 'F', '1998/09/9', 'POL'),
(1107, 'JAKLOVA Anna Marie', 'F', '2005/12/05', 'CZE'),
(1108, 'JAKOB Patrick', 'M', '1996/10/17', 'AUT'),
(1109, 'JAKOBSEN Kristoffer', 'M', '1994/09/9', 'SWE'),
(1110, 'JAKS Janis', 'M', '1995/08/22', 'LAT'),
(1111, 'JAMES Scotty', 'M', '1994/07/6', 'AUS'),
(1112, 'JAMIESON Rocco', 'M', '2006/05/4', 'NZL'),
(1113, 'JANATOVA Katerina', 'F', '1997/03/13', 'CZE'),
(1114, 'JANCOVA Rebeka', 'F', '2003/08/25', 'SVK'),
(1115, 'JANECKE Tessa', 'F', '2004/05/12', 'USA'),
(1116, 'JANEZIC Tia', 'F', '2004/07/12', 'SLO'),
(1117, 'JANSE van RENSBURG Jennifer', 'F', '1993/05/9', 'GER'),
(1118, 'JANUSZYK Iwona', 'F', '1992/09/11', 'POL'),
(1119, 'JAQUES Sophie', 'F', '2000/10/16', 'CAN'),
(1120, 'JARVIS Seth', 'M', '2002/02/1', 'CAN'),
(1121, 'JARZABEK Kacper', 'M', '2006/04/11', 'POL'),
(1122, 'JASCH Maira', 'F', '2005/03/28', 'GER'),
(1123, 'JASICZEK Michal', 'M', '1994/03/13', 'POL'),
(1124, 'JEANMONNOT Lou', 'F', '1998/10/28', 'FRA'),
(1125, 'JEANNESSON Mateo', 'M', '2004/03/28', 'GBR'),
(1126, 'JEFFERIES Jacques', 'M', '2002/04/18', 'GBR'),
(1127, 'JENCOVA Veronika', 'F', '2004/03/23', 'CZE'),
(1128, 'JENNER Brianne', 'F', '1991/05/4', 'CAN'),
(1129, 'JENSEN AABO Jesper', 'M', '1991/07/30', 'DEN'),
(1130, 'JENSEN Nicholas B', 'M', '1989/04/8', 'DEN'),
(1131, 'JENSEN Nicklas', 'M', '1993/03/6', 'DEN'),
(1132, 'JEON Eunji', 'F', '1999/12/09', 'KOR'),
(1133, 'JEONG Haerim', 'F', '1995/12/16', 'KOR'),
(1134, 'JEONG Yeongseok', 'M', '1995/04/14', 'KOR'),
(1135, 'JIANG Jiayi', 'F', '2001/03/20', 'CHN'),
(1136, 'JIANG Maoyuan', 'M', '2002/07/05', 'CHN'),
(1137, 'JILEK Metodej', 'M', '2006/06/11', 'CZE'),
(1138, 'JIN Boyang', 'M', '1997/10/3', 'CHN'),
(1139, 'JISLOVA Jessica', 'F', '1994/07/28', 'CZE'),
(1140, 'JOBIN Francis', 'M', '1998/09/21', 'CAN'),
(1141, 'JOBST-SMITH Katarina', 'F', '2001/08/30', 'GER'),
(1142, 'JOCHER Simon', 'M', '1996/05/25', 'GER'),
(1143, 'JOENSUU Jasmi', 'F', '1996/05/7', 'FIN'),
(1144, 'JOFFROY Stephanie', 'F', '1991/09/12', 'CHI'),
(1145, 'JOHANSEN Marthe Krakstad', 'F', '1999/01/5', 'NOR'),
(1146, 'JOHANSEN Nanna', 'F', '2006/05/29', 'DEN'),
(1147, 'JOHANSSON Lisa', 'F', '1992/04/11', 'SWE'),
(1148, 'JOHANSSON Marcus', 'M', '1990/10/6', 'SWE'),
(1149, 'JOHANSSON Thea', 'F', '2002/11/22', 'SWE'),
(1150, 'JOHN De Aundre', 'M', '2002/04/10', 'TTO'),
(1151, 'JOHN Shakeel', 'M', '2001/07/30', 'TTO'),
(1152, 'JOHNSON Anders', 'M', '1997/09/24', 'CAN'),
(1153, 'JOHNSON Breezy', 'F', '1996/01/19', 'USA'),
(1154, 'JOHNSON Desi', 'F', '2001/04/6', 'AUS'),
(1155, 'JOHNSON Josie', 'F', '2006/10/3', 'USA'),
(1156, 'JOHNSON Tess', 'F', '2000/06/19', 'USA'),
(1157, 'JOHNSTONE James', 'M', '1994/07/6', 'AUS'),
(1158, 'JOKIHARJU Henri', 'M', '1999/06/17', 'FIN'),
(1159, 'JONES Jasmine', 'F', '1996/07/9', 'USA'),
(1160, 'JONES Paige', 'F', '2002/08/30', 'USA'),
(1161, 'JORTBERG Lauren', 'F', '1997/09/28', 'USA'),
(1162, 'JOSEY Chase', 'M', '1995/03/31', 'USA'),
(1163, 'JOSI Roman', 'M', '1990/06/1', 'SUI'),
(1164, 'JOUVE Richard', 'M', '1994/10/25', 'FRA'),
(1165, 'JUBAYI Saikeyi', 'M', '2000/03/03', 'CHN'),
(1166, 'JUNCA Julian', 'M', '1998/02/15', 'FRA'),
(1167, 'JUNG Daeyoon', 'M', '2005/07/24', 'KOR'),
(1168, 'JUNG Donghyun', 'M', '1988/06/01', 'KOR'),
(1169, 'JUNG Hyesun', 'F', '1995/10/13', 'KOR'),
(1170, 'JUNG Seunggi', 'M', '1999/03/17', 'KOR'),
(1171, 'JUNGAKER Mira', 'F', '2005/07/22', 'SWE'),
(1172, 'JUNGBLUTH RODRIGUEZ Klaus', 'M', '1979/07/10', 'ECU'),
(1173, 'JUNGK Axel', 'M', '1991/04/13', 'GER'),
(1174, 'JUPPE Anna', 'F', '1999/09/14', 'AUT'),
(1175, 'JURICKOVA Barbora', 'F', '2006/10/21', 'CZE'),
(1176, 'JURIK Martin', 'M', '1991/02/27', 'CZE'),
(1177, 'KAASIKU Kaidy', 'F', '2001/10/03', 'EST'),
(1178, 'KAASIKU Keidy', 'F', '2001/10/03', 'EST'),
(1179, 'KACHMAR Nazarii', 'M', '2005/09/26', 'UKR'),
(1180, 'KAELIN Marina', 'F', '2003/07/28', 'SUI'),
(1181, 'KAELIN Nadja', 'F', '2001/04/20', 'SUI'),
(1182, 'KAGIYAMA Yuma', 'M', '2003/05/5', 'JPN'),
(1183, 'KAHARA Jasmin', 'F', '2000/05/4', 'FIN'),
(1184, 'KAHUN Dominik', 'M', '1995/07/2', 'GER'),
(1185, 'KAINZWALDNER Simon', 'M', '1994/02/24', 'ITA'),
(1186, 'KAISER Livia', 'F', '2004/10/2', 'SUI'),
(1187, 'KAKKO Kaapo', 'M', '2001/02/13', 'FIN'),
(1188, 'KALBLE Lukas', 'M', '1997/10/13', 'GER'),
(1189, 'KALDVEE Marie', 'F', '1995/01/23', 'EST'),
(1190, 'KALENDA Jekabs', 'M', '2002/06/25', 'LAT'),
(1191, 'KALICKI Kim', 'F', '1997/06/27', 'GER'),
(1192, 'KALINICHENKO Vitaliy', 'M', '1993/08/9', 'UKR'),
(1193, 'KALTOUNKOVA Kristyna', 'F', '2002/04/14', 'CZE'),
(1194, 'KAM Ellie', 'F', '2004/12/20', 'USA'),
(1195, 'KAMBUNDJI Muswama', 'F', '1996/01/2', 'SUI'),
(1196, 'KAMPF David', 'M', '1995/01/12', 'CZE'),
(1197, 'KANAI Rika', 'F', '2005/09/25', 'JPN'),
(1198, 'KANEPPELE Sara', 'F', '2003/06/30', 'ITA'),
(1199, 'KANIA Marek', 'M', '1999/04/02', 'POL'),
(1200, 'KAPANEN Oliver', 'M', '2003/07/29', 'FIN'),
(1201, 'KAPARKALEJA Linda', 'F', '2006/09/14', 'LAT'),
(1202, 'KAPARKALEJS Lauris', 'M', '2003/12/13', 'LAT'),
(1203, 'KAPP Benjamin', 'M', '2002/07/9', 'GER'),
(1204, 'KAPPACHER Adam', 'M', '1993/12/15', 'AUT'),
(1205, 'KAPUSTIK Hektor', 'M', '2007/04/23', 'SVK'),
(1206, 'KAPUSTIKOVA Kira Maria', 'F', '2009/04/13', 'SVK'),
(1207, 'KAPUSTOVA Ema', 'F', '2002/12/14', 'SVK'),
(1208, 'KARALIOVA Hanna', 'F', '1998/09/08', 'AIN'),
(1209, 'KARAVA Anni', 'F', '2000/04/28', 'FIN'),
(1210, 'KARHUMAA Wille', 'M', '2000/06/07', 'FIN'),
(1211, 'KARHUNEN Iida', 'F', '2008/04/5', 'FIN'),
(1212, 'KARIM Muhammad', 'M', '1995/05/1', 'PAK'),
(1213, 'KARJALAINEN Rasmus', 'M', '1996/04/4', 'FIN'),
(1214, 'KARJALAINEN Sini', 'F', '1999/01/30', 'FIN'),
(1215, 'KARKER Rachael', 'F', '1997/09/9', 'CAN'),
(1216, 'KARL Benjamin', 'M', '1985/10/16', 'AUT'),
(1217, 'KARLIK Mikulas', 'M', '1999/05/17', 'CZE'),
(1218, 'KARLSSON Erik', 'M', '1990/05/31', 'SWE'),
(1219, 'KARLSSON Frida', 'F', '1999/08/10', 'SWE'),
(1220, 'KARLSSON Ida', 'F', '2004/06/30', 'SWE'),
(1221, 'KARRER Hanna', 'F', '2008/02/6', 'AUT'),
(1222, 'KARVINEN Michelle', 'F', '1990/03/27', 'FIN'),
(1223, 'KASE Ondrej', 'M', '1995/11/8', 'CZE'),
(1224, 'KASPER Vanessa', 'F', '1996/12/08', 'SUI'),
(1225, 'KASTLUNGER Tobias', 'M', '1999/09/9', 'ITA'),
(1226, 'KATZ Omer', 'M', '1998/04/21', 'ISR'),
(1227, 'KAUF Jaelin', 'F', '1996/09/26', 'USA'),
(1228, 'KAUFMANIS Davis', 'M', '1998/04/16', 'LAT'),
(1229, 'KAUFMANIS Lauris', 'M', '1998/04/16', 'LAT'),
(1230, 'KAWAGUCHI Riko', 'F', '2004/09/19', 'JPN'),
(1231, 'KAZIMOV Asaf', 'M', '2000/03/12', 'ESP'),
(1232, 'KEHVA Mark-Markos', 'M', '2004/04/12', 'EST'),
(1233, 'KEISALA Anni', 'F', '1997/04/5', 'FIN'),
(1234, 'KEISINGER Felix', 'M', '1997/12/29', 'GER'),
(1235, 'KELEMEN Milos', 'M', '1999/07/6', 'SVK'),
(1236, 'KELLER Antoine', 'M', '2004/10/06', 'FRA'),
(1237, 'KELLER Clayton', 'M', '1998/07/29', 'USA'),
(1238, 'KELLER Megan', 'F', '1996/05/1', 'USA'),
(1239, 'KEMMISSA Abderrahim', 'M', '1994/04/10', 'MAR'),
(1240, 'KEMPE Adrian', 'M', '1996/09/13', 'SWE'),
(1241, 'KEMPNY Michal', 'M', '1990/09/8', 'CZE'),
(1242, 'KENNEDY Marc', 'M', '1982/02/5', 'CAN'),
(1243, 'KENWORTHY Gus', 'M', '1991/10/1', 'GBR'),
(1244, 'KERANEN Noora', 'F', '2001/10/17', 'FIN'),
(1245, 'KERKHOFF Bente', 'F', '2001/12/28', 'NED'),
(1246, 'KERN Julia', 'F', '1997/09/12', 'USA'),
(1247, 'KERTESZ Attila Mihaly', 'M', '1988/07/08', 'ISR'),
(1248, 'KETTERSON Zak', 'M', '1997/04/02', 'USA'),
(1249, 'KHAN Arif Mohd', 'M', '1990/03/9', 'IND'),
(1250, 'KHAN Yana', 'F', '2000/09/06', 'KAZ'),
(1251, 'KHASHIRBAYEV Sherzod', 'M', '2003/04/14', 'KAZ'),
(1252, 'KHOKHLOV Rostislav', 'M', '2007/05/11', 'KAZ'),
(1253, 'KIHARA Ryuichi', 'M', '1992/08/22', 'JPN'),
(1254, 'KIM Bea', 'F', '2007/01/25', 'USA'),
(1255, 'KIM Brandon', 'M', '2001/08/30', 'USA'),
(1256, 'KIM Chloe', 'F', '2000/04/23', 'USA'),
(1257, 'KIM Daeun', 'F', '2005/01/15', 'KOR'),
(1258, 'KIM Geonhui', 'M', '2008/07/08', 'KOR'),
(1259, 'KIM Gilli', 'F', '2004/07/01', 'KOR'),
(1260, 'KIM Hayeong', 'F', '2002/12/26', 'KOR'),
(1261, 'KIM Hyeonggeun', 'M', '1999/04/07', 'KOR'),
(1262, 'KIM Hyungyeom', 'M', '2006/06/27', 'KOR'),
(1263, 'KIM Jinsu', 'M', '1992/06/13', 'KOR'),
(1264, 'KIM Jisoo', 'M', '1995/01/3', 'KOR'),
(1265, 'KIM Jun-Ho', 'M', '1995/10/09', 'KOR'),
(1266, 'KIM Min-Seok', 'M', '1999/06/14', 'HUN'),
(1267, 'KIM Min-Sun', 'F', '1999/06/16', 'KOR'),
(1268, 'KIM Minji', 'F', '1999/08/16', 'KOR'),
(1269, 'KIM Sangkyum', 'M', '1989/01/30', 'KOR'),
(1270, 'KIM Seonyeong', 'F', '1993/05/18', 'KOR'),
(1271, 'KIM Suji', 'F', '1998/02/16', 'KOR'),
(1272, 'KIM Sunwook', 'M', '1988/04/22', 'KOR'),
(1273, 'KIM Yooran', 'F', '1992/04/23', 'KOR'),
(1274, 'KIMATA Ryoma', 'M', '2002/07/24', 'JPN'),
(1275, 'KIMURA Kira', 'M', '2004/06/30', 'JPN'),
(1276, 'KINDL Wolfgang', 'M', '1988/04/18', 'AUT'),
(1277, 'KING Eloise Yung Shih', 'F', '2005/01/20', 'HKG'),
(1278, 'KINGSBURY Mikael', 'M', '1992/07/24', 'CAN'),
(1279, 'KIPP Lara Michaela', 'F', '2002/10/4', 'AUT'),
(1280, 'KIREYEV Vladislav', 'M', '2000/09/24', 'KAZ'),
(1281, 'KIRIYAMA Nanaho', 'F', '1996/07/19', 'JPN'),
(1282, 'KIRKBY Sophia', 'F', '2001/06/14', 'USA'),
(1283, 'KIRKEEIDE Maren', 'F', '2003/03/1', 'NOR'),
(1284, 'KIRKHUS Oyvind', 'M', '2002/05/14', 'NOR'),
(1285, 'KISTLER Jon', 'M', '2003/06/25', 'SUI'),
(1286, 'KIVIRANTA Joel', 'M', '1996/03/23', 'FIN'),
(1287, 'KIYADARBANDSARI Mohammad', 'M', '1989/10/9', 'IRI'),
(1288, 'KJELLBIN Anna', 'F', '1994/03/16', 'SWE'),
(1289, 'KLAEBO Johannes Hoesflot', 'M', '1996/10/22', 'NOR'),
(1290, 'KLAPPROTT Luisa', 'F', '2002/02/01', 'GER'),
(1291, 'KLAVA Mairis', 'M', '1999/07/16', 'LAT'),
(1292, 'KLEE Beda', 'M', '1996/06/16', 'SUI'),
(1293, 'KLEIN Moritz', 'M', '2000/09/15', 'GER'),
(1294, 'KLEMENCIC Polona', 'F', '1997/04/16', 'SLO'),
(1295, 'KLEMETTINEN Jimi', 'M', '2005/09/02', 'FIN'),
(1296, 'KLETTE Hans-Inge', 'M', '1997/08/17', 'NOR'),
(1297, 'KLEVELAND Marcus', 'M', '1999/04/25', 'NOR'),
(1298, 'KLIMA Lukas', 'M', '1991/02/19', 'CZE'),
(1299, 'KLIPA Lukas', 'M', '1997/03/11', 'CZE'),
(1300, 'KLUFTS Evan', 'M', '1997/07/31', 'FRA'),
(1301, 'KLUGE Laura', 'F', '1996/11/6', 'GER'),
(1302, 'KLUWIG Leonie', 'F', '1998/11/30', 'GER'),
(1303, 'KNAK Simon', 'M', '2002/01/27', 'SUI'),
(1304, 'KNIGHT Hilary', 'F', '1989/07/12', 'USA'),
(1305, 'KNOCHENHAUER Agnes', 'F', '1989/05/5', 'SWE'),
(1306, 'KNOTTEN Karoline Offigstad', 'F', '1995/01/6', 'NOR'),
(1307, 'KOBAYASHI Mina', 'F', '2002/07/20', 'JPN'),
(1308, 'KOBAYASHI Ryoyu', 'M', '1996/11/8', 'JPN'),
(1309, 'KOBAYASHI Ryuto', 'M', '1996/02/16', 'JPN'),
(1310, 'KOBAYASHI Seiya', 'M', '2001/08/11', 'JPN'),
(1311, 'KOBLET Kalle', 'M', '1997/08/17', 'SUI'),
(1312, 'KOCERGINA Natalja', 'F', '1985/04/17', 'LTU'),
(1313, 'KOCH Anders', 'M', '1996/07/17', 'DEN'),
(1314, 'KOCH Patrik', 'M', '1996/12/8', 'SVK'),
(1315, 'KOEHLER Ashley', 'F', '1983/08/9', 'CAN'),
(1316, 'KOGA Yuna', 'F', '2002/04/02', 'JPN'),
(1317, 'KOHALA Svante', 'M', '1998/02/9', 'SWE'),
(1318, 'KOHALA Tove', 'F', '2001/01/29', 'SWE'),
(1319, 'KOIKE Shiori', 'F', '1993/03/21', 'JPN'),
(1320, 'KOIVISTO Kuura', 'M', '2000/12/25', 'FIN'),
(1321, 'KOK Femke', 'F', '2000/10/5', 'NED'),
(1322, 'KOKAJ Drin', 'M', '2003/08/28', 'KOS'),
(1323, 'KOLEGA Samuel', 'M', '1999/01/15', 'CRO'),
(1324, 'KOLESNIK Vadym', 'M', '2001/10/27', 'USA'),
(1325, 'KOLMAKOV Pavel', 'M', '1996/08/14', 'KAZ'),
(1326, 'KOLODZIEJ Aleksandra', 'F', '2004/02/14', 'POL'),
(1327, 'KOMAR Katra', 'F', '2001/05/16', 'SLO'),
(1328, 'KONDO Kokone', 'F', '2003/02/19', 'JPN'),
(1329, 'KONG Fanyu', 'F', '1993/06/6', 'CHN'),
(1330, 'KONGSHAUG Peder', 'M', '2001/08/13', 'NOR'),
(1331, 'KONVALINKA Jiri', 'M', '2004/11/27', 'CZE'),
(1332, 'KONYA Adam', 'M', '1992/12/19', 'HUN'),
(1333, 'KOO Kyung-Min', 'M', '2005/01/02', 'KOR'),
(1334, 'KORA Salome', 'F', '1994/06/8', 'SUI'),
(1335, 'KORHONEN Minja', 'F', '2007/05/19', 'FIN'),
(1336, 'KOROSTELEV Savelii', 'M', '2003/11/30', 'AIN'),
(1337, 'KORPISALO Joonas', 'M', '1994/04/28', 'FIN'),
(1338, 'KORZHOVA Kseniia', 'F', '2004/09/30', 'AIN'),
(1339, 'KOSHKIN Yevgeniy', 'M', '2002/11/24', 'KAZ'),
(1340, 'KOSIR Zan', 'M', '1984/04/11', 'SLO'),
(1341, 'KOSKINEN Silja', 'F', '2004/01/07', 'FIN'),
(1342, 'KOSTER Timme', 'M', '2002/12/12', 'NED'),
(1343, 'KOSTNER Aaron', 'M', '1999/07/8', 'ITA'),
(1344, 'KOSTNER Diego', 'M', '1992/08/5', 'ITA'),
(1345, 'KOTANI Yuna', 'F', '1998/05/26', 'JPN'),
(1346, 'KOTNIK Gloria', 'F', '1989/06/1', 'SLO'),
(1347, 'KOTOVSKYI Dmytro', 'M', '2001/11/8', 'UKR'),
(1348, 'KOTSAR Kateryna', 'F', '2000/06/27', 'UKR'),
(1349, 'KOUDELKA Roman', 'M', '1989/07/9', 'CZE'),
(1350, 'KOUYOUMDJIAN Yianno', 'M', '1997/01/08', 'CYP'),
(1351, 'KOVACIC Maja', 'F', '2006/05/22', 'SLO'),
(1352, 'KOVALEV Camille', 'F', '1994/11/29', 'FRA'),
(1353, 'KOVALEV Pavel', 'M', '1992/01/04', 'FRA'),
(1354, 'KOYAMA Remi', 'F', '2000/07/17', 'JPN'),
(1355, 'KOZICA Anika', 'F', '1997/06/05', 'CRO'),
(1356, 'KOZOMARA Lina', 'F', '2005/07/21', 'SUI'),
(1357, 'KRAFT Stefan', 'M', '1993/05/13', 'AUT'),
(1358, 'KRAMER Kendall', 'F', '2002/06/26', 'USA'),
(1359, 'KRAMPE Samanta', 'F', '2003/03/27', 'LAT'),
(1360, 'KRANJEC Zan', 'M', '1992/11/15', 'SLO'),
(1361, 'KRANZ Martin', 'M', '2002/11/28', 'LIE'),
(1362, 'KRASHNIAK Alexander', 'M', '2004/08/19', 'BUL'),
(1363, 'KRASTENBERGS Renars', 'M', '1998/12/26', 'LAT'),
(1364, 'KRASTS Lukass', 'M', '2001/01/3', 'LAT'),
(1365, 'KRAUSOVA Lucie', 'F', '1986/03/10', 'CZE'),
(1366, 'KRCMAR Michal', 'M', '1991/01/23', 'CZE'),
(1367, 'KREHER Susanne', 'F', '1998/12/20', 'GER'),
(1368, 'KREHL Sofie', 'F', '1995/09/22', 'GER'),
(1369, 'KRIECHMAYR Vincent', 'M', '1991/10/1', 'AUT'),
(1370, 'KRISTINSDOTTIR Sonja Li', 'F', '2006/01/15', 'ISL'),
(1371, 'KRISTOFFERSEN Henrik', 'M', '1994/07/2', 'NOR'),
(1372, 'KRIZOVA Denisa', 'F', '1994/11/3', 'CZE'),
(1373, 'KROL-WALAS Aleksandra', 'F', '1990/11/20', 'POL'),
(1374, 'KROUPA Matyas', 'M', '2006/06/01', 'CZE'),
(1375, 'KRUEGER Derek', 'M', '2003/06/02', 'USA'),
(1376, 'KRUMME Avery', 'F', '2008/08/23', 'USA'),
(1377, 'KRUZBERGS Roberts', 'M', '2001/04/18', 'LAT'),
(1378, 'KRYEZIU Kiana', 'F', '2004/11/11', 'KOS'),
(1379, 'KRYLOVA Alena', 'F', '2002/10/11', 'AIN'),
(1380, 'KRZEMPEK Milosz', 'M', '2003/05/01', 'POL'),
(1381, 'KUBALIK Dominik', 'M', '1995/08/21', 'CZE'),
(1382, 'KUDO Rise', 'F', '2009/08/28', 'JPN'),
(1383, 'KUEHNHAUSER Max', 'M', '2003/10/21', 'GER'),
(1384, 'KUELM Susan', 'F', '1996/08/13', 'EST'),
(1385, 'KUEMPER Darcy', 'M', '1990/05/5', 'CAN'),
(1386, 'KUHN Kaila', 'F', '2003/04/8', 'USA'),
(1387, 'KUKAN Dean', 'M', '1993/07/8', 'SUI'),
(1388, 'KULBIN Jakob', 'M', '2005/07/20', 'EST'),
(1389, 'KULESZA Wiktor', 'M', '2003/08/28', 'POL'),
(1390, 'KULISS Fedirs', 'M', '2005/03/26', 'LAT'),
(1391, 'KUNDRATEK Tomas', 'M', '1989/12/26', 'CZE'),
(1392, 'KUNKEL Robert', 'M', '1999/04/28', 'GER'),
(1393, 'KUOPPALA Ida', 'F', '2000/02/17', 'FIN'),
(1394, 'KURAKOVA Ekaterina', 'F', '2002/06/24', 'POL'),
(1395, 'KURASHEV Philipp', 'M', '1999/10/12', 'SUI'),
(1396, 'KURATSUBO Katsuhiro', 'M', '2001/04/02', 'JPN'),
(1397, 'KUZMINA Anastasiya', 'F', '1984/08/28', 'SVK'),
(1398, 'KUZNIETSOV Maksym', 'M', '2004/02/02', 'UKR'),
(1399, 'KVANDAL Eirin Maria', 'F', '2001/12/12', 'NOR'),
(1400, 'KWIATKOWSKI Oskar', 'M', '1996/04/25', 'POL'),
(1401, 'KWOK Tsz Fung', 'M', '2004/12/31', 'HKG'),
(1402, 'KYRKKO Emilia', 'F', '2004/02/24', 'FIN'),
(1403, 'KYTOESAHO Niko', 'M', '1999/12/18', 'FIN'),
(1404, 'LABASTOVA Alena', 'F', '2002/01/04', 'CZE'),
(1405, 'LABORDE DIT PERE Issa Gachingiri', 'M', '2007/03/12', 'KEN'),
(1406, 'LACHAT-COUCHEPIN Pablo', 'M', '2000/10/20', 'SUI'),
(1407, 'LACK Saskja', 'F', '2000/04/18', 'SUI'),
(1408, 'LACZKO Lara Vanda', 'F', '2006/05/28', 'HUN'),
(1409, 'LAEGREID Sturla Holm', 'M', '1997/02/20', 'NOR'),
(1410, 'LAFFONT Perrine', 'F', '1998/10/28', 'FRA'),
(1411, 'LAGHA Zachary', 'M', '1999/04/15', 'CAN'),
(1412, 'LAIDLAW Harry', 'M', '1996/03/1', 'AUS'),
(1413, 'LAINE Tormis', 'M', '2000/08/6', 'EST'),
(1414, 'LAITINEN Nelli', 'F', '2002/04/29', 'FIN'),
(1415, 'LAJOIE Marjorie', 'F', '2000/11/6', 'CAN'),
(1416, 'LAJUNEN Elias', 'M', '2007/06/23', 'FIN'),
(1417, 'LALIBERTE-ROY Rose', 'F', '1998/12/12', 'CAN'),
(1418, 'LAM Ching Yan', 'F', '2006/03/02', 'HKG'),
(1419, 'LAMARCHE Beatrice', 'F', '1998/10/1', 'CAN'),
(1420, 'LAMBERT Adam', 'M', '1982/01/29', 'AUS'),
(1421, 'LAMMIE Bobby', 'M', '1997/02/10', 'GBR'),
(1422, 'LAMONTAGNE Justine', 'F', '2002/10/20', 'CAN'),
(1423, 'LAMPARTER Johannes', 'M', '2001/11/8', 'AUT'),
(1424, 'LAMPIC Anamarija', 'F', '1995/06/17', 'SLO'),
(1425, 'LAMURE Marie', 'F', '2001/07/14', 'FRA'),
(1426, 'LANDESKOG Gabriel', 'M', '1992/11/23', 'SWE'),
(1427, 'LANGENHAN Max', 'M', '1999/02/21', 'GER'),
(1428, 'LANGER Thierry', 'M', '1991/10/24', 'BEL'),
(1429, 'LANISEK Anze', 'M', '1996/04/20', 'SLO'),
(1430, 'LANKINEN Kevin', 'M', '1995/04/28', 'FIN'),
(1431, 'LAOUN Maxime', 'M', '1996/08/12', 'CAN'),
(1432, 'LAPALUS Hugo', 'M', '1998/07/09', 'FRA'),
(1433, 'LAPANJA Lila', 'F', '1994/12/03', 'SLO'),
(1434, 'LAPIERRE Jules', 'M', '1996/01/2', 'FRA'),
(1435, 'LARKIN Dylan', 'M', '1996/07/30', 'USA'),
(1436, 'LARKIN Thomas', 'M', '1990/12/31', 'ITA'),
(1437, 'LAROCQUE Jocelyne', 'F', '1988/05/19', 'CAN'),
(1438, 'LARSEN My', 'F', '1999/02/9', 'DEN'),
(1439, 'LASKOVA Dominika', 'F', '1996/12/20', 'CZE'),
(1440, 'LASSEN Matias', 'M', '1996/03/15', 'DEN'),
(1441, 'LAURIAULT Marie-Jade', 'F', '1996/11/10', 'CAN'),
(1442, 'LAURIDSEN Markus', 'M', '1991/02/28', 'DEN'),
(1443, 'LAURIDSEN Oliver', 'M', '1989/03/24', 'DEN'),
(1444, 'LAWRENCE Taylor', 'M', '1996/08/13', 'GBR'),
(1445, 'LECHNER Christoph', 'M', '2000/12/08', 'GER'),
(1446, 'LECHNER Florian', 'M', '1981/03/3', 'AUT'),
(1447, 'LECLERC Sophie', 'F', '1997/08/14', 'FRA'),
(1448, 'LEDECKA Ester', 'F', '1995/03/23', 'CZE'),
(1449, 'LEE Chaeun', 'M', '2006/04/11', 'KOR'),
(1450, 'LEE Chieh-Han', 'M', '1993/07/23', 'TPE'),
(1451, 'LEE Doyun', 'M', '2003/09/30', 'KOR'),
(1452, 'LEE Eui Jin', 'F', '2001/07/31', 'KOR'),
(1453, 'LEE Eunice', 'F', '2004/11/11', 'USA'),
(1454, 'LEE Geonu', 'M', '2000/05/23', 'KOR'),
(1455, 'LEE Haein', 'F', '2005/04/16', 'KOR'),
(1456, 'LEE Jeongmin', 'M', '2002/01/25', 'KOR'),
(1457, 'LEE Jio', 'M', '2008/10/24', 'KOR'),
(1458, 'LEE Joonseo', 'M', '2003/06/09', 'KOR'),
(1459, 'LEE Juneseo', 'M', '2000/06/03', 'KOR'),
(1460, 'LEE Kyung Yeon', 'M', '1995/02/27', 'KOR'),
(1461, 'LEE Na-Hyun', 'F', '2005/12/14', 'KOR'),
(1462, 'LEE Nayoon', 'F', '2003/10/23', 'KOR'),
(1463, 'LEE Sangho', 'M', '1995/09/12', 'KOR'),
(1464, 'LEE Seunghun', 'M', '1988/04/06', 'KOR'),
(1465, 'LEE Soyeon', 'F', '1993/04/16', 'KOR'),
(1466, 'LEE Soyoung', 'F', '1989/02/25', 'KOR'),
(1467, 'LEE Wen-Yi', 'F', '2002/11/02', 'TPE'),
(1468, 'LEE Yoonseung', 'M', '2008/01/28', 'KOR'),
(1469, 'LEEMANN Sinja', 'F', '2002/04/19', 'SUI'),
(1470, 'LEERDAM Jutta', 'F', '1998/12/30', 'NED'),
(1471, 'LEFEBVRE Lionel', 'M', '1992/04/28', 'FRA'),
(1472, 'LEGNAVSKY Gustav', 'M', '2005/09/23', 'NZL'),
(1473, 'LEGOVIC Matija', 'M', '2005/11/15', 'CRO'),
(1474, 'LEHKONEN Artturi', 'M', '1995/07/4', 'FIN'),
(1475, 'LEHMAN Emery', 'M', '1996/06/13', 'USA'),
(1476, 'LEHTO Elian', 'M', '2000/06/02', 'FIN'),
(1477, 'LEHTONEN Mikko', 'M', '1994/01/16', 'FIN'),
(1478, 'LEHTONEN Venla', 'F', '1995/03/10', 'FIN'),
(1479, 'LEINAMO Sonja', 'F', '2002/02/22', 'FIN'),
(1480, 'LEMLEY Elizabeth', 'F', '2006/01/22', 'USA'),
(1481, 'LENHERR Lorenz', 'M', '1998/07/22', 'LIE'),
(1482, 'LESIUK Taras', 'M', '1996/08/21', 'UKR'),
(1483, 'LETAI Julie', 'F', '2000/06/23', 'USA'),
(1484, 'LEVEQUE Aurelie', 'F', '2001/07/14', 'FRA'),
(1485, 'LEVI Deborah', 'F', '1997/08/28', 'GER'),
(1486, 'LEVITO Isabeau', 'F', '2007/03/3', 'USA'),
(1487, 'LI Chunjian', 'M', '1996/04/3', 'CHN'),
(1488, 'LI Fanghui', 'F', '2003/03/10', 'CHN'),
(1489, 'LI Jiaxuan', 'F', '2004/02/11', 'CHN'),
(1490, 'LI Minglin', 'M', '2001/04/03', 'CHN'),
(1491, 'LI Ruilin', 'F', '2006/08/17', 'CHN'),
(1492, 'LI Tianma', 'M', '2001/10/18', 'CHN'),
(1493, 'LI Wenhao', 'M', '1983/05/26', 'CHN'),
(1494, 'LI Wenlong', 'M', '1991/12/16', 'CHN'),
(1495, 'LI Wenwen', 'F', '2000/03/5', 'CHN'),
(1496, 'LI Yu-Hsiang', 'M', '2006/11/22', 'TPE'),
(1497, 'LI Zhichao', 'M', '2001/11/27', 'CHN'),
(1498, 'LIAN Ziwen', 'M', '1998/09/26', 'CHN'),
(1499, 'LIANG Yu-Chieh', 'F', '2001/05/17', 'TPE'),
(1500, 'LIANG Yuxin', 'F', '2007/02/07', 'CHN'),
(1501, 'LIE Ellen Soehol', 'F', '1994/08/23', 'AUS'),
(1502, 'LIE Kajsa Vickhoff', 'F', '1998/06/20', 'NOR'),
(1503, 'LIE Lotte', 'F', '1995/09/6', 'BEL'),
(1504, 'LIEKARI Emil', 'M', '2001/05/03', 'FIN'),
(1505, 'LIETHA Arno', 'M', '1998/11/20', 'SUI'),
(1506, 'LIIKALA Julia', 'F', '2001/03/20', 'FIN'),
(1507, 'LIIV Marten', 'M', '1996/12/23', 'EST'),
(1508, 'LILL Harri', 'M', '1991/07/22', 'EST'),
(1509, 'LILLIS Christopher', 'M', '1998/10/4', 'USA'),
(1510, 'LIM Hannah', 'F', '2004/11/19', 'KOR'),
(1511, 'LIM Leewon', 'F', '2007/12/06', 'KOR'),
(1512, 'LIN Qinwei', 'M', '1999/11/7', 'CHN'),
(1513, 'LIN Sin-Rong', 'F', '1998/07/03', 'TPE'),
(1514, 'LIN Song-En', 'F', '2006/06/16', 'TPE'),
(1515, 'LIN Xiaojun', 'M', '1996/05/29', 'CHN'),
(1516, 'LINDELL Esa', 'M', '1994/05/23', 'FIN'),
(1517, 'LINDHOLM Elias', 'M', '1994/12/2', 'SWE'),
(1518, 'LINDHOLM Hampus', 'M', '1994/01/20', 'SWE'),
(1519, 'LINDVIK Marius', 'M', '1998/06/27', 'NOR'),
(1520, 'LINTON Jessica', 'F', '2001/09/14', 'CAN'),
(1521, 'LIPPERHEIDE Kira', 'F', '2000/02/7', 'GER'),
(1522, 'LISKA Adam', 'M', '1999/10/14', 'SVK'),
(1523, 'LISOHOR Oleksandr', 'M', '1998/09/4', 'UKR'),
(1524, 'LITVINTSEV Vladimir', 'M', '2001/02/18', 'AZE'),
(1525, 'LIU Alysa', 'F', '2005/09/08', 'USA'),
(1526, 'LIU Hanbin', 'M', '2006/08/5', 'CHN'),
(1527, 'LIU Jiayu', 'F', '1992/09/17', 'CHN'),
(1528, 'LIU Mengting', 'F', '2004/04/23', 'CHN'),
(1529, 'LIU Qi', 'F', '1996/02/27', 'CHN'),
(1530, 'LIU Shaoang', 'M', '1998/03/13', 'CHN'),
(1531, 'LIU Xiaochen', 'M', '2002/06/30', 'CHN'),
(1532, 'LIU Xinyu', 'M', '1994/10/16', 'CHN'),
(1533, 'LIU Yishan', 'F', '2007/02/16', 'CHN'),
(1534, 'LJUNGBLOM Lina', 'F', '2001/10/15', 'SWE'),
(1535, 'LJUTIC Zrinka', 'F', '2004/01/26', 'CRO'),
(1536, 'LLOP IZQUIERDO Nil', 'M', '2002/09/20', 'ESP'),
(1537, 'LO DESERTO Marta', 'F', '2002/03/30', 'ITA'),
(1538, 'LOBIS Laura', 'F', '2006/03/25', 'ITA'),
(1539, 'LOCH Cheyenne', 'F', '1999/02/21', 'GER'),
(1540, 'LOCH Felix', 'M', '1989/07/24', 'GER'),
(1541, 'LOCHNER Johannes', 'M', '1990/10/15', 'GER'),
(1542, 'LOCMELIS Dans', 'M', '2004/01/21', 'LAT'),
(1543, 'LODOEN Trym Dalset', 'M', '2002/08/22', 'NOR'),
(1544, 'LOETSCHER Isabelle', 'F', '2004/05/20', 'SUI'),
(1545, 'LOIZIDOU Andrea', 'F', '2006/12/06', 'CYP'),
(1546, 'LOLLOBRIGIDA Francesca', 'F', '1991/02/07', 'ITA'),
(1547, 'LOMBARDOT Oscar', 'M', '2000/04/23', 'FRA'),
(1548, 'LONGINO Andrew', 'M', '2002/07/18', 'CAN'),
(1549, 'LOOMIS Benjamin', 'M', '1998/06/9', 'USA'),
(1550, 'LOPAREVA Evgeniia', 'F', '2000/05/30', 'FRA'),
(1551, 'LORELLO Riccardo', 'M', '2002/12/5', 'ITA'),
(1552, 'LOTHOLZ Melissa', 'F', '1992/12/2', 'CAN'),
(1553, 'LOUBINEAUD Timothy', 'M', '1996/06/5', 'FRA'),
(1554, 'LOVAS Aurora Grinden', 'F', '2005/04/14', 'NOR'),
(1555, 'LOVE Kaysha', 'F', '1997/09/24', 'USA'),
(1556, 'LOVERA Victor', 'M', '2000/06/5', 'FRA'),
(1557, 'LOZBERS Rihards', 'M', '2009/04/21', 'LAT'),
(1558, 'LUCHIN Iulian', 'M', '2004/12/09', 'MDA'),
(1559, 'LUNDELL Anton', 'M', '2001/10/3', 'FIN'),
(1560, 'LUNDHOLM Elis', 'F', '2002/07/10', 'SWE'),
(1561, 'LUNDIN Sofie', 'F', '2000/02/15', 'SWE'),
(1562, 'LUNDUP Stanzin', 'M', '1998/06/11', 'IND'),
(1563, 'LUOSTARINEN Eetu', 'M', '1998/09/2', 'FIN'),
(1564, 'LUSSNIG Nicolas', 'M', '2001/05/20', 'AUT'),
(1565, 'LUTE Kamryn', 'F', '2004/08/28', 'USA'),
(1566, 'LUTZ Lena Marie', 'F', '2001/07/12', 'SUI'),
(1567, 'LYNCH Benjamin', 'M', '2002/09/08', 'IRL'),
(1568, 'LaCOMBE Jackson', 'M', '2001/01/9', 'USA'),
(1569, 'MAAG Natalie', 'F', '1997/11/29', 'SUI'),
(1570, 'MAATTA Olli', 'M', '1994/08/22', 'FIN'),
(1571, 'MACII Niccolo', 'M', '1995/10/18', 'ITA'),
(1572, 'MACKAY Brendan', 'M', '1997/06/7', 'CAN'),
(1573, 'MACKELS Marek', 'M', '1999/05/18', 'BEL'),
(1574, 'MACKIE Alison', 'F', '2005/10/8', 'CAN'),
(1575, 'MADEROVA Zuzana', 'F', '2003/09/20', 'CZE'),
(1576, 'MAEDA Suzuka', 'F', '1996/10/16', 'JPN'),
(1577, 'MAES Sam', 'M', '1998/06/7', 'BEL'),
(1578, 'MAGAZEEV Pavel', 'M', '1988/07/12', 'MDA'),
(1579, 'MAGNUSSEN Bjorn', 'M', '1998/01/2', 'NOR'),
(1580, 'MAGNUSSON Anna', 'F', '1995/03/31', 'SWE'),
(1581, 'MAHARAVO Vincent', 'M', '1997/07/05', 'FRA'),
(1582, 'MAIER Daniela', 'F', '1996/03/4', 'GER'),
(1583, 'MAIER Samuel', 'M', '1999/10/3', 'AUT'),
(1584, 'MAJOR Billy', 'M', '1996/11/21', 'GBR'),
(1585, 'MAJOR Dominik', 'M', '2006/07/28', 'HUN'),
(1586, 'MAJOROV Nikolaj', 'M', '2000/08/18', 'SWE'),
(1587, 'MAKA Anna', 'F', '1992/05/22', 'POL'),
(1588, 'MAKAR Cale', 'M', '1998/10/30', 'CAN'),
(1589, 'MAKAROV Maksim', 'M', '1995/12/09', 'MDA'),
(1590, 'MAKI Joni', 'M', '1995/01/24', 'FIN'),
(1591, 'MALACINSKI Niklas', 'M', '2003/12/7', 'USA'),
(1592, 'MALFATTI Michele', 'M', '1994/12/31', 'ITA'),
(1593, 'MALGIN Denis', 'M', '1997/01/18', 'SUI'),
(1594, 'MALHERBE Malica', 'F', '2004/08/17', 'RSA'),
(1595, 'MALININ Ilia', 'M', '2004/12/2', 'USA'),
(1596, 'MALISZEWSKA Natalia', 'F', '1995/09/16', 'POL'),
(1597, 'MALLEIER Fabian', 'M', '1998/01/4', 'ITA'),
(1598, 'MALONEY WESTGAARD Thomas', 'M', '1995/10/10', 'IRL'),
(1599, 'MALSINER Jessica', 'F', '2002/09/23', 'ITA'),
(1600, 'MALTAIS Emma', 'F', '1999/11/4', 'CAN'),
(1601, 'MALTAIS Valerie', 'F', '1990/07/4', 'CAN'),
(1602, 'MALY Felix', 'M', '2000/09/15', 'GER'),
(1603, 'MAMCICS Roberts', 'M', '1995/04/6', 'LAT'),
(1604, 'MAMERI Margaux', 'F', '1997/04/12', 'FRA'),
(1605, 'MANDEL Kata', 'F', '2006/06/02', 'ROU'),
(1606, 'MANDELJC Anja', 'F', '1999/06/04', 'SLO'),
(1607, 'MANDLBAUER Jakob', 'M', '1998/11/24', 'AUT'),
(1608, 'MANDZIY Andriy', 'M', '1988/02/19', 'UKR'),
(1609, 'MANDZYN Vitalii', 'M', '2003/04/5', 'UKR'),
(1610, 'MANGANELLO Mia', 'F', '1989/10/27', 'USA'),
(1611, 'MANOLESCU Mihaela-Carmen', 'F', '1998/05/14', 'ROU'),
(1612, 'MANTENUTO Daniel', 'M', '1997/10/18', 'ITA'),
(1613, 'MARCH Aaron', 'M', '1986/05/14', 'ITA'),
(1614, 'MARCHAND Brad', 'M', '1988/05/11', 'CAN'),
(1615, 'MARCHANT Armand', 'M', '1997/12/14', 'BEL'),
(1616, 'MARCISZ Izabela', 'F', '2000/05/18', 'POL'),
(1617, 'MARGAGLIO Valentina', 'F', '1993/11/15', 'ITA'),
(1618, 'MARGIS Thorsten', 'M', '1989/08/14', 'GER'),
(1619, 'MARGUC Rok', 'M', '1986/05/25', 'SLO'),
(1620, 'MARIANI Rebecca', 'F', '2006/11/2', 'ITA'),
(1621, 'MARINCIN Martin', 'M', '1992/02/18', 'SVK'),
(1622, 'MARINEAU Dylan', 'M', '1998/09/28', 'CAN'),
(1623, 'MARKSTROM Jacob', 'M', '1990/01/31', 'SWE'),
(1624, 'MARKTHALER Lara', 'F', '2007/02/15', 'RSA'),
(1625, 'MARNER Mitch', 'M', '1997/05/5', 'CAN'),
(1626, 'MARSAK Kyrylo', 'M', '2004/09/7', 'UKR'),
(1627, 'MARTI Alina', 'F', '2004/04/23', 'SUI'),
(1628, 'MARTI Christian', 'M', '1993/03/29', 'SUI'),
(1629, 'MARTIN Oliver', 'M', '2008/06/15', 'USA'),
(1630, 'MARTINEZ LORENZO Regina', 'F', '1992/12/29', 'MEX'),
(1631, 'MARTSINOVSKYI Danyil', 'M', '2004/12/30', 'UKR'),
(1632, 'MARUSIAK Yevhen', 'M', '2000/03/16', 'UKR'),
(1633, 'MARUYAMA Nozomi', 'F', '1998/06/2', 'JPN'),
(1634, 'MASCHMEYER Emerance', 'F', '1994/10/5', 'CAN'),
(1635, 'MASTNAK Tim', 'M', '1991/01/31', 'SLO'),
(1636, 'MASTRO Maddie', 'F', '2000/02/22', 'USA'),
(1637, 'MASUHARA Miyuu', 'F', '2001/10/4', 'JPN'),
(1638, 'MATHIS Elena', 'F', '1999/08/31', 'ITA'),
(1639, 'MATIKANOV Mario', 'M', '2004/08/15', 'BUL'),
(1640, 'MATINPALO Nikolas', 'M', '1998/10/5', 'FIN'),
(1641, 'MATINTALO Johanna', 'F', '1996/12/11', 'FIN'),
(1642, 'MATOSSI Livio', 'M', '1997/05/28', 'SUI'),
(1643, 'MATSCHINA Magdalena', 'F', '2005/03/23', 'GER'),
(1644, 'MATSUURA Toma', 'M', '2002/09/23', 'JPN'),
(1645, 'MATT Michael', 'M', '1993/05/13', 'AUT'),
(1646, 'MATTEOLI Ian', 'M', '2005/12/30', 'ITA'),
(1647, 'MATTHEWS Auston', 'M', '1997/09/17', 'USA'),
(1648, 'MATTILA Sofia', 'F', '2006/05/24', 'FIN'),
(1649, 'MATTIVI Nadia', 'F', '2000/05/2', 'ITA'),
(1650, 'MAURER Nicole', 'F', '2000/01/28', 'CAN'),
(1651, 'MAURER Saskia', 'F', '2001/07/29', 'SUI'),
(1652, 'MAZET BROWN Txema', 'M', '2006/03/14', 'GBR'),
(1653, 'MAZURCHUK Dmytro', 'M', '1999/01/19', 'UKR'),
(1654, 'MAZZOCCHI Marta', 'F', '2004/08/23', 'ITA'),
(1655, 'MEDARD Indra', 'M', '1998/10/04', 'BEL'),
(1656, 'MEDJA Lucija', 'F', '2004/12/27', 'SLO'),
(1657, 'MEENTALO Grete-Mia', 'F', '2008/10/16', 'EST'),
(1658, 'MEIER Alina', 'F', '1996/02/19', 'SUI'),
(1659, 'MEIER Lea', 'F', '2001/03/2', 'SUI'),
(1660, 'MEIER Timo', 'M', '1996/10/8', 'SUI'),
(1661, 'MEILLARD Loic', 'M', '1996/10/29', 'SUI'),
(1662, 'MEILLARD Melanie', 'F', '1998/09/23', 'SUI'),
(1663, 'MELNIK Anna', 'F', '1998/02/05', 'KAZ'),
(1664, 'MELVILLE IVES Campbell', 'M', '2006/07/6', 'NZL'),
(1665, 'MELVILLE IVES Finley', 'M', '2006/07/6', 'NZL'),
(1666, 'MENG Fanqi', 'F', '1998/09/18', 'CHN'),
(1667, 'MENZIES Dane', 'M', '2005/03/27', 'NZL'),
(1668, 'MERIGUET Laure', 'F', '2008/08/15', 'SUI'),
(1669, 'MERKOVA Adela', 'F', '2001/03/23', 'CZE'),
(1670, 'MERKUSHYNA Oleksandra', 'F', '2005/01/14', 'UKR'),
(1671, 'MERZLIKINS Elvis', 'M', '1994/04/13', 'LAT'),
(1672, 'MESPLEDE Julia', 'F', '2002/10/12', 'FRA'),
(1673, 'MESSENZEHL Felix', 'M', '2003/09/21', 'GER'),
(1674, 'METELKINA Anastasiia', 'F', '2005/03/10', 'GEO'),
(1675, 'METTLER Lydia', 'F', '1996/12/23', 'SUI'),
(1676, 'MEYERS TAYLOR Elana', 'F', '1984/10/10', 'USA'),
(1677, 'MEYLEMANS Kim', 'F', '1996/03/7', 'BEL'),
(1678, 'MICHAELIS Marc', 'M', '1995/07/31', 'GER'),
(1679, 'MICHALSKI Piotr', 'M', '1994/07/27', 'POL'),
(1680, 'MICHAUD Trennt', 'M', '1996/08/22', 'CAN'),
(1681, 'MICHEL Sven', 'M', '1988/03/30', 'SUI'),
(1682, 'MICHELON Oceane', 'F', '2002/03/4', 'FRA'),
(1683, 'MICK Bruno', 'M', '2007/09/04', 'SVK'),
(1684, 'MICKEL Charlie', 'M', '2004/07/6', 'USA'),
(1685, 'MIJARES RUF Carla', 'F', '2002/10/28', 'AND'),
(1686, 'MIKAYELYAN Mikayel', 'M', '1999/07/10', 'ARM'),
(1687, 'MIKI Tsubaki', 'F', '2003/06/1', 'JPN'),
(1688, 'MIKKOLA Niko', 'M', '1996/04/27', 'FIN'),
(1689, 'MIKNIS Matiss', 'M', '1992/12/29', 'LAT'),
(1690, 'MIKUTINA Olga', 'F', '2003/10/6', 'AUT'),
(1691, 'MIKYSKA Tomas', 'M', '2000/02/2', 'CZE'),
(1692, 'MILAGROS Daniel', 'M', '2002/06/03', 'ESP'),
(1693, 'MILERSKA Anna', 'F', '2005/10/23', 'CZE'),
(1694, 'MILESI Enzo', 'M', '2003/03/08', 'FRA'),
(1695, 'MILLAUER Clemens', 'M', '1994/12/15', 'AUT'),
(1696, 'MILLER JT', 'M', '1993/03/14', 'USA'),
(1697, 'MILOSAVLJEVIC Milos', 'M', '1995/02/02', 'SRB'),
(1698, 'MINARIK Krystof', 'M', '2006/06/30', 'CZE'),
(1699, 'MINI Rafael', 'M', '2008/11/28', 'SMR'),
(1700, 'MINKKINEN Suvi', 'F', '1994/12/8', 'FIN'),
(1701, 'MIRADOLI Romane', 'F', '1994/03/10', 'FRA'),
(1702, 'MIRCEA Robert', 'M', '1999/08/09', 'ITA'),
(1703, 'MISE Edgars', 'M', '1998/12/22', 'LAT'),
(1704, 'MISKEW Emma', 'F', '1989/02/14', 'CAN'),
(1705, 'MITCHELL Kelsey', 'F', '1993/11/26', 'CAN'),
(1706, 'MITTERER Sebastian', 'M', '1993/11/13', 'AUT'),
(1707, 'MIURA Kao', 'M', '2005/06/8', 'JPN'),
(1708, 'MIURA Mei', 'F', '1998/11/16', 'JPN'),
(1709, 'MIURA Riku', 'F', '2001/12/17', 'JPN'),
(1710, 'MIYATA Shogo', 'M', '2003/01/27', 'JPN'),
(1711, 'MIZERNYKH Ilya', 'M', '2007/02/7', 'KAZ'),
(1712, 'MLYNKOVA Natalie', 'F', '2001/05/24', 'CZE'),
(1713, 'MOBAERG David', 'M', '1999/05/17', 'SWE'),
(1714, 'MOBAERG Erik', 'M', '1997/06/22', 'SWE'),
(1715, 'MOBAERG Linnea', 'F', '2001/06/22', 'SWE'),
(1716, 'MOCELLINI Simone', 'M', '1998/05/5', 'ITA'),
(1717, 'MOCH Friedrich', 'M', '2000/04/12', 'GER'),
(1718, 'MOCH Jakob Elias', 'M', '2006/02/21', 'GER'),
(1719, 'MOELGAARD Oscar', 'M', '2005/02/18', 'DEN'),
(1720, 'MOELLER Fredrik', 'M', '2000/10/27', 'NOR'),
(1721, 'MOFFATT Liam', 'M', '1997/03/30', 'CAN'),
(1722, 'MOHR Muriel', 'F', '2006/09/30', 'GER'),
(1723, 'MOILANEN Niilo', 'M', '2001/05/17', 'FIN'),
(1724, 'MOIOLI Michela', 'F', '1995/07/17', 'ITA'),
(1725, 'MOISAN Aurelie', 'F', '2005/01/26', 'CAN'),
(1726, 'MOKH Oleksandra', 'F', '2004/02/27', 'UKR'),
(1727, 'MOKRASOVA Lucia', 'F', '1994/03/27', 'SVK'),
(1728, 'MOLDOVAN Sofia Maria', 'F', '2008/12/13', 'ROU'),
(1729, 'MOLNAR Anna', 'F', '2001/09/07', 'AUT'),
(1730, 'MOLTZAN Paula', 'F', '1994/04/7', 'USA'),
(1731, 'MONNEY Alexis', 'M', '2000/01/8', 'SUI'),
(1732, 'MONSEN Marte', 'F', '2000/01/27', 'NOR'),
(1733, 'MONSORNO Nicole', 'F', '2000/02/7', 'ITA'),
(1734, 'MOON Heesung', 'M', '2006/09/15', 'KOR'),
(1735, 'MOON Wonjun', 'M', '2001/03/07', 'HUN'),
(1736, 'MOORE Mica', 'F', '1992/11/23', 'JAM'),
(1737, 'MOORE Micah', 'M', '1999/05/26', 'TTO'),
(1738, 'MORENO Cande', 'F', '2000/10/30', 'AND'),
(1739, 'MORGAN Annika', 'F', '2002/02/12', 'GER'),
(1740, 'MORIGUCHI Sumitada', 'M', '2001/12/29', 'JPN'),
(1741, 'MORINI Giovanni', 'M', '1995/02/2', 'ITA'),
(1742, 'MORISHIGE Wataru', 'M', '2000/07/17', 'JPN'),
(1743, 'MORITA Masaya', 'M', '2003/11/16', 'JPN'),
(1744, 'MOROZOVA Nadezhda', 'F', '1998/09/01', 'KAZ'),
(1745, 'MORRISON Rebecca', 'F', '1996/08/22', 'GBR'),
(1746, 'MORRISSEY Josh', 'M', '1995/03/28', 'CAN'),
(1747, 'MORSE Sam', 'M', '1996/05/27', 'USA'),
(1748, 'MORTON Darcie', 'F', '1999/12/24', 'AUS'),
(1749, 'MOSANER Amos', 'M', '1995/03/12', 'ITA'),
(1750, 'MOSER Benjamin', 'M', '1997/07/24', 'AUT'),
(1751, 'MOSER Janis', 'M', '2000/06/6', 'SUI'),
(1752, 'MOSER Nadia', 'F', '1997/07/16', 'CAN'),
(1753, 'MOSER Pascal', 'M', '1996/11/23', 'SUI'),
(1754, 'MOUAT Bruce', 'M', '1994/08/27', 'GBR'),
(1755, 'MOUILLE Thibaud', 'M', '1999/09/29', 'FRA'),
(1756, 'MOURA Bruna', 'F', '1994/04/24', 'BRA'),
(1757, 'MRAZEK Daniel', 'M', '2003/05/15', 'CZE'),
(1758, 'MRAZKOVA Katerina', 'F', '2006/08/25', 'CZE'),
(1759, 'MRAZOVA Katerina', 'F', '1992/10/19', 'CZE'),
(1760, 'MUEHLBACHER Julia', 'F', '2004/08/2', 'AUT'),
(1761, 'MUELLAUER Fabian', 'M', '2003/02/02', 'AUT'),
(1762, 'MUELLER Florian', 'M', '2001/10/09', 'GER'),
(1763, 'MUELLER Jonas', 'M', '1997/10/04', 'AUT'),
(1764, 'MUELLER Marcus', 'M', '2005/07/24', 'USA'),
(1765, 'MUHLETHALER Laurent', 'M', '1997/09/27', 'FRA'),
(1766, 'MUIR Kirsty', 'F', '2004/05/5', 'GBR'),
(1767, 'MUKOGAWA Sakurako', 'F', '1992/01/20', 'JPN'),
(1768, 'MULLER Alina', 'F', '1998/03/12', 'SUI'),
(1769, 'MULLER Jonas', 'M', '1994/10/04', 'GER'),
(1770, 'MULLER Marek', 'M', '2004/05/03', 'CZE'),
(1771, 'MULLER Moritz', 'M', '1986/11/19', 'GER'),
(1772, 'MURADA Giulia', 'F', '1998/07/3', 'ITA'),
(1773, 'MURASE Kokomo', 'F', '2004/11/7', 'JPN'),
(1774, 'MURATBEKOV Amirgali', 'M', '2005/06/16', 'KAZ'),
(1775, 'MURPHY Abbey', 'F', '2002/04/14', 'USA'),
(1776, 'MURPHY George', 'M', '1995/07/2', 'AUS'),
(1777, 'MURRAY-LAWRENCE Shaquille', 'M', '1993/10/30', 'CAN'),
(1778, 'MUSGRAVE Andrew', 'M', '1990/03/6', 'GBR'),
(1779, 'MUSKATEWITZ Marc', 'M', '1996/01/28', 'GER'),
(1780, 'MUZAFERIJA Elvedina', 'F', '1999/08/20', 'BIH'),
(1781, 'MUZATON Maxence', 'M', '1990/06/26', 'FRA'),
(1782, 'MYERS Greta', 'F', '2004/05/22', 'USA'),
(1783, 'MYHAL Daryna', 'F', '2005/03/22', 'UKR'),
(1784, 'MYHLBACK Alvar', 'M', '2006/03/22', 'SWE'),
(1785, 'MacKINNON Nathan', 'M', '1995/09/1', 'CAN'),
(1786, 'McAVOY Charlie', 'M', '1997/12/21', 'USA'),
(1787, 'McCABE Novie', 'F', '2001/12/15', 'USA'),
(1788, 'McCORMICK Chris', 'M', '1998/06/13', 'GBR'),
(1789, 'McDAVID Connor', 'M', '1997/01/13', 'CAN'),
(1790, 'McDERMOTT-MOSTOWY Conor', 'M', '1999/01/13', 'USA'),
(1791, 'McDOUGALL Brooklyn', 'F', '1998/08/23', 'CAN'),
(1792, 'McEACHRAN Evan', 'M', '1997/03/6', 'CAN'),
(1793, 'McFARLANE Caitlin', 'F', '2002/03/22', 'FRA'),
(1794, 'McGRATH Atle Lie', 'M', '2000/04/21', 'NOR'),
(1795, 'McGREGOR Kaitlyn', 'F', '1994/03/03', 'SUI'),
(1796, 'McKEEVER Xavier', 'M', '2003/08/14', 'CAN'),
(1797, 'McLEOD Cooper', 'M', '2001/11/7', 'USA'),
(1798, 'McMANIMAN Audrey', 'F', '1995/01/24', 'CAN'),
(1799, 'McMANUS Sara', 'F', '1991/12/13', 'SWE'),
(1800, 'McMILLAN Hammy', 'M', '1992/05/29', 'GBR'),
(1801, 'McMORRIS Mark', 'M', '1993/12/9', 'CAN'),
(1802, 'McMULLEN Sadie', 'F', '2002/01/25', 'USA'),
(1803, 'McMULLEN Zanden', 'M', '2001/05/31', 'USA'),
(1804, 'McNAUGHTON Ava', 'F', '2004/10/27', 'USA'),
(1805, 'NADALINI Thomas', 'M', '2002/05/2', 'ITA'),
(1806, 'NADEAU Emile', 'M', '2004/01/13', 'CAN'),
(1807, 'NAEFF Noe', 'M', '2003/10/02', 'SUI'),
(1808, 'NAESLUND Sandra', 'F', '1996/07/6', 'SWE'),
(1809, 'NAESS Wilhelm', 'M', '1994/08/21', 'NOR'),
(1810, 'NAGAMORI Haruna', 'F', '2002/04/25', 'JPN'),
(1811, 'NAGAOKA Yuna', 'F', '2005/07/13', 'JPN'),
(1812, 'NAGLER Ivan', 'M', '1999/01/30', 'ITA'),
(1813, 'NAKAI Ami', 'F', '2008/04/27', 'JPN'),
(1814, 'NAKAMURA Naoki', 'M', '1996/09/19', 'JPN'),
(1815, 'NAKANISHI Lin', 'F', '1995/12/24', 'JPN'),
(1816, 'NAKAO Haruka', 'F', '2001/04/19', 'JPN'),
(1817, 'NAKASHIMA Mirei', 'F', '2003/11/17', 'JPN'),
(1818, 'NAUMOV Maxim', 'M', '2001/08/1', 'USA'),
(1819, 'NAWRATH Philipp', 'M', '1993/02/13', 'GER'),
(1820, 'NAZAROV Medet', 'M', '2004/04/21', 'UZB'),
(1821, 'NDIAYE Amadou David', 'M', '2002/10/21', 'SUI'),
(1822, 'NECAS Martin', 'M', '1999/01/15', 'CZE'),
(1823, 'NECKAR Martin', 'M', '2005/09/12', 'FRA'),
(1824, 'NEDREGOTTEN Magnus', 'M', '1990/10/24', 'NOR'),
(1825, 'NEDYALKOVA Kalina', 'F', '2001/05/18', 'BUL'),
(1826, 'NEF Tanguy', 'M', '1996/11/19', 'SUI'),
(1827, 'NEGOMIR Kyle', 'M', '1998/10/03', 'USA'),
(1828, 'NEGRI Elisa Maria', 'F', '2003/03/11', 'CZE'),
(1829, 'NEISE Hannah', 'F', '2000/05/26', 'GER'),
(1830, 'NELIN Jesper', 'M', '1992/10/3', 'SWE'),
(1831, 'NELSON Ashleigh', 'F', '1991/02/20', 'GBR'),
(1832, 'NELSON Brock', 'M', '1991/10/15', 'USA'),
(1833, 'NEMEC Simon', 'M', '2004/02/15', 'SVK'),
(1834, 'NEMME Edgars', 'M', '1996/06/9', 'LAT'),
(1835, 'NEPRYAEVA Dariya', 'F', '2002/05/18', 'AIN'),
(1836, 'NEPSTAD Gaute', 'M', '1994/09/9', 'NOR'),
(1837, 'NEUBAUEROVA Noemi', 'F', '1999/12/15', 'CZE'),
(1838, 'NICA Andrei', 'M', '2002/01/04', 'ROU'),
(1839, 'NICCOLAI Greta', 'F', '2001/05/10', 'ITA'),
(1840, 'NICHOLS-BARDI Daiyehan', 'M', '2001/03/13', 'AUT'),
(1841, 'NICOLL Adele', 'F', '1996/09/28', 'GBR'),
(1842, 'NIEDERBERGER Mathias', 'M', '1992/11/26', 'GER'),
(1843, 'NIEDERHOFER Boone', 'M', '1993/09/23', 'USA'),
(1844, 'NIEDERREITER Nino', 'M', '1992/09/8', 'SUI'),
(1845, 'NIEMINEN Petra', 'F', '1999/05/4', 'FIN'),
(1846, 'NIEWINSKI Michal', 'M', '2003/07/12', 'POL'),
(1847, 'NIGHTINGALE Huw', 'M', '2001/11/12', 'GBR'),
(1848, 'NIKAIDO Ren', 'M', '2001/05/24', 'JPN'),
(1849, 'NIKISHA Denis', 'M', '1995/08/7', 'KAZ'),
(1850, 'NIKON Anastasiia', 'F', '2004/02/14', 'UKR'),
(1851, 'NING Zhongyan', 'M', '1999/11/3', 'CHN'),
(1852, 'NINIS Jozef', 'M', '1981/06/28', 'SVK'),
(1853, 'NIRANI-PEREIRA Julia', 'F', '2001/09/20', 'FRA'),
(1854, 'NISHIZAWA Taketo', 'M', '1999/10/01', 'JPN'),
(1855, 'NISKANEN Iivo', 'M', '1992/01/12', 'FIN'),
(1856, 'NISKANEN Kerttu', 'F', '1988/06/13', 'FIN'),
(1857, 'NISSINEN Vilma', 'F', '1997/11/19', 'FIN'),
(1858, 'NIX Emily', 'F', '1998/01/12', 'GER'),
(1859, 'NOAKE Hana', 'F', '2004/11/28', 'JPN'),
(1860, 'NOEL Clement', 'M', '1997/05/3', 'FRA'),
(1861, 'NOERL Martin', 'M', '1993/08/12', 'GER'),
(1862, 'NOGRADI Bence', 'M', '2002/07/29', 'HUN'),
(1863, 'NOH Dohee', 'F', '1995/12/13', 'KOR'),
(1864, 'NOLTE Laura', 'F', '1998/11/23', 'GER'),
(1865, 'NONNENMACHER Emma', 'F', '2004/08/21', 'FRA'),
(1866, 'NONOMURA Taiyo', 'M', '2001/07/01', 'JPN'),
(1867, 'NOPRIIENKO Yelizaveta', 'F', '1998/06/06', 'UKR'),
(1868, 'NORDEBACK Andreas', 'M', '2004/03/12', 'SWE'),
(1869, 'NORDQVIST Martin', 'M', '1987/06/10', 'SWE'),
(1870, 'NORMAN Hahna', 'F', '2004/10/26', 'USA'),
(1871, 'NORO Rio', 'F', '2004/05/15', 'JPN'),
(1872, 'NORO Riri', 'F', '2004/05/15', 'JPN'),
(1873, 'NOTZ Florian', 'M', '1992/04/24', 'GER'),
(1874, 'NOVAK Michal', 'M', '1996/10/26', 'CZE'),
(1875, 'NOVAK Nicholas', 'M', '1981/08/21', 'CZE'),
(1876, 'NOVAKOVA Barbora', 'F', '2002/01/06', 'CZE'),
(1877, 'NOWACZYK Michal', 'M', '1996/07/26', 'POL'),
(1878, 'NUIS Kjeld', 'M', '1989/11/10', 'NED'),
(1879, 'NULLMEYER Ali', 'F', '1998/08/21', 'CAN'),
(1880, 'NURSE Sarah', 'F', '1995/01/4', 'CAN'),
(1881, 'NUUTINEN Emma', 'F', '1996/12/7', 'FIN'),
(1882, 'NYENGET Martin Loewstroem', 'M', '1992/04/1', 'NOR'),
(1883, 'NYLANDER William', 'M', '1996/05/1', 'SWE'),
(1884, 'NYLEN PERSSON Maja', 'F', '2000/11/20', 'SWE'),
(1885, 'NYLUND Jenniina', 'F', '1999/06/18', 'FIN'),
(1886, 'O''SHEA Danny', 'M', '1991/02/13', 'USA'),
(1887, 'O''BRIEN Jadin', 'F', '2002/05/8', 'USA'),
(1888, 'O''BRIEN Nina', 'F', '1997/11/29', 'USA'),
(1889, 'O''NEILL Kristin', 'F', '1998/03/30', 'CAN'),
(1890, 'OBERHOFER Marion', 'F', '2000/12/14', 'ITA'),
(1891, 'OBMANN Fabian', 'M', '1996/04/11', 'AUT'),
(1892, 'ODAIRA Umeka', 'F', '2008/12/12', 'JPN'),
(1893, 'ODERMATT Marco', 'M', '1997/10/8', 'SUI'),
(1894, 'ODOR Gabriel', 'M', '2000/08/23', 'AUT'),
(1895, 'OEBERG Elvira', 'F', '1999/02/26', 'SWE'),
(1896, 'OEBERG Hanna', 'F', '1995/11/2', 'SWE'),
(1897, 'OEHLUND Cornelia', 'F', '2005/08/15', 'SWE'),
(1898, 'OETTINGER Jake', 'M', '1998/12/18', 'USA'),
(1899, 'OFNER Katrin', 'F', '1990/03/5', 'AUT'),
(1900, 'OFTEBRO Einar Luraas', 'M', '1998/09/06', 'NOR'),
(1901, 'OFTEBRO Jens Luraas', 'M', '2000/07/21', 'NOR'),
(1902, 'OGDEN Ben', 'M', '2000/02/13', 'USA'),
(1903, 'OGIWARA Hiroto', 'M', '2005/07/19', 'JPN'),
(1904, 'OHMIYA Anna', 'F', '1989/10/12', 'JPN'),
(1905, 'OJASTE Teiloora', 'F', '2000/01/23', 'EST'),
(1906, 'OKIPNIUK Oleksandr', 'M', '1998/09/4', 'UKR'),
(1907, 'OKULIAR Oliver', 'M', '2000/05/24', 'SVK'),
(1908, 'OLDENBURG Aidan', 'M', '2001/06/22', 'USA'),
(1909, 'OLDHAM Megan', 'F', '2001/05/12', 'CAN'),
(1910, 'OLESEN Nick', 'M', '1995/11/14', 'DEN'),
(1911, 'OLESIK Daria', 'F', '2004/05/19', 'AIN'),
(1912, 'OLLIVIER Cloe', 'F', '2004/02/4', 'FRA'),
(1913, 'OLOFSSON Simon', 'M', '1999/04/22', 'SWE'),
(1914, 'OLSSON Hanna', 'F', '1999/01/20', 'SWE'),
(1915, 'ONGARO Giovanni', 'M', '2004/02/03', 'BRA'),
(1916, 'ONO Mitsuki', 'F', '2004/03/5', 'JPN'),
(1917, 'ONODERA Kaho', 'F', '1991/11/11', 'JPN'),
(1918, 'ONOL LANG Thomas Kaan', 'M', '2007/07/20', 'TUR'),
(1919, 'OPHOFF Mike', 'M', '1999/10/10', 'CZE'),
(1920, 'OPMANIS Elvis', 'M', '1997/08/26', 'LAT'),
(1921, 'OPSETH Silje', 'F', '1999/04/28', 'NOR'),
(1922, 'ORS Denis', 'M', '2005/04/28', 'TUR'),
(1923, 'ORTLIEB Nina', 'F', '1996/04/2', 'AUT'),
(1924, 'OSBORNE Kayle', 'F', '2002/02/28', 'CAN'),
(1925, 'OSCH Matthieu', 'M', '1999/04/1', 'LUX'),
(1926, 'OSTLENDER Anna', 'F', '2002/04/25', 'GER'),
(1927, 'OSTONI Margherita', 'F', '2006/07/1', 'ITA'),
(1928, 'PACHNER Lukas', 'M', '1991/12/5', 'AUT'),
(1929, 'PACIOIANU Mihai Daniel', 'M', '1999/02/19', 'ROU'),
(1930, 'PADILHA Alice', 'F', '2007/06/22', 'BRA'),
(1931, 'PAETZ Alina', 'F', '1990/04/08', 'SUI'),
(1932, 'PAGE Nick', 'M', '2002/08/01', 'USA'),
(1933, 'PAGNIER Cloe', 'F', '2002/02/16', 'FRA'),
(1934, 'PAGNIER Josephine', 'F', '2002/06/4', 'FRA'),
(1935, 'PALAT Ondrej', 'M', '1991/03/28', 'CZE'),
(1936, 'PALLER Tatjana', 'F', '1995/09/07', 'GER'),
(1937, 'PALOSAARI Vilho', 'M', '2004/07/20', 'FIN'),
(1938, 'PANG Chuyuan', 'F', '2003/08/08', 'CHN'),
(1939, 'PANNEK Kelly', 'F', '1995/12/29', 'USA'),
(1940, 'PAPATHOMA PARASKEVAIDOU A.A.', 'F', '2008/01/16', 'AZE'),
(1941, 'PARADIS Pascale', 'F', '2002/03/04', 'CAN'),
(1942, 'PARAYKO Colton', 'M', '1993/05/12', 'CAN'),
(1943, 'PARE Nathan', 'M', '2005/02/1', 'USA'),
(1944, 'PARIS Dominik', 'M', '1989/04/14', 'ITA'),
(1945, 'PARK Ji-Woo', 'F', '1998/10/27', 'KOR'),
(1946, 'PARK Seoyun', 'F', '2005/01/27', 'KOR'),
(1947, 'PARMAKOSKI Krista', 'F', '1990/12/12', 'FIN'),
(1948, 'PARMANTIER Sam', 'M', '2005/03/20', 'BEL'),
(1949, 'PASCHKE Pius', 'M', '1990/05/20', 'GER'),
(1950, 'PASSARETTA Manuela', 'F', '2006/04/18', 'ITA'),
(1951, 'PASSLER Rebecca', 'F', '2001/08/31', 'ITA'),
(1952, 'PASTERNACK Nadja', 'F', '1996/07/4', 'SUI'),
(1953, 'PASTRNAK David', 'M', '1996/05/25', 'CZE'),
(1954, 'PATES Jake', 'M', '1998/07/30', 'USA'),
(1955, 'PAULUS Daniel', 'M', '1980/08/6', 'CZE'),
(1956, 'PAVLOVA Maria', 'F', '2004/08/2', 'HUN'),
(1957, 'PAYER Alexander', 'M', '1989/09/12', 'AUT'),
(1958, 'PAYER Sabine', 'F', '1992/07/28', 'AUT'),
(1959, 'PEEL Laura', 'F', '1989/09/29', 'AUS'),
(1960, 'PEIFFER Benita', 'F', '2000/09/29', 'CAN'),
(1961, 'PEJSOVA Daniela', 'F', '2002/08/14', 'CZE'),
(1962, 'PEJSOVA Julie', 'F', '2003/02/3', 'CZE'),
(1963, 'PEJZLOVA Michaela', 'F', '1997/04/6', 'CZE'),
(1964, 'PEKOVIC Branislav', 'M', '2006/05/13', 'MNE'),
(1965, 'PELCHAT Juliette', 'F', '2004/12/04', 'CAN'),
(1966, 'PELISSOU Marie-Pierre', 'F', '1995/08/31', 'FRA'),
(1967, 'PELLEGRINO Federico', 'M', '1990/09/1', 'ITA'),
(1968, 'PENDRY Shawna', 'F', '2002/04/05', 'GBR'),
(1969, 'PENTTALA Olli', 'M', '1995/04/10', 'FIN'),
(1970, 'PEPENE Paul Constantin', 'M', '1988/05/21', 'ROU'),
(1971, 'PEPERKAMP Melissa', 'F', '2004/04/22', 'NED'),
(1972, 'PERCY Hanna', 'F', '2007/07/17', 'USA'),
(1973, 'PEREIRA Lia', 'F', '2004/03/5', 'CAN'),
(1974, 'PERGHER Serena', 'F', '2004/02/26', 'ITA'),
(1975, 'PERLMUTTER Jessica', 'F', '2009/12/2', 'USA'),
(1976, 'PERRET Jordann', 'M', '1994/10/15', 'FRA'),
(1977, 'PERROT Eric', 'M', '2001/06/29', 'FRA'),
(1978, 'PERRY Leonie', 'F', '2004/11/04', 'FRA'),
(1979, 'PESCHK Oliver', 'M', '2001/01/17', 'GER'),
(1980, 'PESHKOV Daniel', 'M', '2002/12/23', 'BUL'),
(1981, 'PESLAROVA Klara', 'F', '1996/11/23', 'CZE'),
(1982, 'PETAN Alex', 'M', '1992/05/2', 'ITA'),
(1983, 'PETERKA John', 'M', '2002/01/14', 'GER'),
(1984, 'PETERLINI Martina', 'F', '1997/10/24', 'ITA'),
(1985, 'PETERMAN Jocelyn', 'F', '1993/09/23', 'CAN'),
(1986, 'PETERSON Tabitha', 'F', '1991/05/28', 'USA'),
(1987, 'PETERSON Tara', 'F', '1991/05/28', 'USA'),
(1988, 'PETKOV Viktor', 'M', '1999/08/30', 'MKD'),
(1989, 'PETRE Ward', 'M', '1997/01/30', 'BEL'),
(1990, 'PETROKINA Niina', 'F', '2004/08/14', 'EST'),
(1991, 'PETROSIAN Adeliia', 'F', '2007/06/5', 'AIN'),
(1992, 'PETTERSSON Elias', 'M', '1998/11/12', 'SWE'),
(1993, 'PETZOLD Fridtjof', 'M', '1997/04/09', 'GER'),
(1994, 'PEYNE-DINGIVAL Anais', 'F', '2007/05/29', 'FRA'),
(1995, 'PFEIFER Jacqueline', 'F', '1995/02/6', 'GER'),
(1996, 'PFIFFNER Marco', 'M', '1994/03/25', 'LIE'),
(1997, 'PFLUM Iris', 'F', '2003/07/13', 'USA'),
(1998, 'PHELAN Brittany', 'F', '1991/09/24', 'CAN'),
(1999, 'PHILBERT Alice', 'F', '1996/11/10', 'FRA'),
(2000, 'PHILIPS Gwyneth', 'F', '2000/09/17', 'USA'),
(2001, 'PIANEL COURIAUT Violette', 'F', '2006/05/09', 'FRA'),
(2002, 'PICHLER Nicola', 'F', '1996/10/12', 'AUT'),
(2003, 'PICKL David', 'M', '1997/10/20', 'AUT'),
(2004, 'PIDRUCHNYI Dmytro', 'M', '1991/11/5', 'UKR'),
(2005, 'PIERRE-GILLES Jordan', 'M', '1998/05/24', 'CAN'),
(2006, 'PIERREL Julie', 'F', '2002/02/21', 'FRA'),
(2007, 'PIERRI Jacquie', 'F', '1990/06/11', 'ITA'),
(2008, 'PIETRONIRO Phil', 'M', '1994/05/27', 'ITA'),
(2009, 'PIGEON Felix', 'M', '2002/06/18', 'POL'),
(2010, 'PILLER Sue', 'F', '2005/05/04', 'SUI'),
(2011, 'PIMPINI Alberto', 'M', '1997/01/26', 'ITA'),
(2012, 'PINHEIRO BRAATHEN Lucas', 'M', '2000/04/19', 'BRA'),
(2013, 'PINZARRONE Nina', 'F', '2006/11/24', 'BEL'),
(2014, 'PIROVANO Laura', 'F', '1997/11/20', 'ITA'),
(2015, 'PIROZZI MAYER Nicolas', 'M', '2002/02/12', 'URU'),
(2016, 'PISTEKOVA Tereza', 'F', '2005/06/3', 'CZE'),
(2017, 'PITTER Shane', 'M', '1999/11/02', 'JAM'),
(2018, 'PITTIN Alessandro', 'M', '1990/02/11', 'ITA'),
(2019, 'PIWKOWSKA Dominika', 'F', '2003/02/18', 'POL'),
(2020, 'PLACIDE Kya', 'F', '2004/10/5', 'GBR'),
(2021, 'PLANKO Lovro', 'M', '2001/05/28', 'SLO'),
(2022, 'PLESHKOVA Julia', 'F', '1997/05/17', 'AIN'),
(2023, 'PLETZ Logan', 'M', '2000/11/07', 'CAN'),
(2024, 'PLOSOVA Tereza', 'F', '2006/07/5', 'CZE'),
(2025, 'PLUME Roberts', 'M', '2000/03/6', 'LAT'),
(2026, 'PODMILSAK Troy', 'M', '2004/08/23', 'USA'),
(2027, 'PODULSKY Beattie', 'F', '2005/08/18', 'CAN'),
(2028, 'POHJOLAINEN Jesper', 'M', '2001/09/14', 'FIN'),
(2029, 'POHJOLAINEN Rosa', 'F', '2003/07/20', 'FIN'),
(2030, 'POIRIER Paul', 'M', '1991/11/6', 'CAN'),
(2031, 'POLUZZI Marilu', 'F', '2004/03/10', 'ITA'),
(2032, 'PONOMARENKO Anthony', 'M', '2001/01/5', 'USA'),
(2033, 'PONSILUOMA Martin', 'M', '1995/09/8', 'SWE'),
(2034, 'PONYA Sara', 'F', '1999/05/14', 'HUN'),
(2035, 'POPOV Albert', 'M', '1997/08/8', 'BUL'),
(2036, 'POPOVIC Leona', 'F', '1997/11/13', 'CRO'),
(2037, 'POPOVICOVA Lea', 'F', '2007/12/23', 'SVK'),
(2038, 'POPOVYCH Nelli', 'F', '2007/07/23', 'UKR'),
(2039, 'POPPE Evy', 'F', '2004/03/2', 'BEL'),
(2040, 'POROMAA William', 'M', '2000/12/23', 'SWE'),
(2041, 'POSASHKOV Ivan', 'M', '2004/08/06', 'AIN'),
(2042, 'POSPISIL Martin', 'M', '1999/11/19', 'SVK'),
(2043, 'POULIN Marie-Philip', 'F', '1991/03/28', 'CAN'),
(2044, 'POULSEN Morten', 'M', '1988/09/9', 'DEN'),
(2045, 'POUTSMA Selma', 'F', '1999/05/14', 'NED'),
(2046, 'POWELL Hunter', 'M', '1996/03/15', 'USA'),
(2047, 'PRAXOVA Viktoria', 'F', '2006/09/09', 'SVK'),
(2048, 'PREPENS Talea', 'F', '2001/12/28', 'GER'),
(2049, 'PREUSS Franziska', 'F', '1994/03/11', 'GER'),
(2050, 'PREVC Domen', 'M', '1999/06/4', 'SLO'),
(2051, 'PREVC Nika', 'F', '2005/03/15', 'SLO'),
(2052, 'PREVITALI Lorenzo', 'M', '2005/07/18', 'ITA'),
(2053, 'PRIBYLOVA Vendula', 'F', '1996/03/23', 'CZE'),
(2054, 'PRIMEAU Victor', 'M', '2003/10/13', 'CAN'),
(2055, 'PROCK Hannah', 'F', '2000/02/2', 'AUT'),
(2056, 'PROMMEGGER Andreas', 'M', '1980/11/10', 'AUT'),
(2057, 'PROULX Tallulah', 'F', '2008/05/8', 'PHI'),
(2058, 'PRYCE Anna', 'F', '2001/12/07', 'GBR'),
(2059, 'PUCHNER Mirjam', 'F', '1992/05/18', 'AUT'),
(2060, 'PUEYO Jaume', 'M', '2001/10/12', 'ESP'),
(2061, 'PUKHKALO Vitaliy', 'M', '1992/09/9', 'KAZ'),
(2062, 'PULLES Mariel Merlii', 'F', '1998/11/01', 'EST'),
(2063, 'PURDELLER Tommy', 'M', '2004/04/13', 'ITA'),
(2064, 'PYKALAINEN Erika', 'F', '2001/04/21', 'FIN'),
(2065, 'Piera Hudson', 'F', '1996/02/7', 'UAE'),
(2066, 'QI Guangpu', 'M', '1990/10/20', 'CHN'),
(2067, 'QUAN Ye', 'M', '2001/10/15', 'KOR'),
(2068, 'QUARTO Lucie', 'F', '2002/09/7', 'FRA'),
(2069, 'QUENNEC Kaleigh', 'F', '1998/02/15', 'SUI'),
(2070, 'RADAMUS River', 'M', '1998/02/12', 'USA'),
(2071, 'RAEDLER Ariane', 'F', '1995/01/20', 'AUT'),
(2072, 'RAGETTLI Andri', 'M', '1998/08/21', 'SUI'),
(2073, 'RAIMKULOV Dinmukhammed', 'M', '2006/08/03', 'KAZ'),
(2074, 'RAIMUND Philipp', 'M', '2000/06/23', 'GER'),
(2075, 'RAKELL Rickard', 'M', '1993/05/5', 'SWE'),
(2076, 'RAKHMANIN Nikita', 'M', '1999/05/4', 'ARM'),
(2077, 'RAKISHEVA Aisha', 'F', '2002/05/05', 'KAZ'),
(2078, 'RAKPAROV Chingiz', 'M', '1995/07/5', 'KAZ'),
(2079, 'RALPH Konnor', 'M', '2003/01/27', 'USA'),
(2080, 'RAMSAUER Katharina', 'F', '1995/05/21', 'AUT'),
(2081, 'RAMSFJELL Bendik', 'M', '1996/03/4', 'NOR'),
(2082, 'RAMSFJELL Magnus', 'M', '1997/07/17', 'NOR'),
(2083, 'RANTALA Sanni', 'F', '2002/07/8', 'FIN'),
(2084, 'RANTANEN Mikko', 'M', '1996/10/29', 'FIN'),
(2085, 'RASSAT Paco', 'M', '1998/11/13', 'FRA'),
(2086, 'RAST Camille', 'F', '1999/07/9', 'SUI'),
(2087, 'RASTORGUJEVS Andrejs', 'M', '1988/05/27', 'LAT'),
(2088, 'RAUNIO Jenna', 'F', '2006/09/24', 'SWE'),
(2089, 'RAUTIONAHO Jenny', 'F', '1996/07/26', 'FIN'),
(2090, 'RAVENNA Veronica Maria', 'F', '1998/02/19', 'ARG'),
(2091, 'RAVINEL Margot', 'F', '2002/06/7', 'FRA'),
(2092, 'RAVINSKIS Anri', 'M', '2003/01/02', 'LAT'),
(2093, 'RAYMOND Lucas', 'M', '2002/03/28', 'SWE'),
(2094, 'READ Jeffrey', 'M', '1997/10/1', 'CAN'),
(2095, 'RECH Anthony', 'M', '1992/07/9', 'FRA'),
(2096, 'REDDER Veronika', 'F', '2004/10/14', 'GER'),
(2097, 'REDDINGIUS Kiara', 'F', '1992/01/2', 'AUS'),
(2098, 'REED Allison', 'F', '1994/06/8', 'LTU'),
(2099, 'REGENDA Pavol', 'M', '1999/12/7', 'SVK'),
(2100, 'REGEZ Ryan', 'M', '1993/01/20', 'SUI'),
(2101, 'REICHEL Lukas', 'M', '2002/05/17', 'GER'),
(2102, 'REICHLE Julius', 'M', '2005/06/23', 'GER'),
(2103, 'REID Joanne', 'F', '1992/06/28', 'USA'),
(2104, 'REINHART Sam', 'M', '1995/11/6', 'CAN'),
(2105, 'REISCH Agnes', 'F', '1999/10/11', 'GER'),
(2106, 'REIT Delia Ioana', 'F', '2004/01/31', 'ROU'),
(2107, 'REITAN Milla Ruud', 'F', '2005/09/27', 'SWE'),
(2108, 'REMANS Sky', 'F', '2010/10/13', 'BEL'),
(2109, 'REMENOVA Maria', 'F', '2000/07/27', 'SVK'),
(2110, 'REN Chongshuo', 'M', '2008/03/15', 'CHN'),
(2111, 'REN Jianzhang', 'M', '2003/07/05', 'CHN'),
(2112, 'RENN Cornel', 'M', '1998/10/22', 'GER'),
(2113, 'RENNA Emily', 'F', '1993/01/30', 'USA'),
(2114, 'REPILOV Pavel', 'M', '1996/03/5', 'AIN'),
(2115, 'REPINC Lena', 'F', '2003/04/8', 'SLO'),
(2116, 'REPNIK Matic', 'M', '2001/02/28', 'SLO'),
(2117, 'REPOND Kimmy', 'F', '2006/10/18', 'SUI'),
(2118, 'RETORNAZ Joel', 'M', '1983/09/30', 'ITA'),
(2119, 'RETTENEGGER Stefan', 'M', '2002/02/3', 'AUT'),
(2120, 'RETTENEGGER Thomas', 'M', '2000/02/5', 'AUT'),
(2121, 'REYES Justine', 'F', '1997/02/14', 'ITA'),
(2122, 'RHYNER Nils', 'M', '2002/12/20', 'SUI'),
(2123, 'RIAT Damien', 'M', '1997/02/26', 'SUI'),
(2124, 'RIBERA Eduarda', 'F', '2004/11/21', 'BRA'),
(2125, 'RIBI Bianca', 'F', '1996/01/27', 'CAN'),
(2126, 'RIBOM Emma', 'F', '1997/11/29', 'SWE'),
(2127, 'RICHARD Jeanne', 'F', '2002/04/13', 'FRA'),
(2128, 'RICHARDS Liam', 'M', '1997/03/11', 'GBR'),
(2129, 'RICHARDSON Ben', 'M', '1998/10/9', 'USA'),
(2130, 'RICHARDSON Britt', 'F', '2003/05/25', 'CAN'),
(2131, 'RICHARDSON WILSON Dawn', 'F', '1999/09/26', 'CAN'),
(2132, 'RIEBLI Janik', 'M', '1998/10/27', 'SUI'),
(2133, 'RIEBLI Matthias', 'M', '2004/02/23', 'SUI'),
(2134, 'RIEDER Emanuel', 'M', '1993/10/1', 'ITA'),
(2135, 'RIEDER Tobias', 'M', '1993/01/10', 'GER'),
(2136, 'RIEGLER Claudia', 'F', '1973/07/7', 'AUT'),
(2137, 'RIJPMA-de JONG Antoinette', 'F', '1995/04/6', 'NED'),
(2138, 'RIM Jongun', 'M', '2007/10/20', 'KOR'),
(2139, 'RINNEKANGAS Rene', 'M', '1999/09/25', 'FIN'),
(2140, 'RIOU Antoine', 'M', '1997/10/12', 'FRA'),
(2141, 'RISTOLAINEN Rasmus', 'M', '1994/10/27', 'FIN'),
(2142, 'RITZ Nicolas', 'M', '1992/02/26', 'FRA'),
(2143, 'RIVERS IV Henri', 'M', '2007/08/24', 'JAM'),
(2144, 'RIZZO Matteo', 'M', '1998/09/5', 'ITA'),
(2145, 'RO Mystique', 'F', '1994/07/18', 'USA'),
(2146, 'ROBATSCHER Sandra', 'F', '1995/12/13', 'ITA'),
(2147, 'ROBEZNIECE Marta', 'F', '2005/08/11', 'LAT'),
(2148, 'ROBINSON Alice', 'F', '2001/12/1', 'NZL'),
(2149, 'ROCCELLA Rebecca', 'F', '2001/04/3', 'ITA'),
(2150, 'ROCHE Matias', 'M', '2003/12/6', 'FRA'),
(2151, 'RODES Istok', 'M', '1996/01/27', 'CRO'),
(2152, 'RODRIGUEZ ELOSEGUI Arrieta', 'F', '2002/06/27', 'ESP'),
(2153, 'ROGENTIN Stefan', 'M', '1994/05/16', 'SUI'),
(2154, 'ROHNER Timo', 'M', '1997/10/28', 'SUI'),
(2155, 'ROISLAND Mons', 'M', '1997/01/28', 'NOR'),
(2156, 'ROLLI Luca', 'M', '1997/01/17', 'SUI'),
(2157, 'ROMANIN Nicola', 'M', '1994/02/26', 'ITA'),
(2158, 'ROMERO VILLANUEVA Alvaro', 'M', '2003/07/03', 'ESP'),
(2159, 'ROSANELLI Jeffrey', 'M', '1998/07/30', 'ITA'),
(2160, 'ROSNER Jeannine', 'F', '2006/10/08', 'AUT'),
(2161, 'ROTH Noe', 'M', '2000/12/27', 'SUI'),
(2162, 'ROUSSEAU Shilo', 'F', '2000/07/24', 'CAN'),
(2163, 'ROUSSEL Felix', 'M', '2001/08/10', 'CAN'),
(2164, 'ROWELL Gavin', 'M', '1999/06/02', 'CAN'),
(2165, 'ROZIER Clara', 'F', '1997/08/28', 'FRA'),
(2166, 'RUBINS Kristians', 'M', '1997/12/11', 'LAT'),
(2167, 'RUCKA-MICHALEK Eliza', 'F', '2000/12/20', 'POL'),
(2168, 'RUEDI Lisa', 'F', '2000/11/3', 'SUI'),
(2169, 'RUKKE Henrik Fagerli', 'M', '1996/10/20', 'NOR'),
(2170, 'RUNNALLS Adam', 'M', '1998/10/3', 'CAN'),
(2171, 'RUOHONEN Rich', 'M', '1971/03/31', 'USA'),
(2172, 'RUSSELL Patrick', 'M', '1996/06/14', 'DEN'),
(2173, 'RUTTA Jan', 'M', '1990/07/29', 'CZE'),
(2174, 'RUUD Birk', 'M', '2000/04/2', 'NOR'),
(2175, 'RUUSKANEN Arsi', 'M', '1999/09/21', 'FIN'),
(2176, 'RUZICKA Adam', 'M', '1999/05/11', 'SVK'),
(2177, 'RYAZHKO Darya', 'F', '1995/09/11', 'KAZ'),
(2178, 'RYDING Dave', 'M', '1986/12/5', 'GBR'),
(2179, 'RYDZEK Coletta', 'F', '1997/06/6', 'GER'),
(2180, 'RYDZEK Johannes', 'M', '1991/12/9', 'GER'),
(2181, 'RYYTTY Vilma', 'F', '2001/05/27', 'FIN'),
(2182, 'SAARI Amanda', 'F', '2000/01/06', 'FIN'),
(2183, 'SABLIKOVA Martina', 'F', '1987/05/27', 'CZE'),
(2184, 'SABULE Annija Keita', 'F', '1997/04/20', 'LAT'),
(2185, 'SACCARDI Tommaso', 'M', '2001/07/16', 'ITA'),
(2186, 'SADOWSKI SYNNOTT Zoi', 'F', '2001/03/6', 'NZL'),
(2187, 'SAFONOVA Viktoriia', 'F', '2003/05/8', 'AIN'),
(2188, 'SAKAMOTO Kaori', 'F', '2000/04/9', 'JPN'),
(2189, 'SALA Tommaso', 'M', '1995/09/6', 'ITA'),
(2190, 'SALARICH BAUCELLS Joaquim', 'M', '1994/01/2', 'ESP'),
(2191, 'SALEHHUDDIN Aruwin', 'F', '2004/02/14', 'MAS'),
(2192, 'SALETTA Carola', 'F', '1993/02/11', 'ITA'),
(2193, 'SAMANSKI Joshua', 'M', '2002/03/22', 'GER'),
(2194, 'SAMMER Markus', 'M', '1988/05/20', 'AUT'),
(2195, 'SAMNOEY Ulrik', 'M', '2002/01/11', 'NOR'),
(2196, 'SAMODELKINA Sofia', 'F', '2007/02/18', 'KAZ'),
(2197, 'SAMOILOV Vladimir', 'M', '1999/05/13', 'POL'),
(2198, 'SAMSONSEN Julie Nistad', 'F', '2000/04/5', 'NOR'),
(2199, 'SAMUELSSON Sebastian', 'M', '1997/03/28', 'SWE'),
(2200, 'SANDERSON Jake', 'M', '2002/07/8', 'USA'),
(2201, 'SANDVIK Oscar Andreas', 'M', '2001/03/30', 'NOR'),
(2202, 'SANHEIM Travis', 'M', '1996/03/29', 'CAN'),
(2203, 'SANTOS-GRISWOLD Kristen', 'F', '1994/11/2', 'USA'),
(2204, 'SAPARBEKOV Artur', 'M', '2006/05/02', 'KGZ'),
(2205, 'SAPOVALIVOVA Adela', 'F', '2006/05/17', 'CZE'),
(2206, 'SARACINO Nicholas', 'M', '1992/02/20', 'ITA'),
(2207, 'SARAULT Courtney', 'F', '2000/04/24', 'CAN'),
(2208, 'SARCHETT Ryder', 'M', '2003/07/28', 'USA'),
(2209, 'SARES Leo', 'M', '2004/04/17', 'AUT'),
(2210, 'SAROS Juuse', 'M', '1995/04/19', 'FIN'),
(2211, 'SASAKI Shomu', 'M', '2006/02/11', 'JPN'),
(2212, 'SATO Ayano', 'F', '1996/12/10', 'JPN'),
(2213, 'SATO Kohane', 'F', '2006/03/16', 'JPN'),
(2214, 'SATO Shun', 'M', '2004/02/6', 'JPN'),
(2215, 'SAUERBREY Katherine', 'F', '1997/05/5', 'GER'),
(2216, 'SAULITIS Niks', 'M', '2001/03/04', 'LAT'),
(2217, 'SAUMA Mateo Lorenzo', 'M', '2004/06/04', 'ARG'),
(2218, 'SAUTER Julia', 'F', '1997/06/18', 'ROU'),
(2219, 'SAVART Stevenson', 'M', '2000/05/11', 'HAI'),
(2220, 'SAVEH SHEMSHAKI Danyal', 'M', '1997/07/02', 'IRI'),
(2221, 'SAVEHSHEMSHAKI Sadaf', 'F', '1995/09/02', 'IRI'),
(2222, 'SAVICKAITE Egle', 'F', '2004/11/5', 'LTU'),
(2223, 'SAVOLAINEN Ronja', 'F', '1997/11/29', 'FIN'),
(2224, 'SAWICKA Aniela', 'F', '2001/01/03', 'POL'),
(2225, 'SCAMURRA Hayley', 'F', '1994/12/14', 'USA'),
(2226, 'SCHAEFER Vanessa', 'F', '2005/03/21', 'SUI'),
(2227, 'SCHAFFRATH Charlott', 'F', '2005/12/26', 'GER'),
(2228, 'SCHAFFRICK Madeline', 'F', '1994/04/29', 'USA'),
(2229, 'SCHALIN Julia', 'F', '2005/08/31', 'FIN'),
(2230, 'SCHALLER Alexander', 'M', '2002/09/16', 'GER'),
(2231, 'SCHARBACK Sofia', 'F', '1993/04/9', 'SWE'),
(2232, 'SCHEIB Julia', 'F', '1998/05/12', 'AUT'),
(2233, 'SCHEID Mathilda', 'F', '2006/06/13', 'GER'),
(2234, 'SCHELY Theo', 'M', '1999/09/6', 'FRA'),
(2235, 'SCHERRER Jan', 'M', '1994/07/11', 'SUI'),
(2236, 'SCHERZ Magdalena', 'F', '2001/12/20', 'AUT'),
(2237, 'SCHEUERL Johannes', 'M', '2002/11/20', 'GER'),
(2238, 'SCHIEDER Florian', 'M', '1995/03/30', 'ITA'),
(2239, 'SCHIEFER Jule', 'F', '2001/09/12', 'GER'),
(2240, 'SCHILD Lorine', 'F', '2005/01/6', 'FRA'),
(2241, 'SCHIZAS Madeline', 'F', '2003/02/14', 'CAN'),
(2242, 'SCHJERVE Sebastian', 'M', '2000/03/16', 'NOR'),
(2243, 'SCHLEPER Sarah', 'F', '1979/02/19', 'MEX'),
(2244, 'SCHLOERB Josephine', 'F', '2003/11/22', 'GER'),
(2245, 'SCHMID Akira', 'M', '2000/05/12', 'SUI'),
(2246, 'SCHMID Alexander', 'M', '1994/06/9', 'GER'),
(2247, 'SCHMID Julian', 'M', '1999/09/1', 'GER'),
(2248, 'SCHMID Katharina', 'F', '1996/05/23', 'GER'),
(2249, 'SCHMID Sandro', 'M', '2000/06/03', 'SUI'),
(2250, 'SCHMIDT Hannah', 'F', '1994/08/4', 'CAN'),
(2251, 'SCHMIDT Jared', 'M', '1997/04/18', 'CAN'),
(2252, 'SCHMIDT Sonjaa', 'F', '2002/12/15', 'CAN'),
(2253, 'SCHMITT Janine', 'F', '2000/10/26', 'SUI'),
(2254, 'SCHMITZ Tara', 'F', '1998/03/16', 'GER'),
(2255, 'SCHNORRBUSCH Brianna', 'F', '2006/01/30', 'USA'),
(2256, 'SCHOEPF Riccardo Martin', 'M', '2001/06/27', 'AUT'),
(2257, 'SCHOLZ Lea Sophie', 'F', '1999/05/16', 'GER'),
(2258, 'SCHOMMER Paul', 'M', '1992/06/6', 'USA'),
(2259, 'SCHOONMAKER Jc', 'M', '2000/04/12', 'USA'),
(2260, 'SCHUETZOVA Sandra', 'F', '1991/10/21', 'CZE'),
(2261, 'SCHULLER Alexander', 'M', '1997/05/13', 'GER'),
(2262, 'SCHULTE Lisa', 'F', '2000/12/13', 'AUT'),
(2263, 'SCHULTES Chiara', 'F', '2005/07/22', 'GER'),
(2264, 'SCHULTING Suzanne', 'F', '1997/09/25', 'NED'),
(2265, 'SCHUMACHER Gus', 'M', '2000/07/25', 'USA'),
(2266, 'SCHUTEN Neele', 'F', '1999/12/29', 'GER'),
(2267, 'SCHUTZ Justin', 'M', '2000/06/24', 'GER'),
(2268, 'SCHWALLER Kim', 'M', '2003/05/4', 'SUI'),
(2269, 'SCHWALLER Yannick', 'M', '1995/03/31', 'SUI'),
(2270, 'SCHWALLER-HUERLIMANN Briar', 'F', '1993/09/30', 'SUI'),
(2271, 'SCHWARZ Dorothea', 'F', '2005/01/21', 'AUT'),
(2272, 'SCHWARZ Marco', 'M', '1995/08/16', 'AUT'),
(2273, 'SCHWARZ-van BERKEL Benoit', 'M', '1991/08/19', 'SUI'),
(2274, 'SCHWENCKE Matilde', 'F', '2003/11/28', 'CHI'),
(2275, 'SCHWINGHAMMER Maia', 'F', '2001/09/14', 'CAN'),
(2276, 'SCOTT Danielle', 'F', '1990/03/7', 'AUS'),
(2277, 'SEDLAK Lukas', 'M', '1993/02/25', 'CZE'),
(2278, 'SEED Jason', 'M', '1992/01/27', 'ITA'),
(2279, 'SEGAFREDO Alessandro', 'M', '1999/11/9', 'ITA'),
(2280, 'SEGER Brodie', 'M', '1995/12/28', 'CAN'),
(2281, 'SEGER Riley', 'M', '1997/04/21', 'CAN'),
(2282, 'SEIDER Moritz', 'M', '2001/04/6', 'GER'),
(2283, 'SEJERSTED Adrian Smiseth', 'M', '1994/07/16', 'NOR'),
(2284, 'SEKI Kanami', 'F', '2000/06/23', 'JPN'),
(2285, 'SELEVKO Aleksandr', 'M', '2001/05/23', 'EST'),
(2286, 'SELLAEG Simen', 'M', '2003/02/19', 'NOR'),
(2287, 'SELLES GASCH Bernat', 'M', '2003/02/13', 'ESP'),
(2288, 'SELLIER Kamila', 'F', '2000/04/12', 'POL'),
(2289, 'SEMENOVA Anastasiia', 'F', '1999/03/12', 'AIN'),
(2290, 'SEMIRUNNIY Vladimir', 'M', '2002/12/11', 'POL'),
(2291, 'SENECHAL Carla', 'F', '1996/07/26', 'FRA'),
(2292, 'SENIUK Mariia', 'F', '2005/05/7', 'ISR'),
(2293, 'SEOL Yeeun', 'F', '1996/08/26', 'KOR'),
(2294, 'SEOL Yeji', 'F', '1996/08/26', 'KOR'),
(2295, 'SEPPALA Tero', 'M', '1996/01/25', 'FIN'),
(2296, 'SERBAN Darius-Lucian', 'M', '2002/09/10', 'ROU'),
(2297, 'SEROISZKOVA Klara', 'F', '2001/01/25', 'CZE'),
(2298, 'SESAKER Martin', 'M', '1994/05/9', 'NOR'),
(2299, 'SETKOV Malte', 'M', '1999/01/14', 'DEN'),
(2300, 'SETO Yuka', 'F', '1997/02/22', 'JPN'),
(2301, 'SEVICS-MIKELSEVICS Eduards', 'M', '2001/04/16', 'LAT'),
(2302, 'SEYFARTH Juliane', 'F', '1990/02/19', 'GER'),
(2303, 'SHAIDOROV Mikhail', 'M', '2004/06/25', 'KAZ'),
(2304, 'SHAKIROV Timur', 'M', '2006/06/20', 'KGZ'),
(2305, 'SHALYGINA Xeniya', 'F', '1998/09/05', 'KAZ'),
(2306, 'SHAMAEV Dmitrii', 'M', '1995/06/30', 'ROU'),
(2307, 'SHAO Qi', 'F', '2001/07/10', 'CHN'),
(2308, 'SHARPE Cassie', 'F', '1992/09/14', 'CAN'),
(2309, 'SHELTON Ella', 'F', '1998/01/19', 'CAN'),
(2310, 'SHENG Haipeng', 'M', '2005/09/12', 'CHN'),
(2311, 'SHEPILENKO Anastasiia', 'F', '2000/10/9', 'UKR'),
(2312, 'SHEPIUK Dmytro', 'M', '2005/11/2', 'UKR'),
(2313, 'SHI Yaolong', 'M', '2006/08/04', 'CHN'),
(2314, 'SHIBA Masaki', 'M', '1986/04/26', 'JPN'),
(2315, 'SHIFFRIN Mikaela', 'F', '1995/03/13', 'USA'),
(2316, 'SHIGA Akane', 'F', '2001/03/3', 'JPN'),
(2317, 'SHIGA Aoi', 'F', '1999/07/4', 'JPN'),
(2318, 'SHIM Sukhee', 'F', '1997/01/30', 'KOR'),
(2319, 'SHIMAKAWA Takuya', 'M', '1998/12/18', 'JPN'),
(2320, 'SHIMIZU Sara', 'F', '2009/11/12', 'JPN'),
(2321, 'SHIN Dong Min', 'M', '2005/02/22', 'KOR'),
(2322, 'SHIN Jia', 'F', '2008/03/19', 'KOR'),
(2323, 'SHINHAMA Tatsuya', 'M', '1996/07/11', 'JPN'),
(2324, 'SHKANOVA Maria', 'F', '1989/10/18', 'AIN'),
(2325, 'SHKATULA Sofiia', 'F', '2007/05/20', 'UKR'),
(2326, 'SHUMBARETS Oleksandr', 'M', '2001/09/17', 'UKR'),
(2327, 'SIAO HIM FA Adam', 'M', '2001/01/31', 'FRA'),
(2328, 'SIARNIK Jakub', 'M', '1994/11/14', 'SVK'),
(2329, 'SIDOROWICZ Natalia', 'F', '1998/09/9', 'POL'),
(2330, 'SIEBEN Skylar', 'F', '2000/12/06', 'CAN'),
(2331, 'SIEFF Annika', 'F', '2003/10/27', 'ITA'),
(2332, 'SIEGENTHALER Jonas', 'M', '1997/05/6', 'SUI'),
(2333, 'SIEGENTHALER Sina', 'F', '2000/09/27', 'SUI'),
(2334, 'SIGHEL Arianna', 'F', '1996/09/2', 'ITA'),
(2335, 'SIGHEL Pietro', 'M', '1999/07/15', 'ITA'),
(2336, 'SIGRIST Shannon', 'F', '1999/04/20', 'SUI'),
(2337, 'SIGURDSSON Jon Erik', 'M', '2004/10/07', 'ISL'),
(2338, 'SIIMER Kristo', 'M', '1999/05/14', 'EST'),
(2339, 'SILAEVA Kristina', 'F', '2000/02/16', 'KAZ'),
(2340, 'SILDARU Henry', 'M', '2006/08/26', 'EST'),
(2341, 'SILDARU Kelly', 'F', '2002/02/17', 'EST'),
(2342, 'SILOVS Arturs', 'M', '2001/03/22', 'LAT'),
(2343, 'SILVA Manex', 'M', '2002/07/24', 'BRA'),
(2344, 'SILVEIRA Nicole Rocha', 'F', '1994/05/7', 'BRA'),
(2345, 'SILVESTER Hayley', 'F', '1999/01/17', 'AUS'),
(2346, 'SIMEK Radim', 'M', '1992/09/20', 'CZE'),
(2347, 'SIMENC Miha', 'M', '1995/12/21', 'SLO'),
(2348, 'SIMMS Kirsten', 'F', '2004/08/31', 'USA'),
(2349, 'SIMON Anae', 'F', '2002/12/16', 'FRA'),
(2350, 'SIMON Julia', 'F', '1996/10/9', 'FRA'),
(2351, 'SIMPSON-LARSEN Karoline', 'F', '1997/08/7', 'NOR'),
(2352, 'SINAPOV Anton', 'M', '1993/09/1', 'BUL'),
(2353, 'SINCLAIR Sophie', 'F', '1997/04/5', 'GBR'),
(2354, 'SINIGOI Caterina', 'F', '2003/07/23', 'SLO'),
(2355, 'SIVIGNON Timothe', 'M', '2003/01/25', 'FRA'),
(2356, 'SJOKVIST Henning', 'M', '1998/01/27', 'SWE'),
(2357, 'SKASLIEN Kristin', 'F', '1986/01/18', 'NOR'),
(2358, 'SKENDER Marko', 'M', '2001/07/09', 'CRO'),
(2359, 'SKINDER Monika', 'F', '2001/11/19', 'POL'),
(2360, 'SKISTAD Kristine Stavaas', 'F', '1999/02/8', 'NOR'),
(2361, 'SKOGLUND Andreas', 'M', '2001/03/22', 'NOR'),
(2362, 'SKOROKHODOVA Alexandra', 'F', '2006/01/27', 'KAZ'),
(2363, 'SKORVANEK Stanislav', 'M', '1996/01/31', 'SVK'),
(2364, 'SLAFKOVSKY Juraj', 'M', '2004/03/30', 'SVK'),
(2365, 'SLAVIN Jaccob', 'M', '1994/05/1', 'USA'),
(2366, 'SLETTEMARK Sondre', 'M', '2004/09/10', 'DEN'),
(2367, 'SLETTEMARK Ukaleq Astri', 'F', '2001/09/9', 'DEN'),
(2368, 'SLIND Astrid Oeyre', 'F', '1988/02/09', 'NOR'),
(2369, 'SLJIVIC Marko', 'M', '1996/05/12', 'BIH'),
(2370, 'SMAHA Olena', 'F', '2000/01/13', 'UKR'),
(2371, 'SMART Amelia', 'F', '1998/01/8', 'CAN'),
(2372, 'SMART Olivia', 'F', '1997/04/1', 'ESP'),
(2373, 'SMEDING Ellia', 'F', '1998/03/16', 'GBR'),
(2374, 'SMITH Cameron', 'M', '1995/09/18', 'USA'),
(2375, 'SMITH Fanny', 'F', '1992/05/20', 'SUI'),
(2376, 'SMITH Matthew', 'M', '1990/11/16', 'RSA'),
(2377, 'SMITH Sammy', 'F', '2005/09/22', 'USA'),
(2378, 'SMITS Alberts', 'M', '2007/12/2', 'LAT'),
(2379, 'SMOLKIN Gleb', 'M', '1999/08/27', 'GEO'),
(2380, 'SNEL Tijmen', 'M', '1997/12/11', 'NED'),
(2381, 'SOBOL Ema', 'F', '2007/12/05', 'CRO'),
(2382, 'SOCHOWICZ Mateusz', 'M', '1996/02/28', 'POL'),
(2383, 'SODERBERG Emma', 'F', '1998/02/18', 'SWE'),
(2384, 'SOEVIK Christian Oliveira', 'M', '2001/12/27', 'BRA'),
(2385, 'SOGAARD Mads', 'M', '2000/12/13', 'DEN'),
(2386, 'SOLBERG Eirik Hystad', 'M', '2002/10/14', 'NOR'),
(2387, 'SOMMARIVA Lorenzo', 'M', '1993/08/5', 'ITA'),
(2388, 'SOMMER Matthias', 'M', '1991/12/3', 'GER'),
(2389, 'SOMMEROVA Celine', 'F', '2003/07/29', 'CZE'),
(2390, 'SOMODI Maja Dora', 'F', '2004/10/15', 'HUN'),
(2391, 'SONG Qiwu', 'M', '2001/08/20', 'CHN'),
(2392, 'SONNEKALB Finn', 'M', '2007/03/3', 'GER'),
(2393, 'SOSOO Bryan', 'M', '1996/12/02', 'USA'),
(2394, 'SOUZA da SILVA Rafael', 'M', '1996/07/22', 'BRA'),
(2395, 'SPACEK David', 'M', '2003/02/18', 'CZE'),
(2396, 'SPALDING Cameron', 'M', '2005/03/20', 'CAN'),
(2397, 'SPECHENHAUSER Luca', 'M', '2000/12/14', 'ITA'),
(2398, 'SPITZOVA Desana', 'F', '2006/10/16', 'SVK'),
(2399, 'SPOONER Natalie', 'F', '1990/10/17', 'CAN'),
(2400, 'SPOURS Kristen', 'F', '2000/04/11', 'GBR'),
(2401, 'SPULBER Mihnea Alexandru', 'M', '2000/12/11', 'ROU'),
(2402, 'SROBOVA Katarina', 'F', '2005/01/05', 'SVK'),
(2403, 'ST-GERMAIN Laurence', 'F', '1994/05/30', 'CAN'),
(2404, 'STACEY Laura', 'F', '1994/05/5', 'CAN'),
(2405, 'STACHOWIAK Wojciech', 'M', '1999/07/03', 'GER'),
(2406, 'STADLOBER Teresa', 'F', '1993/02/1', 'AUT'),
(2407, 'STALDER Lara', 'F', '1994/05/15', 'SUI'),
(2408, 'STALDER Sebastian', 'M', '1998/01/19', 'SUI'),
(2409, 'STALKER Meila', 'F', '2004/02/4', 'AUS'),
(2410, 'STAREGA Maciej', 'M', '1990/01/31', 'POL'),
(2411, 'STECKLEIN Lee', 'F', '1994/04/23', 'USA'),
(2412, 'STEFANESCU Alexandru Stefan', 'M', '1999/04/15', 'ROU'),
(2413, 'STEFANSSON Malte', 'M', '2000/04/4', 'SWE'),
(2414, 'STEFFAN Benjamin', 'M', '1996/01/12', 'GER'),
(2415, 'STEGFELDT Rasmus', 'M', '1998/09/02', 'SWE'),
(2416, 'STEINER Tamara', 'F', '1997/05/25', 'AUT'),
(2417, 'STELLATO-DUDEK Deanna', 'F', '1983/06/22', 'CAN'),
(2418, 'STENSHAGEN Mattis', 'M', '1996/08/13', 'NOR'),
(2419, 'STEPAN Sascha', 'M', '1998/01/11', 'AUT'),
(2420, 'STEPANAUSKAITE Neringa', 'F', '2008/06/25', 'LTU'),
(2421, 'STEPASHKINA Nadezhda', 'F', '1998/09/04', 'KAZ'),
(2422, 'STEPHEN Thomas', 'M', '2002/03/30', 'CAN'),
(2423, 'STEPHENS Sidney', 'F', '2003/02/01', 'AUS'),
(2424, 'STERN Nejc', 'M', '2003/11/02', 'SLO'),
(2425, 'STETSKIV Olena', 'F', '1994/06/15', 'UKR'),
(2426, 'STEU Thomas', 'M', '1994/02/9', 'AUT'),
(2427, 'STEWART-JONES Katherine', 'F', '1995/05/5', 'CAN'),
(2428, 'STJERNESUND Thea Louise', 'F', '1996/11/24', 'NOR'),
(2429, 'STOCH Kamil', 'M', '1987/05/25', 'POL'),
(2430, 'STOCKER Franziska', 'F', '1997/12/16', 'ITA'),
(2431, 'STODDARD Corinne', 'F', '2001/08/15', 'USA'),
(2432, 'STOECKER Tabitha', 'F', '2000/11/24', 'GBR'),
(2433, 'STOELBEN Jan', 'M', '2001/06/15', 'GER'),
(2434, 'STOIKOS Luka', 'M', '2003/08/16', 'CAN'),
(2435, 'STOLZ Jordan', 'M', '2004/05/21', 'USA'),
(2436, 'STONE Mark', 'M', '1992/05/13', 'CAN'),
(2437, 'STOPPELMOOR Zach', 'M', '1999/05/11', 'USA'),
(2438, 'STORM Frederik', 'M', '1989/02/20', 'DEN'),
(2439, 'STRAMATURARU Raluca', 'F', '1985/11/22', 'ROU'),
(2440, 'STRAND Didrik Eng', 'M', '2005/09/13', 'NOR'),
(2441, 'STRANSKY Matej', 'M', '1993/07/11', 'CZE'),
(2442, 'STRASSER Linus', 'M', '1992/11/6', 'GER'),
(2443, 'STRATE Abigail', 'F', '2001/02/22', 'CAN'),
(2444, 'STRAUB Felix', 'M', '1997/05/14', 'GER'),
(2445, 'STRELOW Justus', 'M', '1996/12/30', 'GER'),
(2446, 'STREMOUS Alina', 'F', '1995/07/11', 'MDA'),
(2447, 'STROBEL Carina', 'F', '1997/09/11', 'GER'),
(2448, 'STROEM Anna Odine', 'F', '1998/04/17', 'NOR'),
(2449, 'STROLIA Tautvydas', 'M', '1995/03/31', 'LTU'),
(2450, 'STROLIA Vytautas', 'M', '1992/11/28', 'LTU'),
(2451, 'STUHEC Ilka', 'F', '1990/10/26', 'SLO'),
(2452, 'STURM Nico', 'M', '1995/05/3', 'GER'),
(2453, 'STUTZLE Tim', 'M', '2002/01/15', 'GER'),
(2454, 'SU Shuaibing', 'M', '2006/09/17', 'CHN'),
(2455, 'SU Tingyu', 'F', '2000/08/25', 'CHN'),
(2456, 'SU Yiming', 'M', '2004/02/18', 'CHN'),
(2457, 'SUGAI Ryo', 'M', '1991/12/11', 'JPN'),
(2458, 'SUI Wenjing', 'F', '1995/07/18', 'CHN'),
(2459, 'SUK Youngjin', 'M', '1990/08/30', 'KOR'),
(2460, 'SUKEL Matus', 'M', '1996/01/23', 'SVK'),
(2461, 'SUN Jiaxu', 'M', '1999/06/1', 'CHN'),
(2462, 'SUN Jingbo', 'M', '2003/11/10', 'CHN'),
(2463, 'SUN Kaizhi', 'M', '1996/12/09', 'CHN'),
(2464, 'SUN Long', 'M', '2000/08/28', 'CHN'),
(2465, 'SUNDAL Kristoffer Eriksen', 'M', '2001/02/7', 'NOR'),
(2466, 'SUNDGREN Christoffer', 'M', '1989/07/31', 'SWE'),
(2467, 'SUNDLING Jonna', 'F', '1994/12/28', 'SWE'),
(2468, 'SUORANTA Elli', 'F', '2002/06/17', 'FIN'),
(2469, 'SURGET Merlin', 'M', '1999/12/3', 'FRA'),
(2470, 'SUSKO Embyr-Lee', 'F', '2005/06/13', 'CAN'),
(2471, 'SUTER Corinne', 'F', '1994/09/28', 'SUI'),
(2472, 'SUTER Pius', 'M', '1996/05/24', 'SUI'),
(2473, 'SUZUKI Momo', 'F', '2007/10/29', 'JPN'),
(2474, 'SUZUKI Nick', 'M', '1999/08/10', 'CAN'),
(2475, 'SVAHN Linn', 'F', '1999/12/9', 'SWE'),
(2476, 'SVANCER Matej', 'M', '2004/03/26', 'AUT'),
(2477, 'SVENSSON Hilda', 'F', '2006/08/24', 'SWE'),
(2478, 'SVENSSON TRAFF Ebba', 'F', '2004/11/27', 'SWE'),
(2479, 'SVIATCHENKO Alexei', 'M', '1999/03/24', 'HUN'),
(2480, 'SWAYMAN Jeremy', 'M', '1998/11/24', 'USA'),
(2481, 'SWENN LARSSON Anna', 'F', '1991/06/18', 'SWE'),
(2482, 'SWINGS Bart', 'M', '1991/02/12', 'BEL'),
(2483, 'SWIRBUL Hailey', 'F', '1998/07/10', 'USA'),
(2484, 'SYDORKO Yelyzaveta', 'F', '2004/08/10', 'UKR'),
(2485, 'SYLVESTER-DAVIK Madeleine', 'F', '2005/10/21', 'NOR'),
(2486, 'SYRJA Elias', 'M', '1998/08/28', 'FIN'),
(2487, 'SZOLLOS Barnabas', 'M', '1998/12/13', 'ISR'),
(2488, 'SZOLLOS Noa', 'F', '2003/02/3', 'ISR'),
(2489, 'TABANELLI Flora', 'F', '2007/11/20', 'ITA'),
(2490, 'TABANELLI Miro', 'M', '2004/11/17', 'ITA'),
(2491, 'TABIN Kati', 'F', '1997/04/21', 'CAN'),
(2492, 'TADA Ai', 'F', '2006/04/04', 'JPN'),
(2493, 'TAI Zhien', 'F', '2006/09/30', 'CHN'),
(2494, 'TAKA Eveliina', 'F', '2002/02/01', 'FIN'),
(2495, 'TAKAC Samuel', 'M', '1991/12/3', 'SVK'),
(2496, 'TAKAGI Miho', 'F', '1994/05/22', 'JPN'),
(2497, 'TAKAHASHI Hiroatsu', 'M', '1984/04/13', 'JPN'),
(2498, 'TAKANASHI Sara', 'F', '1996/10/8', 'JPN'),
(2499, 'TAKEUCHI Tomoka', 'F', '1983/12/21', 'JPN'),
(2500, 'TALIHAERM Johanna', 'F', '1993/06/27', 'EST'),
(2501, 'TANDREVOLD Ingrid Landmark', 'F', '1996/09/23', 'NOR'),
(2502, 'TANG Winston', 'M', '2006/07/7', 'GBS'),
(2503, 'TANNER Tasia', 'F', '2002/07/26', 'USA'),
(2504, 'TANNHEIMER Julia', 'F', '2005/08/1', 'GER'),
(2505, 'TANNO Giulia', 'F', '1998/05/5', 'SUI'),
(2506, 'TAPANI Susanna', 'F', '1993/03/2', 'FIN'),
(2507, 'TARBIT Freya', 'F', '2000/08/24', 'GBR'),
(2508, 'TARDI Tyler', 'M', '1998/08/10', 'CAN'),
(2509, 'TAS Sandrine', 'F', '1995/09/7', 'BEL'),
(2510, 'TASCHE Joshua', 'M', '1995/09/8', 'GER'),
(2511, 'TASCHLER Filip', 'M', '1999/08/29', 'CZE'),
(2512, 'TASCHLEROVA Natalie', 'F', '2001/12/9', 'CZE'),
(2513, 'TATAR Tomas', 'M', '1990/12/1', 'SVK'),
(2514, 'TAUBITZ Julia', 'F', '1996/03/1', 'GER'),
(2515, 'TAWK Samer', 'M', '1998/09/3', 'LBN'),
(2516, 'TAYLOR Laurie', 'M', '1996/02/10', 'GBR'),
(2517, 'TCHIBOZO Nathan', 'M', '2004/02/15', 'BEN'),
(2518, 'TCHIKNAVORIAN Melvin', 'M', '1997/09/03', 'FRA'),
(2519, 'TCHIKNAVORIAN Terence', 'M', '1992/04/22', 'FRA'),
(2520, 'TEDER Mai Brit', 'F', '2007/10/23', 'EST'),
(2521, 'TEDER Ruubert', 'M', '2009/10/08', 'EST'),
(2522, 'TEIXEIRA Augustinho', 'M', '2005/03/01', 'BRA'),
(2523, 'TEJRALOVA Aneta', 'F', '1996/01/4', 'CZE'),
(2524, 'TEN RAA Gwyneth', 'F', '2005/05/11', 'LUX'),
(2525, 'TENTEA Mihai Cristian', 'M', '1998/12/30', 'ROU'),
(2526, 'TERAVAINEN Teuvo', 'M', '1994/09/11', 'FIN'),
(2527, 'TEXIER Alexandre', 'M', '1999/09/13', 'FRA'),
(2528, 'THELEN Faye', 'F', '1992/03/24', 'USA'),
(2529, 'THENAULT Marion', 'F', '2000/04/9', 'CAN'),
(2530, 'THEODORE Shea', 'M', '1995/08/3', 'CAN'),
(2531, 'THIEBAULT Valentin', 'M', '1998/07/19', 'FRA'),
(2532, 'THIESSE Cory', 'F', '1994/12/1', 'USA'),
(2533, 'THIRY Thomas', 'M', '1997/09/9', 'FRA'),
(2534, 'THOMAS Daisy', 'F', '2007/05/24', 'AUS'),
(2535, 'THOMAS Mischa', 'F', '2008/03/19', 'NZL'),
(2536, 'THOMPSON Claire', 'F', '1998/01/28', 'CAN'),
(2537, 'THOMPSON Logan', 'M', '1997/02/25', 'CAN'),
(2538, 'THOMPSON Marielle', 'F', '1992/06/15', 'CAN'),
(2539, 'THOMPSON Tage', 'M', '1997/10/30', 'USA'),
(2540, 'THORUP Viktor Hald', 'M', '1994/08/14', 'DEN'),
(2541, 'THURKAUF Calvin', 'M', '1997/06/27', 'SUI'),
(2542, 'THUVIK Hanna', 'F', '2002/05/17', 'SWE'),
(2543, 'TIAN Ruining', 'F', '1997/01/17', 'CHN'),
(2544, 'TIBORCZ Daniel', 'M', '2000/03/10', 'HUN'),
(2545, 'TICHACEK Jiri', 'M', '2003/01/30', 'CZE'),
(2546, 'TIFFELS Frederik', 'M', '1995/05/20', 'GER'),
(2547, 'TIKHONOVA Olga', 'F', '1997/10/23', 'KAZ'),
(2548, 'TIMMINGS Nicholas', 'M', '1990/12/29', 'AUS'),
(2549, 'TIRINZONI Silvana', 'F', '1979/06/25', 'SUI'),
(2550, 'TITA Nefeli', 'F', '2003/02/11', 'GRE'),
(2551, 'TJADER Jesper', 'M', '1994/05/2', 'SWE'),
(2552, 'TKACHUK Brady', 'M', '1999/09/16', 'USA'),
(2553, 'TKACHUK Matthew', 'M', '1997/12/11', 'USA'),
(2554, 'TODEV Blagoy', 'M', '2001/07/6', 'BUL'),
(2555, 'TODOROVA Milena', 'F', '1998/01/18', 'BUL'),
(2556, 'TOEWS Devon', 'M', '1994/02/21', 'CAN'),
(2557, 'TOKO Haruka', 'F', '1997/03/16', 'JPN'),
(2558, 'TOLMACHEVA Anastasia', 'F', '1995/09/29', 'ROU'),
(2559, 'TOLVANEN Eeli', 'M', '1999/04/22', 'FIN'),
(2560, 'TOMASEK David', 'M', '1996/02/10', 'CZE'),
(2561, 'TOMASIAK Kacper', 'M', '2007/01/20', 'POL'),
(2562, 'TOMASONI Federico', 'M', '1995/07/26', 'ITA'),
(2563, 'TOMINGAS Tuuli', 'F', '1995/01/4', 'EST'),
(2564, 'TOMITA Sena', 'F', '1999/10/5', 'JPN'),
(2565, 'TOMITAKA Hinako', 'F', '2000/09/21', 'JPN'),
(2566, 'TOMOVIC Aleksa', 'M', '2003/05/25', 'SRB'),
(2567, 'TOMSIC Nika', 'F', '2000/03/01', 'SLO'),
(2568, 'TOPOLSKA Gabriela', 'F', '2001/03/15', 'POL'),
(2569, 'TORGASHEV Andrew', 'M', '2001/05/29', 'USA'),
(2570, 'TOTH Daniela Vasilica', 'F', '1997/08/14', 'ROU'),
(2571, 'TOTH Zita', 'F', '2002/05/28', 'HUN'),
(2572, 'TOTSUKA Yuto', 'M', '2001/09/27', 'JPN'),
(2573, 'TRAASERUD Heidi Dyhre', 'F', '2003/07/10', 'NOR'),
(2574, 'TRACEY Tyquendo', 'M', '1993/06/10', 'JAM'),
(2575, 'TRALMAKS Eduards', 'M', '1997/02/17', 'LAT'),
(2576, 'TRANCHINA Pietro', 'M', '2003/03/05', 'MAR'),
(2577, 'TRAUBAITE Judita', 'F', '2000/07/11', 'LTU'),
(2578, 'TREACY Niall', 'M', '2000/07/22', 'GBR'),
(2579, 'TREBOUTA Giovanni', 'M', '1999/07/29', 'FRA'),
(2580, 'TREICHL Markus', 'M', '1993/09/28', 'AUT'),
(2581, 'TREILLE Sacha', 'M', '1987/11/06', 'FRA'),
(2582, 'TRESPEUCH Chloe', 'F', '1994/04/13', 'FRA'),
(2583, 'TREVISIOL Mario', 'M', '2003/04/20', 'GER'),
(2584, 'TRIVELLATO Alex', 'M', '1993/01/5', 'ITA'),
(2585, 'TRNKOVA Andrea', 'F', '2004/03/3', 'CZE'),
(2586, 'TROCHECK Vincent', 'M', '1993/07/11', 'USA'),
(2587, 'TROCKER Anna', 'F', '2008/12/23', 'ITA'),
(2588, 'TROTTER Sylvia', 'F', '2001/03/6', 'NZL'),
(2589, 'TRUE Alexander', 'M', '1997/07/17', 'DEN'),
(2590, 'TRUNZ Felix', 'M', '2006/04/20', 'SUI'),
(2591, 'TRUPPE Katharina', 'F', '1996/01/15', 'AUT'),
(2592, 'TSCHOFEN David', 'M', '2002/08/30', 'LIE'),
(2593, 'TSCHOFENIG Daniel', 'M', '2002/03/28', 'AUT'),
(2594, 'TSIBA Michel', 'M', '1997/12/21', 'NED'),
(2595, 'TSIKLAURI Nino', 'F', '1993/07/1', 'GEO'),
(2596, 'TSIOVOLOU Maria Eleni', 'F', '2001/01/07', 'GRE'),
(2597, 'TSUCHIYA Masae', 'F', '1996/12/13', 'JPN'),
(2598, 'TULUS Noora', 'F', '1995/08/15', 'FIN'),
(2599, 'TUMLER Thomas', 'M', '1989/11/5', 'SUI'),
(2600, 'TUNYTSKA Yulianna', 'F', '2003/08/7', 'UKR'),
(2601, 'TUOMIE Parker', 'M', '1995/10/31', 'GER'),
(2602, 'TURKKILA Juulia', 'F', '1994/11/3', 'FIN'),
(2603, 'TURNBULL Blayre', 'F', '1993/07/15', 'CAN'),
(2604, 'TUTINO Kayla', 'F', '1992/12/18', 'ITA'),
(2605, 'TUUL Teesi', 'F', '1999/08/31', 'EST'),
(2606, 'TUZ Jiri', 'M', '2004/11/23', 'CZE'),
(2607, 'TWARDOSZ Anna', 'F', '2001/04/12', 'POL'),
(2608, 'TYRODE Mael', 'M', '2000/07/31', 'FRA'),
(2609, 'UKITA Rui', 'F', '1996/06/6', 'JPN'),
(2610, 'ULBRICHT Leon', 'M', '2004/11/1', 'GER'),
(2611, 'ULDAL Martin', 'M', '2001/05/23', 'NOR'),
(2612, 'ULRICH Caroline', 'F', '2002/02/28', 'SUI'),
(2613, 'ULRICHOVA Klara', 'F', '2004/05/14', 'CZE'),
(2614, 'UNGURS Edgars', 'M', '1993/10/25', 'LAT'),
(2615, 'UNTERWEGER Dominic', 'M', '1999/05/09', 'AUT'),
(2616, 'URNESS Naomi', 'F', '2004/08/5', 'CAN'),
(2617, 'URUMOVA Sara', 'F', '2001/09/13', 'LTU'),
(2618, 'URY Balint', 'M', '2003/12/24', 'HUN'),
(2619, 'VAGUL Kaimar', 'M', '2007/04/13', 'EST'),
(2620, 'VAICIULIS Modestas', 'M', '1989/04/11', 'LTU'),
(2621, 'VAILLANCOURT Elliot', 'M', '1999/04/12', 'CAN'),
(2622, 'VAINIKKA Viivi', 'F', '2001/12/23', 'FIN'),
(2623, 'VAIPAN-LAW Anastasia', 'F', '1999/08/31', 'GBR'),
(2624, 'VAL Sofia', 'F', '2004/11/14', 'ESP'),
(2625, 'VALAX Enzo', 'M', '2000/10/27', 'FRA'),
(2626, 'VALLARIO Nicole', 'F', '2001/08/30', 'SUI'),
(2627, 'VALLE Sofia', 'F', '2004/11/14', 'ITA'),
(2628, 'VALLINI Gianluca', 'M', '1993/10/27', 'ITA'),
(2629, 'VALNES Erik', 'M', '1996/04/19', 'NOR'),
(2630, 'VANHANEN Sanni', 'F', '2005/07/1', 'FIN'),
(2631, 'VANHOUTTE Fran', 'F', '2003/05/24', 'BEL'),
(2632, 'VANISOVA Tereza', 'F', '1996/01/30', 'CZE'),
(2633, 'VANKOVA Petra', 'F', '1990/03/8', 'CZE'),
(2634, 'VANREUSEL Kim', 'F', '1998/01/4', 'BEL'),
(2635, 'VARANO Amie', 'F', '1994/06/18', 'ITA'),
(2636, 'VARIAKOJYTE Meda', 'F', '2007/05/3', 'LTU'),
(2637, 'VASILEV Konstantin', 'M', '2003/10/01', 'BUL'),
(2638, 'VASILJEVS Deniss', 'M', '1999/08/9', 'LAT'),
(2639, 'VASSILYEV Danil', 'M', '2004/07/22', 'KAZ'),
(2640, 'VEDDER Jake', 'M', '1998/04/16', 'USA'),
(2641, 'VEGI Diana Laura', 'F', '2006/12/30', 'HUN'),
(2642, 'VEJMELKA Karel', 'M', '1996/05/25', 'CZE'),
(2643, 'VELICER Sophia Tsu', 'F', '1999/03/09', 'TPE'),
(2644, 'VELZEBOER Michelle', 'F', '2003/03/9', 'NED'),
(2645, 'VELZEBOER Xandra', 'F', '2001/09/7', 'NED'),
(2646, 'VERBNJAK Paul', 'M', '2001/12/10', 'AUT'),
(2647, 'VERDU Joan', 'M', '1995/05/23', 'AND'),
(2648, 'VERGINER Alex', 'M', '1994/10/03', 'ITA'),
(2649, 'VERMEULEN Mika', 'M', '1999/06/26', 'AUT'),
(2650, 'VERSLUIS Matthias', 'M', '1994/07/18', 'FIN'),
(2651, 'VESA Emilia', 'F', '2001/01/3', 'FIN'),
(2652, 'VESTERGAARD JOHANSEN Rasmus', 'M', '2002/09/18', 'DEN'),
(2653, 'VIANO Richardson', 'M', '2002/08/16', 'HAI'),
(2654, 'VICKTOR Noah', 'M', '2001/08/18', 'GER'),
(2655, 'VIDMAR Anton', 'M', '2000/02/17', 'SLO'),
(2656, 'VIEL Julien', 'M', '2001/07/13', 'CAN'),
(2657, 'VIERELA Severi', 'M', '2001/10/25', 'FIN'),
(2658, 'VIGANTS Raimo', 'M', '1999/02/25', 'LAT'),
(2659, 'VIGL Maybritt', 'F', '2004/08/21', 'ITA'),
(2660, 'VIK Lars Young', 'M', '1994/07/6', 'AUS'),
(2661, 'VIKE Oskar Opstad', 'M', '2004/01/7', 'NOR'),
(2662, 'VILLIOT Lea', 'F', '1997/02/11', 'FRA'),
(2663, 'VILMANIS Sandis', 'M', '2004/01/23', 'LAT'),
(2664, 'VINATZER Alex', 'M', '1999/09/22', 'ITA'),
(2665, 'VINECKI Winter', 'F', '1998/12/18', 'USA'),
(2666, 'VINKLARKOVA Tereza', 'F', '1998/12/03', 'CZE'),
(2667, 'VIOLETTE Luc', 'M', '1999/03/8', 'USA'),
(2668, 'VISINTIN Omar', 'M', '1989/10/22', 'ITA'),
(2669, 'VISSERING Carsten', 'M', '1997/05/13', 'USA'),
(2670, 'VITO III Louis Philip', 'M', '1988/03/20', 'ITA'),
(2671, 'VITTOZZI Lisa', 'F', '1995/02/4', 'ITA'),
(2672, 'VLADAR Daniel', 'M', '1997/08/20', 'CZE'),
(2673, 'VLHOVA Petra', 'F', '1995/06/13', 'SVK'),
(2674, 'VOBORNIKOVA Tereza', 'F', '2000/05/31', 'CZE'),
(2675, 'VOCETKOVA Linda', 'F', '2006/07/5', 'CZE'),
(2676, 'VODAN Nika', 'F', '2000/03/9', 'SLO'),
(2677, 'VOETTER Andrea', 'F', '1995/04/03', 'ITA'),
(2678, 'VOGELE Omar', 'M', '1999/02/05', 'SUI'),
(2679, 'VOGT Michael', 'M', '1997/12/29', 'SUI'),
(2680, 'VOIGT Maja', 'F', '2007/08/16', 'DEN'),
(2681, 'VOIGT Svenja', 'F', '2004/03/29', 'GER'),
(2682, 'VOIGT Vanessa', 'F', '1997/10/7', 'GER'),
(2683, 'VOLFA Estere', 'F', '2005/04/11', 'LAT'),
(2684, 'VOLODIN Nikita', 'M', '1999/06/29', 'GER'),
(2685, 'VONN Lindsey', 'F', '1984/10/18', 'USA'),
(2686, 'VORRE Clara-Marie Holmer', 'F', '2003/03/12', 'DEN'),
(2687, 'VOSTE Mathias', 'M', '1994/05/20', 'BEL'),
(2688, 'VRHOVNIK Vid', 'M', '1999/07/12', 'SLO'),
(2689, 'VUCINIC Pia', 'F', '2009/10/15', 'CRO'),
(2690, 'VUORINEN Lauri', 'M', '1995/01/1', 'FIN'),
(2691, 'VYTRVAL Jan', 'M', '1998/05/08', 'CZE'),
(2692, 'WADDELL Kyle', 'M', '1993/12/15', 'GBR'),
(2693, 'WADSAK Meghann', 'F', '2007/06/29', 'AUT'),
(2694, 'WAGNER Monja', 'F', '2003/04/10', 'SUI'),
(2695, 'WAJIMA Yumeka', 'F', '2002/10/19', 'JPN'),
(2696, 'WALCZYK Dylan', 'M', '1993/06/25', 'USA'),
(2697, 'WALDAL Ida', 'F', '2004/06/18', 'NOR'),
(2698, 'WALKER Bree', 'F', '1992/08/28', 'AUS'),
(2699, 'WALLBERG Walter', 'M', '2000/03/24', 'SWE'),
(2700, 'WALLSTEDT Jesper', 'M', '2002/11/14', 'SWE'),
(2701, 'WANG Jingziqian', 'F', '2001/09/13', 'CHN'),
(2702, 'WANG Peixuan', 'F', '2000/03/14', 'CHN'),
(2703, 'WANG Qiang', 'M', '1993/04/23', 'CHN'),
(2704, 'WANG Rui', 'F', '1995/02/9', 'CHN'),
(2705, 'WANG Shiyue', 'F', '1994/04/21', 'CHN'),
(2706, 'WANG Xindi', 'M', '1995/05/2', 'CHN'),
(2707, 'WANG Xinran', 'F', '2001/08/3', 'CHN'),
(2708, 'WANG Xinyi', 'F', '2003/07/20', 'CHN'),
(2709, 'WANG Xuan', 'F', '1998/07/16', 'CHN'),
(2710, 'WANG Yu', 'F', '2000/10/6', 'CHN'),
(2711, 'WANG Yundi', 'F', '2002/10/02', 'CHN'),
(2712, 'WANG Zhenhao', 'M', '2005/08/17', 'CHN'),
(2713, 'WANG Ziyang', 'M', '2003/04/1', 'CHN'),
(2714, 'WARDROPE Devin', 'M', '2002/08/9', 'CAN'),
(2715, 'WARMUTH Sophie', 'F', '2002/10/09', 'GER'),
(2716, 'WARREN Sarah', 'F', '1996/06/20', 'USA'),
(2717, 'WASEK Pawel', 'M', '1999/06/2', 'POL'),
(2718, 'WATABE Akito', 'M', '1988/05/26', 'JPN'),
(2719, 'WATANABE Aoi', 'F', '1999/09/16', 'JPN'),
(2720, 'WATANABE Keita', 'M', '1992/03/25', 'JPN'),
(2721, 'WATTS Daryl', 'F', '1999/05/15', 'CAN'),
(2722, 'WEBER Anja', 'F', '2001/06/29', 'SUI'),
(2723, 'WEIDEL Anna', 'F', '1996/05/25', 'GER'),
(2724, 'WEIDEMANN Isabelle', 'F', '1995/07/18', 'CAN'),
(2725, 'WEIDLE-WINKELMANN Kira', 'F', '1996/02/24', 'GER'),
(2726, 'WEIR Thomas', 'M', '1984/07/2', 'RSA'),
(2727, 'WEISS Emma', 'F', '2000/01/22', 'GER'),
(2728, 'WEISZEWSKI Linda', 'F', '1999/04/11', 'POL'),
(2729, 'WEJSE Christian', 'M', '1998/12/04', 'DEN'),
(2730, 'WELCKE Lilli', 'F', '2002/04/29', 'GER'),
(2731, 'WELCKE Luisa', 'F', '2002/04/29', 'GER'),
(2732, 'WELLINGER Andreas', 'M', '1995/08/28', 'GER'),
(2733, 'WELLS Amelia', 'F', '2002/06/6', 'CAN'),
(2734, 'WENDL Tobias', 'M', '1987/06/16', 'GER'),
(2735, 'WENDLER Landon', 'M', '2000/10/12', 'USA'),
(2736, 'WENG Heidi', 'F', '1991/07/20', 'NOR'),
(2737, 'WENG Yangning', 'F', '2006/11/30', 'CHN'),
(2738, 'WENGER Livio', 'M', '1993/01/20', 'SUI'),
(2739, 'WENNBERG Alexander', 'M', '1994/09/22', 'SWE'),
(2740, 'WENNEMARS Joep', 'M', '2002/10/3', 'NED'),
(2741, 'WENZEL Jorn', 'M', '2004/08/13', 'GER'),
(2742, 'WERENSKI Zach', 'M', '1997/07/19', 'USA'),
(2743, 'WERNER Pirmin', 'M', '2000/01/10', 'SUI'),
(2744, 'WESSELINK Dave', 'M', '1999/10/01', 'NED'),
(2745, 'WESTHOFF Bianca Bakke', 'F', '2000/12/21', 'NOR'),
(2746, 'WESTMAN Frida', 'F', '2001/01/10', 'SWE'),
(2747, 'WESTON Matt', 'M', '1997/03/2', 'GBR'),
(2748, 'WETLI Stefanie', 'F', '2000/02/4', 'SUI'),
(2749, 'WEY Ivana', 'F', '2006/02/4', 'SUI'),
(2750, 'WHEATLEY Kyra', 'F', '2009/11/2', 'AUS'),
(2751, 'WIEDMER Noemie', 'F', '2007/05/1', 'SUI'),
(2752, 'WIERER Dorothea', 'F', '1990/04/3', 'ITA'),
(2753, 'WIEST Fabian', 'M', '2008/09/01', 'THA'),
(2754, 'WIGGER Nicola', 'M', '2001/05/23', 'SUI'),
(2755, 'WIKLUND Ragne', 'F', '2000/05/9', 'NOR'),
(2756, 'WIKNER ZIENKIEWICZ Felizia', 'F', '1999/09/17', 'SWE'),
(2757, 'WILES Jacqueline', 'F', '1992/07/13', 'USA'),
(2758, 'WILKES Sarah', 'F', '1990/08/4', 'CAN'),
(2759, 'WILLCOX Abbey', 'F', '1996/11/27', 'AUS'),
(2760, 'WILLIAMS Christania Simone', 'F', '1994/10/17', 'AUT'),
(2761, 'WILLIAMS Xaverri', 'M', '1996/07/07', 'TTO'),
(2762, 'WILLIAMSON Joshua', 'M', '1996/08/29', 'USA'),
(2763, 'WILMSMANN Florian', 'M', '1996/01/21', 'GER'),
(2764, 'WILSON Abbey', 'F', '2006/07/2', 'AUS'),
(2765, 'WILSON Charlotte', 'F', '2005/02/15', 'AUS'),
(2766, 'WILSON Eden', 'F', '1997/02/11', 'CAN'),
(2767, 'WILSON Tom', 'M', '1994/03/29', 'CAN'),
(2768, 'WINN Haley', 'F', '2003/07/14', 'USA'),
(2769, 'WINTERBERGER Abby', 'F', '2010/05/01', 'USA'),
(2770, 'WINTERS Cody', 'M', '2000/04/20', 'USA'),
(2771, 'WISSMANN Kai', 'M', '1996/10/22', 'GER'),
(2772, 'WITSCHONKE Selina', 'F', '1998/12/17', 'SUI'),
(2773, 'WOJCIK Andzelika', 'F', '1996/11/8', 'POL'),
(2774, 'WOLF Lara', 'F', '2000/03/23', 'AUT'),
(2775, 'WONDERS Hunter', 'M', '1998/08/07', 'USA'),
(2776, 'WOO Subeen', 'F', '2003/04/03', 'KOR'),
(2777, 'WOODS Cooper', 'M', '2000/09/7', 'AUS'),
(2778, 'WOZNIAK Michal', 'M', '1999/07/1', 'POL'),
(2779, 'WRANAA Isabella', 'F', '1997/06/22', 'SWE'),
(2780, 'WRANAA Rasmus', 'M', '1994/11/15', 'SWE'),
(2781, 'WRIGHT Campbell', 'M', '2002/05/25', 'USA'),
(2782, 'WRIGHT Isabella', 'F', '1997/02/10', 'USA'),
(2783, 'WU Shaotong', 'F', '1998/12/13', 'CHN'),
(2784, 'WU Yu', 'M', '1995/01/13', 'CHN'),
(2785, 'WYATT Marcus', 'M', '1991/12/14', 'GBR'),
(2786, 'XHEPA Denni', 'M', '2003/05/6', 'ALB'),
(2787, 'XU Jingtao', 'M', '1993/08/5', 'CHN'),
(2788, 'XU Mengtao', 'F', '1990/07/12', 'CHN'),
(2789, 'XU Xiaoming', 'M', '1984/09/14', 'CHN'),
(2790, 'XUE Zhiwen', 'M', '2003/08/1', 'CHN'),
(2791, 'YABLONSKA Diana', 'F', '2005/01/14', 'UKR'),
(2792, 'YACHI Sora', 'M', '2000/05/04', 'JPN'),
(2793, 'YAMADA Kazuya', 'M', '2001/09/27', 'JPN'),
(2794, 'YAMADA Rio', 'F', '1997/07/10', 'JPN'),
(2795, 'YAMADA Ryusei', 'M', '2006/03/25', 'JPN'),
(2796, 'YAMAMOTO Ryota', 'M', '1997/05/13', 'JPN'),
(2797, 'YAMASHITA Shiori', 'F', '2002/04/28', 'JPN'),
(2798, 'YAMAZAKI Daito', 'M', '2003/03/30', 'JPN'),
(2799, 'YAN Xingyuan', 'M', '1996/02/26', 'CHN'),
(2800, 'YANAGIMOTO Rino', 'F', '2000/12/13', 'JPN'),
(2801, 'YANG Binyu', 'F', '2002/07/25', 'CHN'),
(2802, 'YANG Jingru', 'F', '2006/07/10', 'CHN'),
(2803, 'YANG Kaiyue', 'M', '2004/08/12', 'CHN'),
(2804, 'YANG Lu', 'F', '2001/07/26', 'CHN'),
(2805, 'YANG Ruyi', 'F', '2005/03/11', 'CHN'),
(2806, 'YANG Wenlong', 'M', '1999/07/07', 'CHN'),
(2807, 'YANG Ya', 'F', '2003/07/10', 'CHN'),
(2808, 'YANKOV Radoslav', 'M', '1990/01/26', 'BUL'),
(2809, 'YATSIUK Oksana', 'F', '1999/01/12', 'UKR'),
(2810, 'YE Jielong', 'M', '2000/03/02', 'CHN'),
(2811, 'YILAMUJIANG Dinigeer', 'F', '2001/05/3', 'CHN'),
(2812, 'YILMAZ Abdullah', 'M', '2004/08/19', 'TUR'),
(2813, 'YIN Qi', 'F', '1992/10/15', 'CHN'),
(2814, 'YIN Zheng', 'M', '1996/03/7', 'CHN'),
(2815, 'YING Qing', 'F', '1997/02/10', 'CHN'),
(2816, 'YONGQINGLAMU', 'F', '2004/01/01', 'CHN'),
(2817, 'YOSHIDA Remi', 'F', '2005/07/30', 'JPN'),
(2818, 'YOSHIDA Utana', 'F', '2003/09/6', 'JPN'),
(2819, 'YOSHIDA Yukino', 'F', '2003/01/29', 'JPN'),
(2820, 'YOSHIMURA Sayaka', 'F', '1992/01/30', 'JPN'),
(2821, 'YOSHINAGA Kazuki', 'M', '1999/07/31', 'JPN'),
(2822, 'YOUNG Jack', 'M', '2002/12/17', 'USA'),
(2823, 'YRJOLA Siiri', 'F', '2004/09/8', 'FIN'),
(2824, 'YU Seungeun', 'F', '2008/01/28', 'KOR'),
(2825, 'YULE Daniel', 'M', '1993/02/18', 'SUI'),
(2826, 'YUN Shin-Ee', 'F', '2007/09/08', 'KOR'),
(2827, 'YUNG Hau Tsuen Adrian', 'M', '2004/08/26', 'HKG'),
(2828, 'ZABYSTRAN Jan', 'M', '1998/01/26', 'CZE'),
(2829, 'ZAHKNA Rene', 'M', '1994/10/2', 'EST'),
(2830, 'ZAJANSKI Cole', 'M', '2001/09/19', 'CAN'),
(2831, 'ZAJC Timi', 'M', '2000/04/26', 'SLO'),
(2832, 'ZAMFIROV Tervel', 'M', '2005/02/22', 'BUL'),
(2833, 'ZAMFIROVA Malena', 'F', '2009/06/3', 'BUL'),
(2834, 'ZAMPA Andreas', 'M', '1993/08/13', 'SVK'),
(2835, 'ZANATTA Luca', 'M', '1989/05/31', 'ITA'),
(2836, 'ZANDECKA Marika', 'F', '1995/09/24', 'POL'),
(2837, 'ZANETTE Mark', 'M', '2000/08/21', 'CAN'),
(2838, 'ZANETTI Marco', 'M', '2002/03/12', 'ITA'),
(2839, 'ZANITZER Martina', 'F', '2005/09/04', 'ITA'),
(2840, 'ZARDINI LACEDELLI Giulia', 'F', '2003/01/29', 'ITA'),
(2841, 'ZAVESKA Laura', 'F', '2006/10/30', 'CZE'),
(2842, 'ZAWOL Marcin', 'M', '2002/05/29', 'POL'),
(2843, 'ZDRAHALOVA Nikola', 'F', '1996/04/1', 'CZE'),
(2844, 'ZDRAVKOVA Maria', 'F', '1998/07/30', 'BUL'),
(2845, 'ZELINGROVA Julie', 'F', '2006/03/28', 'CZE'),
(2846, 'ZENERE Asja', 'F', '1996/12/13', 'ITA'),
(2847, 'ZENG Ping', 'F', '2005/01/1', 'CHN'),
(2848, 'ZENI Elia', 'M', '2001/06/5', 'ITA'),
(2849, 'ZERJAV Neza', 'F', '1999/08/09', 'SLO'),
(2850, 'ZERKHOLD Pia', 'F', '1998/10/26', 'AUT'),
(2851, 'ZHANG Bohao', 'M', '2006/10/20', 'CHN'),
(2852, 'ZHANG Chutong', 'F', '2003/02/17', 'CHN'),
(2853, 'ZHANG Jin', 'M', '2000/11/25', 'CHN'),
(2854, 'ZHANG Kexin', 'F', '2002/06/5', 'CHN'),
(2855, 'ZHANG Ruiyang', 'F', '2007/12/21', 'CHN'),
(2856, 'ZHANG Xiaonan', 'F', '1992/07/21', 'CHN'),
(2857, 'ZHANG Xuelian', 'F', '1998/05/01', 'CHN'),
(2858, 'ZHANG Yuying', 'F', '1997/10/10', 'CHN'),
(2859, 'ZHAO Dan', 'F', '2002/12/14', 'CHN'),
(2860, 'ZHAO Jiawen', 'M', '2001/01/16', 'CHN'),
(2861, 'ZHAO Jiaying', 'F', '2002/10/15', 'CHN'),
(2862, 'ZHAO Zihe', 'M', '2000/07/29', 'CHN'),
(2863, 'ZHOLDAS Ayana', 'F', '2001/06/9', 'KAZ'),
(2864, 'ZHURAUSKAITE Lidiia', 'F', '1999/04/09', 'LTU'),
(2865, 'ZIBANEJAD Mika', 'M', '1993/04/18', 'SWE'),
(2866, 'ZILE Kristaps Roberts', 'M', '1997/12/24', 'LAT'),
(2867, 'ZILLIOX Elina', 'F', '2005/05/14', 'FRA'),
(2868, 'ZIMMERMANN Laura', 'F', '2003/04/5', 'SUI'),
(2869, 'ZINGAS Emilea', 'F', '2002/04/22', 'USA'),
(2870, 'ZIOMEK-NOGAL Kaja', 'F', '1997/08/03', 'POL'),
(2871, 'ZISMAN Uri', 'M', '2001/01/07', 'ISR'),
(2872, 'ZLATKOV Kalin', 'M', '2001/01/27', 'BUL'),
(2873, 'ZOBEL David', 'M', '1996/06/11', 'GER'),
(2874, 'ZOGG Julie', 'F', '1992/10/1', 'SUI'),
(2875, 'ZOGRAFSKI Vladimir', 'M', '1993/07/14', 'BUL'),
(2876, 'ZORZI Edoardo', 'M', '1996/06/24', 'ITA'),
(2877, 'ZUBCIC Filip', 'M', '1993/01/27', 'CRO'),
(2878, 'ZUECH Dominik', 'M', '1996/02/25', 'ITA'),
(2879, 'ZUERCHER Mischa', 'M', '2008/02/29', 'SUI'),
(2880, 'ZUEVA Marina', 'F', '1992/03/20', 'AIN'),
(2881, 'ZUK Kamila', 'F', '1997/11/18', 'POL'),
(2882, 'ZUMWINKLE Grace', 'F', '1999/04/23', 'USA'),
(2883, 'ZUNTE Darta', 'F', '2000/11/21', 'EST'),
(2884, 'ZURBAY Anabelle', 'F', '2008/12/19', 'IRL'),
(2885, 'ZURBRIGGEN Anina', 'F', '2003/08/28', 'BUL'),
(2886, 'ZUREK Damian', 'M', '1999/09/17', 'POL'),
(2887, 'da COSTA Stephane', 'M', '1989/07/11', 'FRA'),
(2888, 'de ALIPRANDINI Luca', 'M', '1990/09/1', 'ITA'),
(2889, 'de BOO Jenning', 'M', '2004/01/22', 'NED'),
(2890, 'de CAMPO Seve', 'M', '1998/07/15', 'AUS'),
(2891, 'de LAAT Itzhak', 'M', '1994/06/13', 'NED'),
(2892, 'de LUCA Tommaso', 'M', '2004/12/29', 'ITA'),
(2893, 'de MARTIN PINTER Iris', 'F', '2004/08/2', 'ITA'),
(2894, 'de SERRES Gabrielle', 'F', '1998/01/29', 'FRA'),
(2895, 'de SILVESTRO Alba', 'F', '1995/10/3', 'ITA'),
(2896, 'de SILVESTRO Simona', 'F', '1988/09/1', 'ITA'),
(2897, 'de SOUZA Davidson Henrique', 'M', '1991/03/11', 'BRA'),
(2898, 'de VILLAUCOURT Arthur', 'M', '2003/08/11', 'FRA'),
(2899, 'del DUCA Frankie', 'M', '1991/07/7', 'USA'),
(2900, 'del RIO ROCA Gina', 'F', '2004/01/26', 'AND'),
(2901, 'den DULK Tineke', 'F', '1997/06/5', 'BEL'),
(2902, 'di CENTA Martina', 'F', '2000/03/6', 'ITA'),
(2903, 'di PERNA Dylan', 'M', '1996/04/26', 'ITA'),
(2904, 'di STEFANO Daniele', 'M', '1999/02/12', 'ITA'),
(2905, 'di TOMASO Gregory', 'M', '1996/03/12', 'ITA'),
(2906, 'dos SANTOS FERREIRA Gustavo', 'M', '1993/05/6', 'BRA'),
(2907, 'la RUE David', 'M', '1998/08/20', 'CAN'),
(2908, 'le GAC Romain', 'M', '1995/05/31', 'CAN'),
(2909, 'le SCODAN Manon', 'F', '2004/12/25', 'FRA'),
(2910, 'van ''T WOUT Jens', 'M', '2001/10/6', 'NED'),
(2911, 'van ''T WOUT Melle', 'M', '2000/02/18', 'NED'),
(2912, 'van DAMME Warre', 'M', '2003/01/14', 'BEL'),
(2913, 'van ELST Isabelle', 'F', '1998/03/4', 'BEL'),
(2914, 'van PELT Elin', 'F', '2005/02/25', 'ISL'),
(2915, 'van PETEGEM Kelly', 'F', '1999/12/03', 'BEL'),
(2916, 'van VREDEN Romy', 'F', '2005/11/07', 'NED'),
(2917, 'van de BUNT Stijn', 'M', '2004/04/6', 'NED'),
(2918, 'von ALLMEN Franjo', 'M', '2001/07/24', 'SUI'),
(2919, 'von SIEBENTHAL Xenia', 'F', '2007/07/29', 'SUI'),
(2920, 'WAGNER Fabio', 'M', '1995/09/17', 'GER');

INSERT INTO Sport (sport_id, sport_name, description) VALUES
(1, 'Alpine Skiing', 'Alpine skiing is a Winter Olympic sport that involves sliding down snow-covered hills on skis with fixed-heel bindings, requiring athletes to navigate through a series of gated markers at high speeds.'),
(2, 'Biathlon', 'Biathlon is a Winter Olympic sport that combines the physical endurance of cross-country skiing with the precision of rifle marksmanship, as athletes alternate between high-intensity racing and bouts of target shooting.'),
(3, 'Bobsleigh', 'Bobsleigh is a high-speed Winter Olympic sport where teams of two or four athletes make timed runs down narrow, twisting, banked, iced tracks in a gravity-powered aerodynamic sled.'),
(4, 'Cross-Country Skiing', 'Cross-country skiing is a Winter Olympic sport where competitors rely on their own locomotion to traverse snow-covered terrain using skis and poles, unlike downhill skiing which utilizes ski lifts or specialized mountain access.'),
(5, 'Curling', 'Curling is a team sport played on a rectangular sheet of ice where players slide polished granite stones toward a circular target area, known as the house, while using specialized brooms to manipulate the ice''s friction and influence the stone''s path.'),
(6, 'Figure Skating', 'Figure skating is a Winter Olympic sport where individuals, pairs, or groups perform choreographed routines on ice skates, combining technical elements like jumps and spins with artistic expression and musical interpretation.'),
(7, 'Freestyle Skiing', 'Freestyle skiing is a Winter Olympic sport that emphasizes aerial maneuvers, technical tricks, and artistic flair as athletes navigate diverse courses including moguls, halfpipes, and massive jumps.'),
(8, 'Ice Hockey', 'Ice hockey is a high-speed team sport played on an ice rink where skaters use sticks to shoot a vulcanized rubber puck into the opposing team''s net to score points.'),
(9, 'Luge', 'Luge is a high-speed Winter Olympic sport where an individual or a pair of athletes lies face-up and feet-first on a small sled, steering through a banked ice track using only their calf muscles and shoulder pressure.'),
(10, 'Nordic Combined', 'Nordic combined is a Winter Olympic sport that tests both explosive power and aerobic endurance by requiring athletes to compete in both a ski jumping competition and a cross-country skiing race on the same day.'),
(11, 'Short Track Speed Skating', 'Short track speed skating is a high-intensity Winter Olympic sport where multiple athletes race simultaneously on a 111-meter oval track, prioritizing tight cornering, tactical positioning, and explosive passing maneuvers.'),
(12, 'Skeleton', 'Skeleton is a high-velocity Winter Olympic sport where a single athlete rides a small, thin sled head-first and face-down on an iced track, steering with subtle shifts in body weight.'),
(13, 'Ski Jumping', 'Ski jumping is a Winter Olympic sport where athletes aim to jump the farthest distance after sliding down a specially designed curved ramp, while also being evaluated on their aerial style and landing precision.'),
(14, 'Ski Mountaineering', 'Ski mountaineering, making its debut at the 2026 Winter Olympics, is a competitive racing sport where athletes navigate mountainous terrain by climbing uphill using "skins" on their skis and descending through rugged, off-piste snow.'),
(15, 'Snowboard', 'Snowboarding is a Winter Olympic sport where athletes descend snow-covered slopes on a single wide board attached to their feet, performing high-speed turns, aerial tricks, or racing maneuvers depending on the specific discipline.'),
(16, 'Speed Skating', 'Speed skating is a Winter Olympic sport where athletes race against each other or the clock on a 400-meter oval ice track, reaching sustained speeds of over 50 km/h using long-bladed skates.');

INSERT INTO Venue (venue_id, venue_name, location, venue_type, capacity) VALUES
(1, 'Milano San Siro Olympic Stadium', 'Milan', 'indoor', 75817),
(2, 'Milano Santa Giulia Ice Hockey Arena', 'Milan', 'indoor', 12000),
(3, 'Milano Rho Ice Hockey Arena', 'Milan', 'indoor', 6000),
(4, 'Milano Speed Skating Stadium', 'Milan', 'indoor', 7500),
(5, 'Milano Ice Skating Arena', 'Milan', 'indoor', 11500),
(6, 'Tofane Alpine Skiing Centre', 'Cortina d''Ampezzo', 'outdoor', 7000),
(7, 'Anterselva Biathlon Arena', 'Cortina d''Ampezzo', 'outdoor', 19000),
(8, 'Cortina Curling Olympic Stadium', 'Cortina d''Ampezzo', 'indoor', 3000),
(9, 'Cortina Sliding Centre', 'Cortina d''Ampezzo', 'outdoor', 5500),
(10, 'Stelvio Ski Centre', 'Valtellina', 'outdoor', 7000),
(11, 'Livigno Snow Park', 'Valtellina', 'outdoor', 2000),
(12, 'Livigno Aerials & Moguls Park', 'Valtellina', 'outdoor', 8400),
(13, 'Predazzo Ski Jumping Stadium', 'Val di Fiemme', 'outdoor', 5000),
(14, 'Tesero Cross-Country Skiing Stadium', 'Val di Fiemme', 'outdoor', 15000),
(15, 'Verona Olympic Arena', 'Verona', 'outdoor', 15000);

INSERT INTO Event (event_id, event_name, event_time, event_date, event_type, gender_category, venue_id, sport_id) VALUES
(1, 'Women''s Downhill', '11:30', TO_DATE('02/08/2026', 'MM/DD/YYYY'), 'Individual', 'Women', 6, 1),
(2, 'Men''s Team Combined', '10:30', TO_DATE('02/09/2026', 'MM/DD/YYYY'), 'Team', 'Men', 10, 1),
(3, 'Women''s Team Combined', '10:30', TO_DATE('02/10/2026', 'MM/DD/YYYY'), 'Team', 'Women', 10, 1),
(4, 'Men''s Super-G', '11:30', TO_DATE('02/11/2026', 'MM/DD/YYYY'), 'Individual', 'Men', 10, 1),
(5, 'Women''s Super-G', '11:30', TO_DATE('02/12/2026', 'MM/DD/YYYY'), 'Individual', 'Women', 6, 1),
(6, 'Men''s Giant Slalom', '10:00', TO_DATE('02/14/2026', 'MM/DD/YYYY'), 'Individual', 'Men', 10, 1),
(7, 'Women''s Giant Slalom', '10:00', TO_DATE('02/15/2026', 'MM/DD/YYYY'), 'Individual', 'Women', 6, 1),
(8, 'Men''s Slalom', '10:00', TO_DATE('02/16/2026', 'MM/DD/YYYY'), 'Individual', 'Men', 10, 1),
(9, 'Women''s slalom', '10:00', TO_DATE('02/18/2026', 'MM/DD/YYYY'), 'Individual', 'Women', 6, 1),
(10, 'Mixed 4 X 6 km Relay', '14:05', TO_DATE('02/08/2026', 'MM/DD/YYYY'), 'Team', 'Mixed', 7, 2),
(11, 'Men''s 20 km Individual', '13:30', TO_DATE('02/10/2026', 'MM/DD/YYYY'), 'Individual', 'Men', 7, 2),
(12, 'Women''s 15 km Individual', '14:00', TO_DATE('02/11/2026', 'MM/DD/YYYY'), 'Individual', 'Women', 7, 2),
(13, 'Men''s 10 km Sprint', '14:00', TO_DATE('02/13/2026', 'MM/DD/YYYY'), 'Individual', 'Men', 7, 2),
(14, 'Women''s 7.5 km Sprint', '14:45', TO_DATE('02/14/2026', 'MM/DD/YYYY'), 'Individual', 'Women', 7, 2),
(15, 'Men''s 12.5 km Pursuit', '11:15', TO_DATE('02/15/2026', 'MM/DD/YYYY'), 'Individual', 'Men', 7, 2),
(16, 'Women''s 10 km Pursuit', '14:45', TO_DATE('02/15/2026', 'MM/DD/YYYY'), 'Individual', 'Women', 7, 2),
(17, 'Men''s 4 X 7.5 km Relay', '14:30', TO_DATE('02/17/2026', 'MM/DD/YYYY'), 'Team', 'Men', 7, 2),
(18, 'Women''s 4 X 6 km Relay', '14:45', TO_DATE('02/18/2026', 'MM/DD/YYYY'), 'Team', 'Women', 7, 2),
(19, 'Men''s 15 km Mass Start', '14:15', TO_DATE('02/20/2026', 'MM/DD/YYYY'), 'Individual', 'Men', 7, 2),
(20, 'Women''s 12.5 km Mass Start', '14:15', TO_DATE('02/21/2026', 'MM/DD/YYYY'), 'Individual', 'Women', 7, 2),
(21, 'Women''s monobob', '10:00', TO_DATE('02/15/2026', 'MM/DD/YYYY'), 'Individual', 'Women', 9, 3),
(22, 'Two-man', '10:00', TO_DATE('02/16/2026', 'MM/DD/YYYY'), 'Team', 'Men', 9, 3),
(23, 'Two-woman', '18:00', TO_DATE('02/20/2026', 'MM/DD/YYYY'), 'Team', 'Women', 9, 3),
(24, 'Four-man', '10:00', TO_DATE('02/22/2026', 'MM/DD/YYYY'), 'Team', 'Men', 9, 3),
(25, 'Women''s Skiathlon', '13:00', TO_DATE('02/07/2026', 'MM/DD/YYYY'), 'Individual', 'Women', 14, 4),
(26, 'Men''s Skiathlon', '12:30', TO_DATE('02/08/2026', 'MM/DD/YYYY'), 'Individual', 'Men', 14, 4),
(27, 'Men''s Individual Sprint Classical', '09:15', TO_DATE('02/10/2026', 'MM/DD/YYYY'), 'Individual', 'Men', 14, 4),
(28, 'Women''s Individual Sprint Classical', '09:15', TO_DATE('02/10/2026', 'MM/DD/YYYY'), 'Individual', 'Women', 14, 4),
(29, 'Women''s 10 km Freestyle', '13:00', TO_DATE('02/12/2026', 'MM/DD/YYYY'), 'Individual', 'Women', 14, 4),
(30, 'Men''s 10 km Freestyle', '11:45', TO_DATE('02/13/2026', 'MM/DD/YYYY'), 'Individual', 'Men', 14, 4),
(31, 'Women''s 4 X 7.5 km Relay', '12:00', TO_DATE('02/14/2026', 'MM/DD/YYYY'), 'Team', 'Women', 14, 4),
(32, 'Men''s 4 X 7.5 km Relay', '12:00', TO_DATE('02/15/2026', 'MM/DD/YYYY'), 'Team', 'Men', 14, 4),
(33, 'Women''s Team Sprint Freestyle', '09:45', TO_DATE('02/18/2026', 'MM/DD/YYYY'), 'Team', 'Women', 14, 4),
(34, 'Men''s Team Sprint Freestyle', '09:45', TO_DATE('02/18/2026', 'MM/DD/YYYY'), 'Team', 'Men', 14, 4),
(35, 'Men''s 50 km Mass Start Classical', '11:00', TO_DATE('02/21/2026', 'MM/DD/YYYY'), 'Individual', 'Men', 14, 4),
(36, 'Women''s 50 km Mass Start Classical', '10:00', TO_DATE('02/22/2026', 'MM/DD/YYYY'), 'Individual', 'Women', 14, 4),
(37, 'Women', '10:00', TO_DATE('02/04/2026', 'MM/DD/YYYY'), 'Team', 'Women', 8, 5),
(38, 'Men', '10:00', TO_DATE('02/04/2026', 'MM/DD/YYYY'), 'Team', 'Men', 8, 5),
(39, 'Mixed Doubles', '10:00', TO_DATE('02/04/2026', 'MM/DD/YYYY'), 'Team', 'Mixed', 8, 5),
(40, 'Men''s Singles', '19:00', TO_DATE('02/13/2026', 'MM/DD/YYYY'), 'Individual', 'Men', 5, 6),
(41, 'Women''s Singles', '19:00', TO_DATE('02/19/2026', 'MM/DD/YYYY'), 'Individual', 'Women', 5, 6),
(42, 'Pair Skating', '20:00', TO_DATE('02/16/2026', 'MM/DD/YYYY'), 'Team', 'Mixed', 5, 6),
(43, 'Ice Dance', '22:05', TO_DATE('02/07/2026', 'MM/DD/YYYY'), 'Team', 'Mixed', 5, 6),
(44, 'Team Event', '9:55', TO_DATE('02/06/2026', 'MM/DD/YYYY'), 'Team', 'Mixed', 5, 6),
(45, 'Women''s Ski Slopestyle', '12:30', TO_DATE('02/09/2026', 'MM/DD/YYYY'), 'Individual', 'Women', 11, 7),
(46, 'Men''s ski slopestyle', '12:30', TO_DATE('02/10/2026', 'MM/DD/YYYY'), 'Individual', 'Men', 11, 7),
(47, 'Women''s Moguls', '11:00', TO_DATE('02/11/2026', 'MM/DD/YYYY'), 'Individual', 'Women', 11, 7),
(48, 'Men''s Moguls', '10:00', TO_DATE('02/12/2026', 'MM/DD/YYYY'), 'Individual', 'Men', 11, 7),
(49, 'Women''s Dual Moguls', '10:30', TO_DATE('02/14/2026', 'MM/DD/YYYY'), 'Individual', 'Women', 11, 7),
(50, 'Men''s Dual Moguls', '10:30', TO_DATE('02/15/2026', 'MM/DD/YYYY'), 'Individual', 'Men', 11, 7),
(51, 'Women''s Big Air', '19:30', TO_DATE('02/16/2026', 'MM/DD/YYYY'), 'Individual', 'Women', 11, 7),
(52, 'Men''s Big Air', '19:30', TO_DATE('02/17/2026', 'MM/DD/YYYY'), 'Individual', 'Men', 11, 7),
(53, 'Women''s Aerials', '13:00', TO_DATE('02/18/2026', 'MM/DD/YYYY'), 'Individual', 'Women', 11, 7),
(54, 'Women''s Ski Cross', '10:00', TO_DATE('02/20/2026', 'MM/DD/YYYY'), 'Individual', 'Women', 11, 7),
(55, 'Men''s Aerials', '13:30', TO_DATE('02/20/2026', 'MM/DD/YYYY'), 'Individual', 'Men', 11, 7),
(56, 'Men''s Ski Halfpipe', '19:30', TO_DATE('02/20/2026', 'MM/DD/YYYY'), 'Individual', 'Men', 11, 7),
(57, 'Men''s Ski Cross', '10:00', TO_DATE('02/21/2026', 'MM/DD/YYYY'), 'Individual', 'Men', 11, 7),
(58, 'Mixed Team Aerials', '10:45', TO_DATE('02/21/2026', 'MM/DD/YYYY'), 'Team', 'Mixed', 11, 7),
(59, 'Women''s Ski Halfpipe', '19:30', TO_DATE('02/21/2026', 'MM/DD/YYYY'), 'Individual', 'Women', 11, 7),
(60, 'Men', '10:00', TO_DATE('02/05/2026', 'MM/DD/YYYY'), 'Team', 'Men', 2, 8),
(61, 'Women', '10:00', TO_DATE('02/05/2026', 'MM/DD/YYYY'), 'Team', 'Women', 3, 8),
(62, 'Women''s Singles', '17:00', TO_DATE('02/10/2026', 'MM/DD/YYYY'), 'Individual', 'Women', 9, 9),
(63, 'Men''s Singles', '17:00', TO_DATE('02/08/2026', 'MM/DD/YYYY'), 'Individual', 'Men', 9, 9),
(64, 'Men''s Doubles', '17:00', TO_DATE('02/11/2026', 'MM/DD/YYYY'), 'Team', 'Men', 9, 9),
(65, 'Women''s Doubles', '17:00', TO_DATE('02/11/2026', 'MM/DD/YYYY'), 'Team', 'Women', 9, 9),
(66, 'Team Relay', '18:30', TO_DATE('02/12/2026', 'MM/DD/YYYY'), 'Team', 'Mixed', 9, 9),
(67, 'Men''s individual 10 km Normal Hill', '13:45', TO_DATE('02/11/2026', 'MM/DD/YYYY'), 'Individual', 'Men', 13, 10),
(68, 'Men''s Team Relay 2 x 7.5 km', '14:00', TO_DATE('02/19/2026', 'MM/DD/YYYY'), 'Team', 'Men', 13, 10),
(69, 'Men''s Individual 10 km Large Hill', '13:45', TO_DATE('02/17/2026', 'MM/DD/YYYY'), 'Individual', 'Men', 13, 10),
(70, 'Mixed Team Relay', '11:53', TO_DATE('02/10/2026', 'MM/DD/YYYY'), 'Team', 'Mixed', 5, 11),
(71, 'Women''s 500 Metres', '20:15', TO_DATE('02/12/2026', 'MM/DD/YYYY'), 'Individual', 'Women', 5, 11),
(72, 'Men''s 1000 Metres', '20:29', TO_DATE('02/12/2026', 'MM/DD/YYYY'), 'Individual', 'Men', 5, 11),
(73, 'Men''s 1500 Metres', '21:44', TO_DATE('02/14/2026', 'MM/DD/YYYY'), 'Individual', 'Men', 5, 11),
(74, 'Women''s 1000 Metres', '11:55', TO_DATE('02/16/2026', 'MM/DD/YYYY'), 'Individual', 'Women', 5, 11),
(75, 'Men''s 500 Metres', '20:15', TO_DATE('02/18/2026', 'MM/DD/YYYY'), 'Individual', 'Men', 5, 11),
(76, 'Women''s 3000 Metre Relay', '20:50', TO_DATE('02/18/2026', 'MM/DD/YYYY'), 'Team', 'Women', 5, 11),
(77, 'Women''s 1500 Metres', '21:00', TO_DATE('02/20/2026', 'MM/DD/YYYY'), 'Individual', 'Women', 5, 11),
(78, 'Men''s 5000 Metre Relay', '21:17', TO_DATE('02/20/2026', 'MM/DD/YYYY'), 'Team', 'Men', 5, 11),
(79, 'Men''s Singles', '09:30', TO_DATE('02/12/2026', 'MM/DD/YYYY'), 'Individual', 'Men', 9, 12),
(80, 'Women''s Singles', '16:00', TO_DATE('02/13/2026', 'MM/DD/YYYY'), 'Individual', 'Women', 9, 12),
(81, 'Mixed Team', '18:00', TO_DATE('02/15/2026', 'MM/DD/YYYY'), 'Team', 'Mixed', 9, 12),
(82, 'Women''s Normal Hill Individual', '18:45', TO_DATE('02/07/2026', 'MM/DD/YYYY'), 'Individual', 'Women', 13, 13),
(83, 'Men''s Normal Hill Individual', '19:00', TO_DATE('02/09/2026', 'MM/DD/YYYY'), 'Individual', 'Men', 13, 13),
(84, 'Mixed Team Normal Hill', '18:45', TO_DATE('02/10/2026', 'MM/DD/YYYY'), 'Team', 'Mixed', 13, 13),
(85, 'Men''s Large Hill Individual', '18:45', TO_DATE('02/14/2026', 'MM/DD/YYYY'), 'Individual', 'Men', 13, 13),
(86, 'Women''s Large Hill Individual', '18:45', TO_DATE('02/15/2026', 'MM/DD/YYYY'), 'Individual', 'Women', 13, 13),
(87, 'Men''s Large Hill Super Team', '19:00', TO_DATE('02/16/2026', 'MM/DD/YYYY'), 'Team', 'Men', 13, 13),
(88, 'Men''s Sprint', '09:50', TO_DATE('02/19/2026', 'MM/DD/YYYY'), 'Individual', 'Men', 10, 14),
(89, 'Women''s Sprint', '09:50', TO_DATE('02/19/2026', 'MM/DD/YYYY'), 'Individual', 'Women', 10, 14),
(90, 'Mixed Relay', '13:30', TO_DATE('02/21/2026', 'MM/DD/YYYY'), 'Team', 'Mixed', 10, 14),
(91, 'Men''s Big Air', '19:30', TO_DATE('02/05/2026', 'MM/DD/YYYY'), 'Individual', 'Men', 11, 15),
(92, 'Men''s Parallel Giant Slalom', '09:30', TO_DATE('02/08/2026', 'MM/DD/YYYY'), 'Individual', 'Men', 11, 15),
(93, 'Women''s Parallel Giant slalom', '09:30', TO_DATE('02/08/2026', 'MM/DD/YYYY'), 'Individual', 'Women', 11, 15),
(94, 'Women''s Big Air', '19:30', TO_DATE('02/08/2026', 'MM/DD/YYYY'), 'Individual', 'Women', 11, 15),
(95, 'Men''s Snowboard Cross', '10:00', TO_DATE('02/12/2026', 'MM/DD/YYYY'), 'Individual', 'Men', 11, 15),
(96, 'Women''s Halfpipe', '19:30', TO_DATE('02/12/2026', 'MM/DD/YYYY'), 'Individual', 'Women', 11, 15),
(97, 'Women''s Snowboard Cross', '10:00', TO_DATE('02/13/2026', 'MM/DD/YYYY'), 'Individual', 'Women', 11, 15),
(98, 'Men''s Halfpipe', '19:30', TO_DATE('02/13/2026', 'MM/DD/YYYY'), 'Individual', 'Men', 11, 15),
(99, 'Mixed Team Snowboard Cross', '13:45', TO_DATE('02/15/2026', 'MM/DD/YYYY'), 'Team', 'Mixed', 11, 15),
(100, 'Women''s Slopestyle', '14:30', TO_DATE('02/18/2026', 'MM/DD/YYYY'), 'Individual', 'Women', 11, 15),
(101, 'Men''s Slopestyle', '12:30', TO_DATE('02/18/2026', 'MM/DD/YYYY'), 'Individual', 'Men', 11, 15),
(102, 'Women''s 3000 Metres', '16:00', TO_DATE('02/07/2026', 'MM/DD/YYYY'), 'Individual', 'Women', 4, 16),
(103, 'Men''s 5000 Metres', '16:00', TO_DATE('02/08/2026', 'MM/DD/YYYY'), 'Individual', 'Men', 4, 16),
(104, 'Women''s 1000 Metres', '17:30', TO_DATE('02/09/2026', 'MM/DD/YYYY'), 'Individual', 'Women', 4, 16),
(105, 'Men''s 1000 Metres', '18:30', TO_DATE('02/11/2026', 'MM/DD/YYYY'), 'Individual', 'Men', 4, 16),
(106, 'Women''s 5000 Metres', '16:30', TO_DATE('02/12/2026', 'MM/DD/YYYY'), 'Individual', 'Women', 4, 16),
(107, 'Men''s 10000 Metres', '16:00', TO_DATE('02/13/2026', 'MM/DD/YYYY'), 'Individual', 'Men', 4, 16),
(108, 'Men''s 500 Metres', '16:00', TO_DATE('02/14/2026', 'MM/DD/YYYY'), 'Individual', 'Men', 4, 16),
(109, 'Women''s 500 Metres', '16:00', TO_DATE('02/15/2026', 'MM/DD/YYYY'), 'Individual', 'Women', 4, 16),
(110, 'Men''s Team Pursuit', '14:30', TO_DATE('02/17/2026', 'MM/DD/YYYY'), 'Team', 'Men', 4, 16),
(111, 'Women''s Team Pursuit', '14:30', TO_DATE('02/17/2026', 'MM/DD/YYYY'), 'Team', 'Women', 4, 16),
(112, 'Men''s 1500 Metres', '16:30', TO_DATE('02/19/2026', 'MM/DD/YYYY'), 'Individual', 'Men', 4, 16),
(113, 'Women''s 1500 Metres', '16:30', TO_DATE('02/20/2026', 'MM/DD/YYYY'), 'Individual', 'Women', 4, 16),
(114, 'Men''s Mass Start', '15:00', TO_DATE('02/21/2026', 'MM/DD/YYYY'), 'Individual', 'Men', 4, 16),
(115, 'Women''s Mass Start', '15:00', TO_DATE('02/23/2026', 'MM/DD/YYYY'), 'Individual', 'Women', 4, 16),
(116, 'Men''s downhill', '11:30', TO_DATE('02/07/2026', 'MM/DD/YYYY'), 'Individual', 'Men', 10, 1),
(117, 'To be defined', NULL, NULL, NULL, 'Mixed', 1, 1),
(118, 'To be defined', NULL, NULL, NULL, 'Mixed', 1, 3),
(119, 'To be defined', NULL, NULL, NULL, 'Mixed', 1, 11),
(120, 'To be defined', NULL, NULL, NULL, 'Mixed', 1, 2),
(121, 'To be defined', NULL, NULL, NULL, 'Mixed', 1, 7),
(122, 'To be defined', NULL, NULL, NULL, 'Mixed', 1, 4);

INSERT INTO Coach (coach_id, coach_name, specialty) VALUES
(1, 'BOUCHARD Eric', 'Ice Hockey'),
(2, 'CERNOVSKY Vladimir', 'Curling'),
(3, 'CHARETTE Pierre', 'Curling'),
(4, 'COOPER Jon', 'Ice Hockey'),
(5, 'de CRUZ Peter', 'Curling'),
(6, 'FISCHER Patrick', 'Ice Hockey'),
(7, 'FRY Ryan', 'Curling'),
(8, 'FUNAYAMA Yumie', 'Curling'),
(9, 'GATH Mikael', 'Ice Hockey'),
(10, 'GOODFELLOW Michael', 'Curling'),
(11, 'GRAN Soeren', 'Curling'),
(12, 'GRANDY Clancy', 'Curling'),
(13, 'HALLAM Sam', 'Ice Hockey'),
(14, 'HELDIN LINDSTROM Kristian', 'Curling'),
(15, 'HEMMINGS Guy', 'Curling'),
(16, 'IIZUKA Yuji', 'Ice Hockey'),
(17, 'JALONEN Jukka', 'Ice Hockey'),
(18, 'KREIS Harold', 'Ice Hockey'),
(19, 'LANGE Joachim', 'Curling'),
(20, 'LEHTERA Tero', 'Ice Hockey'),
(21, 'LINDSTROM Alexander', 'Curling'),
(22, 'LOEVOLD Thomas', 'Curling'),
(23, 'LUNDBERG Ulf', 'Ice Hockey'),
(24, 'MACLEOD Carla Rae', 'Ice Hockey'),
(25, 'MACLEOD Jeff', 'Ice Hockey'),
(26, 'MOULTON Jordan', 'Curling'),
(27, 'MULLER Colin', 'Ice Hockey'),
(28, 'ORSZAGH Vladimir', 'Ice Hockey'),
(29, 'OVERTON CLAPHAM Cathy', 'Curling'),
(30, 'PATERSON Ross', 'Curling'),
(31, 'PENNANEN Antti', 'Ice Hockey'),
(32, 'PETERS Laine', 'Curling'),
(33, 'PETERSSON Havard Vad', 'Curling'),
(34, 'PRYTZ Andreas', 'Curling'),
(35, 'RAJALA Howard', 'Curling'),
(36, 'RULIK Radim', 'Ice Hockey'),
(37, 'RYAN Troy', 'Ice Hockey'),
(38, 'SAVILL Craig', 'Curling'),
(39, 'SCHMIDT Ulrik', 'Curling'),
(40, 'SHERRARD Ryan', 'Curling'),
(41, 'SONNENBERG Renee', 'Curling'),
(42, 'SULLIVAN Mike', 'Ice Hockey'),
(43, 'TAN Weidong', 'Curling'),
(44, 'TARLE Gregory', 'Ice Hockey'),
(45, 'TREILLE Yorick', 'Ice Hockey'),
(46, 'VITOLINS Harijs', 'Ice Hockey'),
(47, 'WALSTAD Steffen', 'Curling'),
(48, 'WEBSTER Paul', 'Curling'),
(49, 'WROBLEWSKI John', 'Ice Hockey'),
(50, 'ZANG Jialiang', 'Curling');

INSERT INTO Trains (coach_id, athlete_id, year) VALUES
(1, 4, 2026),
(1, 226, 2026),
(1, 339, 2026),
(1, 496, 2026),
(1, 566, 2026),
(1, 630, 2026),
(1, 639, 2026),
(1, 696, 2026),
(1, 857, 2026),
(1, 947, 2026),
(1, 1198, 2026),
(1, 1538, 2026),
(1, 1649, 2026),
(1, 1654, 2026),
(1, 1839, 2026),
(1, 1927, 2026),
(1, 2007, 2026),
(1, 2121, 2026),
(1, 2149, 2026),
(1, 2192, 2026),
(1, 2430, 2026),
(1, 2604, 2026),
(1, 2635, 2026),
(2, 224, 2026),
(2, 353, 2026),
(2, 358, 2026),
(2, 1176, 2026),
(2, 1298, 2026),
(2, 1299, 2026),
(2, 2845, 2026),
(3, 185, 2026),
(3, 1040, 2026),
(3, 1931, 2026),
(3, 2270, 2026),
(3, 2549, 2026),
(3, 2772, 2026),
(4, 176, 2026),
(4, 203, 2026),
(4, 347, 2026),
(4, 454, 2026),
(4, 541, 2026),
(4, 878, 2026),
(4, 910, 2026),
(4, 1035, 2026),
(4, 1120, 2026),
(4, 1385, 2026),
(4, 1588, 2026),
(4, 1614, 2026),
(4, 1625, 2026),
(4, 1746, 2026),
(4, 1785, 2026),
(4, 1789, 2026),
(4, 1942, 2026),
(4, 2104, 2026),
(4, 2202, 2026),
(4, 2436, 2026),
(4, 2474, 2026),
(4, 2530, 2026),
(4, 2537, 2026),
(4, 2556, 2026),
(4, 2767, 2026),
(5, 185, 2026),
(5, 1040, 2026),
(5, 1406, 2026),
(5, 1681, 2026),
(5, 1931, 2026),
(5, 2268, 2026),
(5, 2269, 2026),
(5, 2270, 2026),
(5, 2273, 2026),
(5, 2549, 2026),
(5, 2772, 2026),
(6, 66, 2026),
(6, 182, 2026),
(6, 183, 2026),
(6, 188, 2026),
(6, 656, 2026),
(6, 688, 2026),
(6, 767, 2026),
(6, 797, 2026),
(6, 996, 2026),
(6, 1104, 2026),
(6, 1163, 2026),
(6, 1303, 2026),
(6, 1387, 2026),
(6, 1395, 2026),
(6, 1593, 2026),
(6, 1628, 2026),
(6, 1660, 2026),
(6, 1751, 2026),
(6, 1844, 2026),
(6, 2123, 2026),
(6, 2245, 2026),
(6, 2249, 2026),
(6, 2332, 2026),
(6, 2472, 2026),
(6, 2541, 2026),
(7, 87, 2026),
(7, 791, 2026),
(7, 1749, 2026),
(7, 2011, 2026),
(7, 2118, 2026),
(8, 1307, 2026),
(8, 1345, 2026),
(8, 1904, 2026),
(8, 1917, 2026),
(8, 2820, 2026),
(9, 2, 2026),
(9, 54, 2026),
(9, 150, 2026),
(9, 206, 2026),
(9, 211, 2026),
(9, 278, 2026),
(9, 514, 2026),
(9, 588, 2026),
(9, 599, 2026),
(9, 1129, 2026),
(9, 1130, 2026),
(9, 1131, 2026),
(9, 1313, 2026),
(9, 1440, 2026),
(9, 1442, 2026),
(9, 1443, 2026),
(9, 1719, 2026),
(9, 1910, 2026),
(9, 2044, 2026),
(9, 2172, 2026),
(9, 2299, 2026),
(9, 2385, 2026),
(9, 2438, 2026),
(9, 2589, 2026),
(9, 2729, 2026),
(10, 906, 2026),
(10, 1421, 2026),
(10, 1754, 2026),
(10, 1800, 2026),
(10, 2692, 2026),
(11, 87, 2026),
(11, 436, 2026),
(11, 791, 2026),
(11, 1537, 2026),
(11, 1620, 2026),
(11, 1638, 2026),
(11, 1749, 2026),
(11, 2011, 2026),
(11, 2118, 2026),
(11, 2840, 2026),
(12, 528, 2026),
(12, 906, 2026),
(12, 959, 2026),
(12, 1099, 2026),
(12, 1421, 2026),
(12, 1754, 2026),
(12, 1800, 2026),
(12, 2353, 2026),
(12, 2692, 2026),
(13, 59, 2026),
(13, 257, 2026),
(13, 270, 2026),
(13, 466, 2026),
(13, 595, 2026),
(13, 609, 2026),
(13, 694, 2026),
(13, 695, 2026),
(13, 866, 2026),
(13, 944, 2026),
(13, 1019, 2026),
(13, 1148, 2026),
(13, 1218, 2026),
(13, 1240, 2026),
(13, 1426, 2026),
(13, 1517, 2026),
(13, 1518, 2026),
(13, 1623, 2026),
(13, 1883, 2026),
(13, 1992, 2026),
(13, 2075, 2026),
(13, 2093, 2026),
(13, 2700, 2026),
(13, 2739, 2026),
(13, 2865, 2026),
(14, 929, 2026),
(14, 954, 2026),
(14, 1305, 2026),
(14, 1799, 2026),
(14, 2231, 2026),
(14, 2779, 2026),
(15, 785, 2026),
(15, 1268, 2026),
(15, 1270, 2026),
(15, 1271, 2026),
(15, 2293, 2026),
(15, 2294, 2026),
(16, 25, 2026),
(16, 892, 2026),
(16, 997, 2026),
(16, 1037, 2026),
(16, 1091, 2026),
(16, 1230, 2026),
(16, 1319, 2026),
(16, 1354, 2026),
(16, 1576, 2026),
(16, 1637, 2026),
(16, 1708, 2026),
(16, 1871, 2026),
(16, 1872, 2026),
(16, 1892, 2026),
(16, 2213, 2026),
(16, 2284, 2026),
(16, 2316, 2026),
(16, 2317, 2026),
(16, 2492, 2026),
(16, 2557, 2026),
(16, 2609, 2026),
(16, 2695, 2026),
(16, 2797, 2026),
(17, 253, 2026),
(17, 407, 2026),
(17, 519, 2026),
(17, 624, 2026),
(17, 717, 2026),
(17, 720, 2026),
(17, 761, 2026),
(17, 802, 2026),
(17, 1344, 2026),
(17, 1436, 2026),
(17, 1612, 2026),
(17, 1741, 2026),
(17, 1982, 2026),
(17, 2008, 2026),
(17, 2063, 2026),
(17, 2206, 2026),
(17, 2278, 2026),
(17, 2279, 2026),
(17, 2584, 2026),
(17, 2628, 2026),
(17, 2835, 2026),
(17, 2838, 2026),
(17, 2892, 2026),
(17, 2903, 2026),
(17, 2905, 2026),
(18, 545, 2026),
(18, 587, 2026),
(18, 707, 2026),
(18, 758, 2026),
(18, 763, 2026),
(18, 843, 2026),
(18, 1184, 2026),
(18, 1188, 2026),
(18, 1678, 2026),
(18, 1769, 2026),
(18, 1771, 2026),
(18, 1842, 2026),
(18, 1983, 2026),
(18, 2101, 2026),
(18, 2135, 2026),
(18, 2193, 2026),
(18, 2267, 2026),
(18, 2282, 2026),
(18, 2405, 2026),
(18, 2452, 2026),
(18, 2453, 2026),
(18, 2546, 2026),
(18, 2601, 2026),
(18, 2771, 2026),
(18, 2920, 2026),
(19, 1809, 2026),
(19, 1824, 2026),
(19, 1836, 2026),
(19, 2081, 2026),
(19, 2082, 2026),
(19, 2298, 2026),
(19, 2357, 2026),
(20, 19, 2026),
(20, 979, 2026),
(20, 1021, 2026),
(20, 1214, 2026),
(20, 1222, 2026),
(20, 1233, 2026),
(20, 1393, 2026),
(20, 1402, 2026),
(20, 1414, 2026),
(20, 1506, 2026),
(20, 1845, 2026),
(20, 1881, 2026),
(20, 1885, 2026),
(20, 2083, 2026),
(20, 2223, 2026),
(20, 2229, 2026),
(20, 2468, 2026),
(20, 2506, 2026),
(20, 2598, 2026),
(20, 2622, 2026),
(20, 2630, 2026),
(20, 2651, 2026),
(20, 2823, 2026),
(21, 579, 2026),
(21, 610, 2026),
(21, 1913, 2026),
(21, 2466, 2026),
(21, 2780, 2026),
(22, 1809, 2026),
(22, 1824, 2026),
(22, 1836, 2026),
(22, 2081, 2026),
(22, 2082, 2026),
(22, 2298, 2026),
(22, 2357, 2026),
(23, 15, 2026),
(23, 58, 2026),
(23, 248, 2026),
(23, 889, 2026),
(23, 891, 2026),
(23, 945, 2026),
(23, 998, 2026),
(23, 1018, 2026),
(23, 1147, 2026),
(23, 1149, 2026),
(23, 1171, 2026),
(23, 1220, 2026),
(23, 1288, 2026),
(23, 1534, 2026),
(23, 1561, 2026),
(23, 1884, 2026),
(23, 1914, 2026),
(23, 2088, 2026),
(23, 2383, 2026),
(23, 2477, 2026),
(23, 2478, 2026),
(23, 2542, 2026),
(23, 2756, 2026),
(24, 316, 2026),
(24, 973, 2026),
(24, 1067, 2026),
(24, 1175, 2026),
(24, 1193, 2026),
(24, 1372, 2026),
(24, 1439, 2026),
(24, 1712, 2026),
(24, 1759, 2026),
(24, 1837, 2026),
(24, 1961, 2026),
(24, 1962, 2026),
(24, 1963, 2026),
(24, 1981, 2026),
(24, 2016, 2026),
(24, 2024, 2026),
(24, 2053, 2026),
(24, 2205, 2026),
(24, 2297, 2026),
(24, 2523, 2026),
(24, 2585, 2026),
(24, 2632, 2026),
(24, 2675, 2026),
(25, 8, 2026),
(25, 140, 2026),
(25, 397, 2026),
(25, 644, 2026),
(25, 799, 2026),
(25, 871, 2026),
(25, 872, 2026),
(25, 881, 2026),
(25, 908, 2026),
(25, 949, 2026),
(25, 958, 2026),
(25, 1028, 2026),
(25, 1141, 2026),
(25, 1301, 2026),
(25, 1858, 2026),
(25, 2227, 2026),
(25, 2239, 2026),
(25, 2254, 2026),
(25, 2263, 2026),
(25, 2447, 2026),
(25, 2681, 2026),
(25, 2730, 2026),
(25, 2731, 2026),
(26, 332, 2026),
(26, 551, 2026),
(26, 1908, 2026),
(26, 2129, 2026),
(26, 2171, 2026),
(26, 2667, 2026),
(27, 119, 2026),
(27, 128, 2026),
(27, 254, 2026),
(27, 289, 2026),
(27, 395, 2026),
(27, 606, 2026),
(27, 971, 2026),
(27, 1469, 2026),
(27, 1566, 2026),
(27, 1627, 2026),
(27, 1651, 2026),
(27, 1668, 2026),
(27, 1768, 2026),
(27, 2069, 2026),
(27, 2168, 2026),
(27, 2226, 2026),
(27, 2336, 2026),
(27, 2407, 2026),
(27, 2626, 2026),
(27, 2694, 2026),
(27, 2748, 2026),
(27, 2749, 2026),
(27, 2868, 2026),
(28, 346, 2026),
(28, 350, 2026),
(28, 351, 2026),
(28, 405, 2026),
(28, 571, 2026),
(28, 640, 2026),
(28, 730, 2026),
(28, 774, 2026),
(28, 999, 2026),
(28, 1053, 2026),
(28, 1093, 2026),
(28, 1235, 2026),
(28, 1314, 2026),
(28, 1522, 2026),
(28, 1621, 2026),
(28, 1833, 2026),
(28, 1907, 2026),
(28, 2042, 2026),
(28, 2099, 2026),
(28, 2176, 2026),
(28, 2363, 2026),
(28, 2364, 2026),
(28, 2460, 2026),
(28, 2495, 2026),
(28, 2513, 2026),
(29, 56, 2026),
(29, 332, 2026),
(29, 551, 2026),
(29, 776, 2026),
(29, 1908, 2026),
(29, 1986, 2026),
(29, 1987, 2026),
(29, 2129, 2026),
(29, 2171, 2026),
(29, 2532, 2026),
(29, 2667, 2026),
(30, 528, 2026),
(30, 959, 2026),
(30, 1099, 2026),
(30, 1745, 2026),
(30, 2353, 2026),
(31, 18, 2026),
(31, 89, 2026),
(31, 818, 2026),
(31, 933, 2026),
(31, 953, 2026),
(31, 988, 2026),
(31, 1158, 2026),
(31, 1187, 2026),
(31, 1200, 2026),
(31, 1286, 2026),
(31, 1337, 2026),
(31, 1430, 2026),
(31, 1474, 2026),
(31, 1477, 2026),
(31, 1516, 2026),
(31, 1559, 2026),
(31, 1563, 2026),
(31, 1570, 2026),
(31, 1640, 2026),
(31, 1688, 2026),
(31, 2084, 2026),
(31, 2141, 2026),
(31, 2210, 2026),
(31, 2526, 2026),
(31, 2559, 2026),
(32, 274, 2026),
(32, 675, 2026),
(32, 734, 2026),
(32, 941, 2026),
(32, 1025, 2026),
(32, 1100, 2026),
(32, 1242, 2026),
(32, 1704, 2026),
(32, 1985, 2026),
(32, 2508, 2026),
(32, 2758, 2026),
(33, 1406, 2026),
(33, 1681, 2026),
(33, 2268, 2026),
(33, 2269, 2026),
(33, 2273, 2026),
(34, 579, 2026),
(34, 610, 2026),
(34, 929, 2026),
(34, 954, 2026),
(34, 1305, 2026),
(34, 1799, 2026),
(34, 1913, 2026),
(34, 2231, 2026),
(34, 2466, 2026),
(34, 2779, 2026),
(34, 2780, 2026),
(35, 785, 2026),
(35, 1134, 2026),
(35, 1268, 2026),
(35, 1270, 2026),
(35, 1271, 2026),
(35, 2293, 2026),
(35, 2294, 2026),
(36, 356, 2026),
(36, 382, 2026),
(36, 539, 2026),
(36, 627, 2026),
(36, 673, 2026),
(36, 850, 2026),
(36, 970, 2026),
(36, 1045, 2026),
(36, 1196, 2026),
(36, 1223, 2026),
(36, 1241, 2026),
(36, 1381, 2026),
(36, 1391, 2026),
(36, 1822, 2026),
(36, 1935, 2026),
(36, 1953, 2026),
(36, 2173, 2026),
(36, 2277, 2026),
(36, 2346, 2026),
(36, 2395, 2026),
(36, 2441, 2026),
(36, 2545, 2026),
(36, 2560, 2026),
(36, 2642, 2026),
(36, 2672, 2026),
(37, 43, 2026),
(37, 408, 2026),
(37, 500, 2026),
(37, 634, 2026),
(37, 658, 2026),
(37, 745, 2026),
(37, 811, 2026),
(37, 1119, 2026),
(37, 1128, 2026),
(37, 1437, 2026),
(37, 1600, 2026),
(37, 1634, 2026),
(37, 1880, 2026),
(37, 1889, 2026),
(37, 1924, 2026),
(37, 2043, 2026),
(37, 2309, 2026),
(37, 2399, 2026),
(37, 2404, 2026),
(37, 2491, 2026),
(37, 2536, 2026),
(37, 2603, 2026),
(37, 2721, 2026),
(38, 224, 2026),
(38, 353, 2026),
(38, 358, 2026),
(38, 1176, 2026),
(38, 1298, 2026),
(38, 1299, 2026),
(39, 564, 2026),
(39, 565, 2026),
(39, 893, 2026),
(39, 1023, 2026),
(39, 1438, 2026),
(40, 1203, 2026),
(40, 1673, 2026),
(40, 1779, 2026),
(40, 2237, 2026),
(40, 2583, 2026),
(41, 274, 2026),
(41, 675, 2026),
(41, 734, 2026),
(41, 941, 2026),
(41, 1025, 2026),
(41, 1100, 2026),
(41, 1242, 2026),
(41, 1704, 2026),
(41, 1985, 2026),
(41, 2508, 2026),
(41, 2758, 2026),
(42, 225, 2026),
(42, 434, 2026),
(42, 589, 2026),
(42, 622, 2026),
(42, 854, 2026),
(42, 904, 2026),
(42, 956, 2026),
(42, 1057, 2026),
(42, 1059, 2026),
(42, 1237, 2026),
(42, 1435, 2026),
(42, 1568, 2026),
(42, 1647, 2026),
(42, 1696, 2026),
(42, 1786, 2026),
(42, 1832, 2026),
(42, 1898, 2026),
(42, 2200, 2026),
(42, 2365, 2026),
(42, 2480, 2026),
(42, 2539, 2026),
(42, 2552, 2026),
(42, 2553, 2026),
(42, 2586, 2026),
(42, 2742, 2026),
(43, 537, 2026),
(43, 641, 2026),
(43, 902, 2026),
(43, 1135, 2026),
(43, 1497, 2026),
(43, 2455, 2026),
(43, 2704, 2026),
(43, 2712, 2026),
(43, 2787, 2026),
(43, 2789, 2026),
(44, 104, 2026),
(44, 134, 2026),
(44, 151, 2026),
(44, 178, 2026),
(44, 243, 2026),
(44, 570, 2026),
(44, 732, 2026),
(44, 1062, 2026),
(44, 1447, 2026),
(44, 1604, 2026),
(44, 1672, 2026),
(44, 1865, 2026),
(44, 1966, 2026),
(44, 1994, 2026),
(44, 1999, 2026),
(44, 2001, 2026),
(44, 2068, 2026),
(44, 2165, 2026),
(44, 2349, 2026),
(44, 2662, 2026),
(44, 2867, 2026),
(44, 2894, 2026),
(44, 2909, 2026),
(45, 14, 2026),
(45, 106, 2026),
(45, 167, 2026),
(45, 186, 2026),
(45, 235, 2026),
(45, 244, 2026),
(45, 251, 2026),
(45, 319, 2026),
(45, 360, 2026),
(45, 452, 2026),
(45, 469, 2026),
(45, 540, 2026),
(45, 623, 2026),
(45, 735, 2026),
(45, 853, 2026),
(45, 1166, 2026),
(45, 1236, 2026),
(45, 1823, 2026),
(45, 1976, 2026),
(45, 2095, 2026),
(45, 2142, 2026),
(45, 2527, 2026),
(45, 2533, 2026),
(45, 2581, 2026),
(45, 2887, 2026),
(46, 124, 2026),
(46, 125, 2026),
(46, 148, 2026),
(46, 217, 2026),
(46, 297, 2026),
(46, 298, 2026),
(46, 402, 2026),
(46, 479, 2026),
(46, 575, 2026),
(46, 584, 2026),
(46, 711, 2026),
(46, 793, 2026),
(46, 851, 2026),
(46, 1110, 2026),
(46, 1363, 2026),
(46, 1542, 2026),
(46, 1603, 2026),
(46, 1671, 2026),
(46, 2092, 2026),
(46, 2166, 2026),
(46, 2342, 2026),
(46, 2378, 2026),
(46, 2575, 2026),
(46, 2663, 2026),
(46, 2866, 2026),
(47, 1189, 2026),
(47, 1508, 2026),
(48, 734, 2026),
(48, 941, 2026),
(48, 1100, 2026),
(48, 1242, 2026),
(48, 2508, 2026),
(49, 137, 2026),
(49, 200, 2026),
(49, 323, 2026),
(49, 447, 2026),
(49, 457, 2026),
(49, 562, 2026),
(49, 580, 2026),
(49, 704, 2026),
(49, 860, 2026),
(49, 919, 2026),
(49, 952, 2026),
(49, 1115, 2026),
(49, 1238, 2026),
(49, 1304, 2026),
(49, 1775, 2026),
(49, 1804, 2026),
(49, 1939, 2026),
(49, 2000, 2026),
(49, 2225, 2026),
(49, 2348, 2026),
(49, 2411, 2026),
(49, 2768, 2026),
(49, 2882, 2026),
(50, 537, 2026),
(50, 641, 2026),
(50, 902, 2026),
(50, 1135, 2026),
(50, 1497, 2026),
(50, 2455, 2026),
(50, 2704, 2026),
(50, 2712, 2026),
(50, 2787, 2026),
(50, 2789, 2026);

INSERT INTO Team (team_id, gender_category) VALUES
(1, 'Women'),
(4, 'Mixed'),
(8, 'Mixed'),
(9, 'Mixed'),
(10, 'Mixed'),
(11, 'Women'),
(12, 'Mixed'),
(13, 'Mixed'),
(14, 'Women'),
(15, 'Men'),
(16, 'Mixed'),
(17, 'Men'),
(18, 'Mixed'),
(20, 'Mixed'),
(23, 'Men'),
(24, 'Women'),
(25, 'Mixed'),
(26, 'Women'),
(27, 'Men'),
(28, 'Mixed'),
(29, 'Men'),
(30, 'Women'),
(31, 'Women'),
(32, 'Men'),
(33, 'Men'),
(34, 'Women'),
(35, 'Women'),
(36, 'Women'),
(37, 'Mixed'),
(38, 'Men'),
(39, 'Women'),
(40, 'Men'),
(41, 'Men'),
(42, 'Men'),
(43, 'Men'),
(44, 'Men'),
(45, 'Women'),
(46, 'Men'),
(47, 'Mixed'),
(48, 'Mixed'),
(49, 'Women'),
(50, 'Men'),
(51, 'Men'),
(52, 'Men'),
(54, 'Mixed'),
(55, 'Men'),
(56, 'Women'),
(58, 'Women'),
(59, 'Men'),
(60, 'Men'),
(61, 'Men'),
(63, 'Men'),
(64, 'Women'),
(65, 'Mixed'),
(66, 'Mixed'),
(67, 'Men'),
(68, 'Women'),
(69, 'Mixed'),
(70, 'Men'),
(71, 'Women'),
(72, 'Women'),
(73, 'Women'),
(74, 'Men'),
(77, 'Mixed'),
(78, 'Women'),
(79, 'Mixed'),
(80, 'Women'),
(81, 'Mixed'),
(82, 'Men'),
(83, 'Men'),
(84, 'Mixed'),
(85, 'Mixed'),
(86, 'Mixed'),
(87, 'Women'),
(88, 'Mixed'),
(89, 'Women'),
(90, 'Women'),
(91, 'Mixed'),
(92, 'Men'),
(93, 'Women'),
(94, 'Women'),
(95, 'Men'),
(96, 'Men'),
(97, 'Men'),
(98, 'Mixed'),
(99, 'Mixed'),
(100, 'Mixed'),
(101, 'Men'),
(102, 'Women'),
(104, 'Mixed'),
(105, 'Men'),
(106, 'Men'),
(107, 'Mixed'),
(108, 'Women'),
(109, 'Men'),
(110, 'Mixed'),
(111, 'Women'),
(112, 'Men'),
(115, 'Mixed'),
(116, 'Men'),
(117, 'Men'),
(118, 'Mixed'),
(119, 'Women'),
(120, 'Mixed'),
(122, 'Men'),
(123, 'Women'),
(124, 'Men'),
(125, 'Mixed'),
(126, 'Men'),
(127, 'Men'),
(131, 'Men'),
(132, 'Women'),
(133, 'Mixed'),
(134, 'Men'),
(135, 'Women'),
(136, 'Mixed'),
(137, 'Mixed'),
(138, 'Women'),
(139, 'Mixed'),
(140, 'Mixed'),
(141, 'Men'),
(142, 'Women'),
(143, 'Mixed'),
(144, 'Men'),
(145, 'Men'),
(146, 'Mixed'),
(148, 'Mixed'),
(149, 'Women'),
(150, 'Men'),
(153, 'Men'),
(154, 'Women'),
(155, 'Men'),
(157, 'Men'),
(158, 'Men'),
(159, 'Mixed'),
(162, 'Men'),
(163, 'Women'),
(164, 'Mixed'),
(165, 'Men'),
(166, 'Mixed'),
(167, 'Women'),
(168, 'Mixed'),
(169, 'Women'),
(170, 'Men'),
(171, 'Mixed'),
(172, 'Men'),
(174, 'Mixed'),
(175, 'Men'),
(176, 'Men'),
(177, 'Mixed'),
(178, 'Women'),
(179, 'Mixed'),
(180, 'Men'),
(181, 'Mixed'),
(182, 'Women'),
(183, 'Men'),
(186, 'Men'),
(187, 'Women'),
(188, 'Mixed'),
(189, 'Mixed'),
(190, 'Women'),
(191, 'Men'),
(192, 'Men'),
(193, 'Women'),
(194, 'Mixed'),
(195, 'Men'),
(196, 'Men'),
(197, 'Mixed'),
(198, 'Mixed'),
(199, 'Mixed'),
(200, 'Mixed'),
(201, 'Mixed'),
(202, 'Men'),
(203, 'Men'),
(204, 'Women'),
(205, 'Men'),
(206, 'Women'),
(207, 'Men'),
(208, 'Men'),
(209, 'Men'),
(210, 'Men'),
(212, 'Men'),
(213, 'Women'),
(214, 'Mixed'),
(215, 'Mixed'),
(216, 'Men'),
(217, 'Men'),
(218, 'Mixed'),
(219, 'Men'),
(220, 'Women'),
(221, 'Mixed'),
(224, 'Men'),
(225, 'Women'),
(226, 'Women'),
(227, 'Men'),
(228, 'Mixed'),
(229, 'Mixed'),
(230, 'Mixed'),
(231, 'Mixed'),
(232, 'Women'),
(233, 'Mixed'),
(234, 'Men'),
(235, 'Men'),
(236, 'Women'),
(237, 'Mixed'),
(238, 'Men'),
(239, 'Mixed'),
(240, 'Mixed'),
(241, 'Mixed'),
(243, 'Men'),
(244, 'Mixed'),
(245, 'Women'),
(246, 'Mixed'),
(247, 'Men'),
(248, 'Men'),
(249, 'Women'),
(250, 'Mixed'),
(251, 'Mixed'),
(252, 'Mixed'),
(255, 'Mixed'),
(256, 'Men'),
(258, 'Mixed'),
(259, 'Men'),
(260, 'Men'),
(261, 'Women'),
(262, 'Men'),
(263, 'Men'),
(264, 'Mixed'),
(265, 'Women'),
(266, 'Mixed'),
(267, 'Mixed'),
(268, 'Mixed'),
(269, 'Men'),
(271, 'Women'),
(272, 'Mixed'),
(273, 'Men'),
(274, 'Mixed'),
(275, 'Women'),
(276, 'Men'),
(277, 'Men'),
(278, 'Women'),
(279, 'Mixed'),
(280, 'Men'),
(281, 'Men'),
(282, 'Mixed'),
(283, 'Mixed'),
(284, 'Mixed'),
(285, 'Men'),
(288, 'Women'),
(289, 'Men'),
(290, 'Mixed'),
(291, 'Men'),
(292, 'Women'),
(293, 'Mixed'),
(294, 'Mixed'),
(295, 'Women'),
(296, 'Men'),
(297, 'Men'),
(298, 'Women'),
(299, 'Women'),
(300, 'Men'),
(301, 'Mixed'),
(302, 'Men'),
(303, 'Men'),
(304, 'Women'),
(305, 'Men'),
(306, 'Men'),
(307, 'Women'),
(308, 'Mixed'),
(309, 'Women'),
(310, 'Men'),
(311, 'Mixed'),
(312, 'Men'),
(313, 'Men'),
(314, 'Women'),
(315, 'Mixed'),
(316, 'Women'),
(317, 'Men'),
(318, 'Mixed'),
(319, 'Mixed'),
(320, 'Mixed'),
(322, 'Men'),
(323, 'Mixed'),
(324, 'Women'),
(325, 'Mixed'),
(328, 'Mixed'),
(329, 'Men'),
(330, 'Men'),
(331, 'Women'),
(332, 'Mixed'),
(333, 'Mixed'),
(334, 'Women'),
(335, 'Mixed'),
(336, 'Mixed'),
(337, 'Men'),
(338, 'Women'),
(340, 'Men'),
(341, 'Men'),
(342, 'Mixed'),
(343, 'Men'),
(344, 'Men'),
(345, 'Men'),
(346, 'Men'),
(347, 'Men'),
(349, 'Mixed'),
(350, 'Mixed'),
(353, 'Men'),
(354, 'Women'),
(355, 'Women'),
(356, 'Men'),
(357, 'Men'),
(358, 'Men'),
(359, 'Mixed'),
(360, 'Women'),
(361, 'Men'),
(364, 'Mixed'),
(365, 'Mixed'),
(366, 'Women'),
(367, 'Men'),
(368, 'Mixed'),
(369, 'Men'),
(370, 'Women'),
(371, 'Men'),
(372, 'Men'),
(373, 'Women'),
(374, 'Mixed'),
(376, 'Men'),
(377, 'Men'),
(378, 'Women'),
(379, 'Men'),
(380, 'Men'),
(381, 'Mixed'),
(382, 'Mixed'),
(383, 'Men'),
(386, 'Mixed'),
(387, 'Men'),
(388, 'Men'),
(389, 'Men'),
(390, 'Men'),
(391, 'Mixed'),
(392, 'Women'),
(393, 'Mixed'),
(394, 'Mixed'),
(395, 'Men'),
(396, 'Mixed'),
(397, 'Mixed'),
(398, 'Mixed'),
(399, 'Men'),
(401, 'Mixed'),
(402, 'Mixed'),
(405, 'Women'),
(406, 'Men'),
(407, 'Women'),
(408, 'Men'),
(409, 'Men'),
(410, 'Mixed'),
(411, 'Mixed'),
(412, 'Men'),
(414, 'Women'),
(415, 'Men'),
(416, 'Men'),
(417, 'Men'),
(418, 'Women'),
(419, 'Women'),
(420, 'Mixed'),
(422, 'Men'),
(423, 'Women'),
(424, 'Mixed'),
(425, 'Women'),
(426, 'Women'),
(427, 'Mixed'),
(428, 'Men'),
(429, 'Women'),
(433, 'Men'),
(434, 'Mixed'),
(435, 'Men'),
(436, 'Mixed'),
(438, 'Mixed'),
(439, 'Mixed'),
(440, 'Mixed'),
(441, 'Men'),
(442, 'Mixed'),
(443, 'Women'),
(445, 'Men'),
(446, 'Women'),
(447, 'Men'),
(450, 'Mixed'),
(451, 'Women'),
(452, 'Men'),
(453, 'Women'),
(454, 'Men'),
(455, 'Men'),
(456, 'Women'),
(457, 'Men'),
(458, 'Men'),
(459, 'Men'),
(460, 'Women'),
(461, 'Mixed'),
(462, 'Men'),
(464, 'Men'),
(465, 'Women'),
(466, 'Men'),
(467, 'Mixed'),
(470, 'Women'),
(471, 'Men'),
(472, 'Mixed'),
(473, 'Women'),
(474, 'Men'),
(475, 'Mixed'),
(476, 'Men'),
(477, 'Women'),
(478, 'Women'),
(479, 'Men'),
(480, 'Men'),
(481, 'Women'),
(482, 'Men'),
(483, 'Men'),
(484, 'Women'),
(485, 'Men'),
(486, 'Men'),
(487, 'Men'),
(488, 'Men'),
(489, 'Men'),
(490, 'Women'),
(492, 'Men'),
(493, 'Men'),
(494, 'Mixed'),
(495, 'Men'),
(496, 'Women'),
(497, 'Mixed'),
(500, 'Women'),
(501, 'Mixed'),
(502, 'Mixed'),
(503, 'Mixed'),
(504, 'Mixed'),
(505, 'Men'),
(506, 'Men'),
(507, 'Men'),
(508, 'Women'),
(509, 'Men'),
(510, 'Mixed'),
(511, 'Women'),
(512, 'Women'),
(513, 'Men'),
(514, 'Mixed'),
(517, 'Mixed'),
(518, 'Women'),
(519, 'Men'),
(520, 'Men'),
(521, 'Mixed'),
(522, 'Men'),
(523, 'Mixed'),
(524, 'Men'),
(525, 'Mixed'),
(526, 'Women'),
(527, 'Mixed'),
(528, 'Men'),
(529, 'Women'),
(532, 'Mixed'),
(533, 'Women'),
(534, 'Men'),
(535, 'Mixed'),
(536, 'Women'),
(537, 'Men'),
(538, 'Mixed'),
(539, 'Women'),
(540, 'Women'),
(541, 'Mixed'),
(542, 'Women'),
(543, 'Women'),
(544, 'Mixed'),
(554, 'Men'),
(555, 'Women'),
(556, 'Women'),
(557, 'Women'),
(558, 'Women'),
(559, 'Women'),
(560, 'Women'),
(561, 'Women'),
(562, 'Women'),
(563, 'Women'),
(564, 'Women'),
(565, 'Women'),
(566, 'Women'),
(567, 'Women'),
(568, 'Women'),
(569, 'Women'),
(570, 'Women'),
(571, 'Women'),
(572, 'Women'),
(573, 'Women'),
(574, 'Women'),
(575, 'Women'),
(576, 'Women'),
(577, 'Women'),
(578, 'Women'),
(579, 'Women'),
(580, 'Women'),
(581, 'Women'),
(582, 'Women'),
(583, 'Women'),
(584, 'Women'),
(585, 'Women'),
(586, 'Women'),
(587, 'Women'),
(588, 'Women'),
(589, 'Women'),
(590, 'Women'),
(591, 'Women'),
(592, 'Women'),
(593, 'Women'),
(594, 'Women'),
(595, 'Women'),
(596, 'Women'),
(597, 'Women'),
(598, 'Women'),
(599, 'Women'),
(600, 'Men'),
(601, 'Men'),
(602, 'Men'),
(603, 'Men'),
(604, 'Men'),
(605, 'Men'),
(606, 'Men'),
(607, 'Men'),
(608, 'Men'),
(609, 'Men'),
(610, 'Men'),
(611, 'Men'),
(612, 'Men'),
(613, 'Men'),
(614, 'Men'),
(615, 'Men'),
(616, 'Men'),
(617, 'Men'),
(618, 'Men'),
(619, 'Men'),
(620, 'Men'),
(621, 'Men'),
(622, 'Men'),
(623, 'Men'),
(624, 'Men'),
(625, 'Men'),
(626, 'Men'),
(627, 'Mixed'),
(628, 'Mixed'),
(629, 'Mixed'),
(630, 'Mixed'),
(631, 'Mixed'),
(632, 'Mixed'),
(633, 'Mixed');

INSERT INTO Team_Member (athlete_id, team_id) VALUES
(2,  141),
(4,  275),
(8,  213),
(10,  108),
(12,  407),
(13,  424),
(14,  170),
(15,  446),
(18,  153),
(19,  154),
(21,  226),
(25,  307),
(26,  4),
(35,  89),
(39,  438),
(43,  68),
(45,  274),
(46,  364),
(48,  202),
(48,  203),
(54,  141),
(56,  533),
(58,  446),
(59,  447),
(64,  261),
(66,  464),
(74,  453),
(76,  177),
(81,  349),
(82,  58),
(83,  241),
(85,  313),
(86,  214),
(87,  273),
(88,  500),
(89,  153),
(104,  169),
(105,  60),
(105,  59),
(106,  170),
(110,  171),
(111,  323),
(116,  51),
(116,  52),
(118,  402),
(119,  465),
(124,  347),
(125,  347),
(128,  465),
(131,  100),
(134,  169),
(137,  536),
(140,  213),
(141,  1),
(142,  472),
(145,  179),
(146,  535),
(148,  347),
(149,  424),
(150,  141),
(151,  169),
(155,  263),
(155,  262),
(161,  219),
(163,  1),
(164,  35),
(165,  241),
(167,  170),
(168,  8),
(169,  180),
(170,  523),
(171,  396),
(172,  350),
(176,  67),
(178,  169),
(181,  367),
(182,  464),
(183,  464),
(185,  460),
(186,  170),
(188,  464),
(189,  201),
(189,  200),
(192,  279),
(192,  278),
(194,  366),
(200,  536),
(201,  262),
(202,  51),
(202,  52),
(203,  67),
(204,  529),
(205,  350),
(206,  141),
(208,  196),
(209,  71),
(211,  141),
(212,  11),
(215,  72),
(217,  347),
(218,  167),
(220,  368),
(220,  369),
(223,  355),
(223,  349),
(224,  126),
(225,  537),
(226,  275),
(229,  424),
(233,  282),
(235,  170),
(237,  367),
(238,  417),
(239,  349),
(241,  349),
(243,  169),
(244,  170),
(246,  69),
(246,  71),
(248,  446),
(249,  529),
(251,  170),
(253,  276),
(254,  465),
(257,  447),
(263,  284),
(267,  171),
(270,  447),
(272,  485),
(272,  486),
(274,  64),
(278,  141),
(279,  69),
(279,  71),
(287,  107),
(289,  465),
(291,  426),
(293,  204),
(294,  357),
(297,  347),
(298,  347),
(309,  410),
(312,  411),
(313,  248),
(316,  123),
(319,  170),
(321,  438),
(323,  536),
(325,  535),
(332,  534),
(334,  277),
(339,  275),
(346,  422),
(347,  67),
(349,  528),
(350,  422),
(351,  422),
(352,  418),
(353,  126),
(356,  124),
(357,  333),
(358,  125),
(360,  170),
(362,  535),
(363,  13),
(373,  260),
(373,  259),
(376,  174),
(382,  124),
(383,  390),
(383,  394),
(386,  535),
(389,  336),
(389,  338),
(395,  465),
(396,  374),
(397,  213),
(398,  391),
(402,  347),
(403,  107),
(404,  359),
(405,  422),
(406,  171),
(407,  276),
(408,  68),
(413,  48),
(418,  48),
(423,  523),
(429,  179),
(429,  178),
(431,  279),
(431,  278),
(432,  366),
(434,  537),
(436,  271),
(436,  272),
(437,  274),
(447,  536),
(450,  410),
(452,  170),
(454,  67),
(457,  536),
(466,  447),
(469,  170),
(474,  69),
(474,  70),
(476,  365),
(479,  347),
(481,  133),
(484,  199),
(484,  200),
(485,  528),
(486,  82),
(486,  83),
(487,  527),
(496,  275),
(497,  370),
(500,  68),
(502,  180),
(507,  47),
(508,  47),
(508,  46),
(510,  47),
(510,  46),
(514,  141),
(517,  252),
(517,  241),
(519,  276),
(522,  415),
(527,  71),
(528,  245),
(528,  244),
(531,  394),
(532,  219),
(534,  392),
(534,  394),
(537,  102),
(539,  124),
(540,  170),
(541,  67),
(545,  212),
(551,  532),
(555,  69),
(555,  70),
(562,  536),
(564,  142),
(565,  142),
(566,  275),
(570,  169),
(571,  422),
(572,  379),
(573,  325),
(575,  347),
(576,  260),
(576,  259),
(577,  16),
(578,  25),
(579,  452),
(580,  536),
(582,  200),
(584,  347),
(585,  36),
(585,  20),
(587,  212),
(588,  141),
(589,  537),
(593,  206),
(593,  214),
(594,  379),
(595,  447),
(597,  398),
(599,  141),
(601,  16),
(602,  369),
(606,  465),
(609,  447),
(610,  452),
(611,  148),
(621,  268),
(621,  274),
(622,  537),
(623,  170),
(624,  276),
(627,  124),
(628,  111),
(629,  262),
(630,  275),
(631,  521),
(634,  68),
(635,  467),
(637,  241),
(638,  306),
(638,  305),
(639,  275),
(640,  422),
(641,  101),
(644,  213),
(647,  179),
(656,  464),
(658,  68),
(659,  181),
(666,  283),
(673,  124),
(674,  77),
(675,  64),
(683,  411),
(684,  455),
(684,  454),
(687,  279),
(687,  278),
(688,  464),
(693,  508),
(693,  521),
(694,  447),
(695,  447),
(696,  275),
(698,  174),
(699,  171),
(702,  371),
(703,  372),
(703,  371),
(704,  536),
(705,  523),
(707,  212),
(710,  517),
(711,  347),
(712,  215),
(715,  208),
(715,  207),
(717,  276),
(720,  276),
(730,  422),
(732,  169),
(734,  63),
(734,  65),
(735,  170),
(740,  390),
(740,  394),
(741,  25),
(745,  68),
(758,  212),
(761,  276),
(763,  212),
(766,  325),
(767,  464),
(772,  517),
(774,  422),
(776,  533),
(777,  274),
(778,  280),
(780,  290),
(781,  525),
(782,  241),
(784,  66),
(785,  334),
(790,  12),
(791,  273),
(792,  280),
(793,  347),
(796,  408),
(796,  410),
(797,  464),
(799,  213),
(800,  535),
(802,  276),
(805,  66),
(806,  12),
(807,  324),
(808,  110),
(808,  111),
(811,  68),
(818,  153),
(820,  274),
(828,  248),
(832,  178),
(835,  366),
(840,  219),
(843,  212),
(848,  200),
(850,  124),
(851,  347),
(853,  170),
(854,  537),
(857,  275),
(859,  268),
(859,  274),
(860,  536),
(861,  93),
(861,  100),
(863,  402),
(865,  521),
(866,  447),
(867,  274),
(871,  213),
(872,  213),
(878,  67),
(881,  213),
(886,  247),
(886,  248),
(888,  72),
(889,  446),
(890,  165),
(891,  446),
(892,  307),
(893,  142),
(895,  164),
(897,  8),
(898,  115),
(898,  99),
(901,  108),
(902,  102),
(904,  537),
(906,  243),
(908,  213),
(910,  67),
(913,  13),
(914,  305),
(916,  177),
(917,  472),
(919,  536),
(927,  456),
(928,  39),
(929,  451),
(932,  521),
(933,  153),
(934,  25),
(936,  195),
(936,  196),
(941,  63),
(944,  447),
(945,  446),
(947,  275),
(949,  213),
(951,  195),
(951,  196),
(952,  536),
(953,  153),
(954,  451),
(956,  537),
(958,  213),
(959,  245),
(963,  379),
(965,  527),
(967,  241),
(970,  124),
(971,  465),
(973,  123),
(977,  18),
(978,  164),
(979,  154),
(988,  153),
(989,  316),
(995,  159),
(996,  464),
(997,  307),
(998,  446),
(999,  422),
(1005,  16),
(1006,  218),
(1007,  290),
(1008,  283),
(1010,  215),
(1012,  220),
(1014,  494),
(1018,  446),
(1019,  447),
(1021,  154),
(1023,  142),
(1025,  64),
(1028,  213),
(1029,  314),
(1031,  509),
(1033,  133),
(1034,  497),
(1035,  67),
(1037,  307),
(1038,  95),
(1038,  100),
(1040,  460),
(1042,  535),
(1043,  54),
(1045,  124),
(1049,  94),
(1053,  422),
(1057,  537),
(1059,  537),
(1061,  367),
(1062,  169),
(1065,  336),
(1065,  337),
(1067,  123),
(1074,  54),
(1076,  324),
(1081,  284),
(1083,  416),
(1083,  415),
(1084,  278),
(1089,  517),
(1091,  307),
(1093,  422),
(1097,  317),
(1099,  245),
(1100,  63),
(1104,  464),
(1105,  420),
(1110,  347),
(1115,  536),
(1117,  231),
(1118,  398),
(1119,  68),
(1120,  67),
(1122,  220),
(1124,  181),
(1128,  68),
(1129,  141),
(1130,  141),
(1131,  141),
(1132,  331),
(1134,  335),
(1135,  102),
(1138,  99),
(1141,  213),
(1142,  227),
(1147,  446),
(1148,  447),
(1149,  446),
(1150,  485),
(1150,  486),
(1151,  486),
(1158,  153),
(1160,  523),
(1163,  464),
(1165,  95),
(1165,  100),
(1166,  170),
(1171,  446),
(1175,  123),
(1176,  126),
(1179,  494),
(1184,  212),
(1185,  283),
(1187,  153),
(1188,  212),
(1189,  146),
(1190, 346),
(1190, 345),
(1191,  232),
(1193,  123),
(1194,  535),
(1196,  124),
(1197,  315),
(1197,  316),
(1198,  275),
(1200,  153),
(1203,  209),
(1214,  154),
(1218,  447),
(1220,  446),
(1222,  154),
(1223,  124),
(1226,  259),
(1230,  307),
(1233,  154),
(1235,  422),
(1236,  170),
(1237,  537),
(1238,  536),
(1240,  447),
(1241,  124),
(1242,  63),
(1245,  366),
(1248,  554),
(1250,  323),
(1255,  527),
(1259,  336),
(1259,  338),
(1262,  333),
(1263,  329),
(1263,  330),
(1268,  334),
(1270,  335),
(1271,  334),
(1273,  331),
(1276,  20),
(1279,  36),
(1279,  20),
(1280,  325),
(1282,  508),
(1282,  521),
(1283,  374),
(1285,  467),
(1286,  153),
(1288,  446),
(1294,  427),
(1296,  381),
(1298,  126),
(1299,  126),
(1301,  213),
(1303,  464),
(1304,  536),
(1305,  451),
(1306,  374),
(1307,  309),
(1308,  311),
(1313,  141),
(1314,  422),
(1319,  307),
(1324,  535),
(1330,  379),
(1337,  153),
(1342,  371),
(1344,  276),
(1345,  309),
(1352,  197),
(1352,  171),
(1353,  197),
(1353,  171),
(1354,  307),
(1361,  358),
(1361,  357),
(1363,  347),
(1366,  133),
(1372,  123),
(1381,  124),
(1384,  148),
(1385,  67),
(1387,  464),
(1391,  124),
(1393,  154),
(1395,  464),
(1397,  424),
(1399,  382),
(1402,  154),
(1403,  159),
(1406,  459),
(1411,  66),
(1414,  154),
(1415,  66),
(1419,  72),
(1421,  243),
(1426,  447),
(1427,  214),
(1428,  48),
(1429,  434),
(1430,  153),
(1431,  70),
(1435,  537),
(1436,  276),
(1437,  68),
(1438,  142),
(1439,  123),
(1440,  141),
(1441,  66),
(1442,  141),
(1443,  141),
(1444,  247),
(1444,  248),
(1447,  169),
(1453,  526),
(1455,  333),
(1456,  337),
(1459,  337),
(1465,  338),
(1469,  465),
(1474,  153),
(1475,  528),
(1476,  165),
(1477,  153),
(1481,  357),
(1483,  527),
(1483,  526),
(1484,  179),
(1484,  178),
(1486,  535),
(1487,  96),
(1487,  97),
(1489,  108),
(1494,  112),
(1497,  101),
(1502,  373),
(1503,  48),
(1506,  154),
(1508,  146),
(1510,  332),
(1510,  333),
(1513,  484),
(1514,  484),
(1515,  110),
(1515,  112),
(1516,  153),
(1517,  447),
(1518,  447),
(1519,  382),
(1522,  422),
(1525,  535),
(1526,  109),
(1529,  104),
(1530,  110),
(1530,  112),
(1532,  118),
(1532,  99),
(1534,  446),
(1537,  271),
(1538,  275),
(1541,  235),
(1541,  234),
(1542,  347),
(1550,  171),
(1551,  280),
(1552,  87),
(1553,  180),
(1555,  511),
(1559,  153),
(1561,  446),
(1563,  153),
(1565,  526),
(1566,  465),
(1568,  537),
(1570,  153),
(1571,  274),
(1576,  307),
(1580,  442),
(1585,  256),
(1586,  440),
(1588,  67),
(1592,  280),
(1593,  464),
(1595,  535),
(1596,  397),
(1600,  68),
(1601,  72),
(1602,  219),
(1603,  347),
(1604,  169),
(1607,  40),
(1607,  41),
(1608,  494),
(1609,  497),
(1610,  529),
(1611,  414),
(1611,  410),
(1612,  276),
(1614,  67),
(1620,  271),
(1621,  422),
(1623,  447),
(1625,  67),
(1627,  465),
(1628,  464),
(1633,  311),
(1634,  68),
(1637,  307),
(1638,  271),
(1640,  153),
(1643,  206),
(1643,  214),
(1647,  537),
(1649,  275),
(1651,  465),
(1654,  275),
(1659,  472),
(1660,  464),
(1668,  465),
(1670,  497),
(1671,  347),
(1672,  169),
(1673,  209),
(1674,  201),
(1674,  200),
(1676,  512),
(1678,  212),
(1680,  66),
(1681,  459),
(1683,  417),
(1688,  153),
(1689,  346),
(1694,  174),
(1696,  537),
(1700,  164),
(1702,  263),
(1702,  262),
(1704,  64),
(1708,  307),
(1710,  315),
(1710,  317),
(1712,  123),
(1719,  141),
(1726,  490),
(1726,  494),
(1727,  418),
(1735,  255),
(1735,  256),
(1741,  276),
(1742,  313),
(1744,  324),
(1745,  245),
(1746,  67),
(1749,  273),
(1749,  272),
(1751,  464),
(1752,  77),
(1754,  243),
(1754,  244),
(1759,  123),
(1760,  16),
(1763,  20),
(1764,  521),
(1768,  465),
(1769,  212),
(1770,  134),
(1771,  212),
(1775,  536),
(1779,  209),
(1782,  529),
(1785,  67),
(1786,  537),
(1789,  67),
(1790,  528),
(1798,  79),
(1799,  451),
(1800,  243),
(1804,  536),
(1805,  279),
(1805,  277),
(1809,  387),
(1810,  315),
(1810,  316),
(1817,  315),
(1817,  316),
(1818,  535),
(1819,  221),
(1822,  124),
(1823,  170),
(1824,  386),
(1827,  520),
(1831,  249),
(1832,  537),
(1833,  422),
(1836,  387),
(1837,  123),
(1839,  275),
(1841,  249),
(1842,  212),
(1844,  464),
(1845,  154),
(1846,  397),
(1848,  311),
(1849,  323),
(1851,  109),
(1858,  213),
(1859,  314),
(1862,  255),
(1862,  256),
(1863,  336),
(1863,  338),
(1864,  236),
(1865,  169),
(1866,  313),
(1871,  307),
(1872,  307),
(1880,  68),
(1881,  154),
(1883,  447),
(1884,  446),
(1885,  154),
(1886,  535),
(1889,  68),
(1890,  304),
(1890,  283),
(1892,  307),
(1896,  442),
(1898,  537),
(1902,  554),
(1904,  309),
(1907,  422),
(1908,  534),
(1910,  141),
(1912,  179),
(1912,  178),
(1913,  452),
(1914,  446),
(1917,  309),
(1924,  68),
(1926,  220),
(1927,  275),
(1929,  415),
(1931,  460),
(1934,  174),
(1935,  124),
(1936,  218),
(1937,  159),
(1939,  536),
(1941,  77),
(1942,  67),
(1953,  124),
(1956,  258),
(1961,  123),
(1962,  123),
(1963,  123),
(1966,  169),
(1973,  66),
(1976,  170),
(1977,  181),
(1981,  123),
(1982,  276),
(1983,  212),
(1985,  65),
(1986,  533),
(1987,  533),
(1989,  47),
(1989,  46),
(1992,  447),
(1993,  219),
(1994,  169),
(1999,  169),
(2000,  536),
(2001,  169),
(2004,  497),
(2005,  70),
(2007,  275),
(2008,  276),
(2009,  397),
(2011,  273),
(2016,  123),
(2017,  306),
(2017,  305),
(2019,  392),
(2019,  394),
(2021,  427),
(2024,  123),
(2025,  349),
(2027,  89),
(2030,  66),
(2032,  535),
(2033,  442),
(2042,  422),
(2043,  68),
(2044,  141),
(2045,  368),
(2045,  370),
(2047,  419),
(2049,  221),
(2050,  434),
(2051,  434),
(2052,  277),
(2053,  123),
(2063,  276),
(2067,  332),
(2067,  333),
(2068,  169),
(2069,  465),
(2070,  520),
(2074,  215),
(2075,  447),
(2076,  4),
(2077,  325),
(2081,  387),
(2082,  387),
(2083,  154),
(2084,  153),
(2087,  350),
(2088,  446),
(2089,  159),
(2092,  347),
(2093,  447),
(2095,  170),
(2098,  364),
(2099,  422),
(2101,  212),
(2104,  67),
(2105,  215),
(2107,  440),
(2115,  427),
(2118,  273),
(2121,  275),
(2123,  464),
(2125,  90),
(2129,  534),
(2134,  283),
(2135,  212),
(2137,  366),
(2138,  336),
(2138,  337),
(2140,  196),
(2141,  153),
(2142,  170),
(2144,  274),
(2147,  355),
(2147,  349),
(2149,  275),
(2154,  458),
(2154,  457),
(2163,  69),
(2163,  70),
(2165,  169),
(2166,  347),
(2168,  465),
(2170,  77),
(2171,  534),
(2172,  141),
(2173,  124),
(2176,  422),
(2192,  275),
(2193,  212),
(2199,  442),
(2200,  537),
(2202,  67),
(2203,  527),
(2203,  526),
(2205,  123),
(2206,  276),
(2207,  69),
(2207,  71),
(2210,  153),
(2211,  313),
(2212,  314),
(2213,  307),
(2223,  154),
(2225,  536),
(2226,  465),
(2227,  213),
(2229,  154),
(2231,  451),
(2237,  209),
(2239,  213),
(2240,  171),
(2241,  66),
(2244,  220),
(2245,  464),
(2249,  464),
(2254,  213),
(2257,  220),
(2262,  20),
(2263,  213),
(2264,  370),
(2265,  554),
(2267,  212),
(2268,  459),
(2269,  459),
(2269,  461),
(2270,  461),
(2273,  459),
(2277,  124),
(2278,  276),
(2279,  276),
(2282,  212),
(2284,  307),
(2288,  397),
(2291,  167),
(2293,  334),
(2294,  334),
(2295,  164),
(2296,  408),
(2296,  410),
(2297,  123),
(2298,  387),
(2299,  141),
(2309,  68),
(2316,  307),
(2317,  307),
(2318,  338),
(2321,  336),
(2321,  337),
(2322,  333),
(2327,  171),
(2328,  420),
(2329,  402),
(2331,  284),
(2332,  464),
(2334,  278),
(2335,  279),
(2335,  277),
(2336,  465),
(2338,  148),
(2342,  347),
(2346,  124),
(2348,  536),
(2349,  169),
(2350,  181),
(2353,  245),
(2357,  386),
(2363,  422),
(2364,  422),
(2365,  537),
(2374,  525),
(2378,  347),
(2379,  199),
(2379,  200),
(2382,  394),
(2383,  446),
(2385,  141),
(2390,  255),
(2391,  104),
(2394,  52),
(2395,  124),
(2397,  279),
(2397,  277),
(2398,  419),
(2399,  68),
(2400,  241),
(2401,  411),
(2402,  425),
(2404,  68),
(2405,  212),
(2407,  465),
(2408,  472),
(2411,  536),
(2414,  231),
(2425,  490),
(2425,  494),
(2426,  20),
(2430,  275),
(2431,  527),
(2431,  526),
(2435,  528),
(2436,  67),
(2438,  141),
(2439,  414),
(2439,  410),
(2440,  379),
(2441,  124),
(2442,  227),
(2445,  221),
(2447,  213),
(2448,  382),
(2450,  359),
(2451,  426),
(2452,  212),
(2453,  212),
(2455,  102),
(2458,  115),
(2458,  99),
(2459,  340),
(2459,  341),
(2460,  422),
(2463,  117),
(2463,  116),
(2464,  110),
(2464,  112),
(2465,  382),
(2466,  452),
(2468,  154),
(2472,  464),
(2474,  67),
(2477,  446),
(2478,  446),
(2479,  258),
(2480,  537),
(2491,  68),
(2492,  307),
(2495,  422),
(2496,  314),
(2498,  311),
(2506,  154),
(2508,  63),
(2509,  45),
(2513,  422),
(2514,  214),
(2523,  123),
(2525,  416),
(2525,  415),
(2526,  153),
(2527,  170),
(2530,  67),
(2531,  180),
(2532,  533),
(2532,  532),
(2533,  170),
(2536,  68),
(2537,  67),
(2539,  537),
(2541,  464),
(2542,  446),
(2544,  255),
(2544,  256),
(2545,  124),
(2546,  212),
(2547,  323),
(2549,  460),
(2552,  537),
(2553,  537),
(2554,  54),
(2555,  54),
(2556,  67),
(2557,  307),
(2559,  153),
(2560,  124),
(2561,  396),
(2568,  397),
(2569,  535),
(2570,  411),
(2574,  305),
(2575,  347),
(2577,  359),
(2579,  180),
(2580,  44),
(2580,  43),
(2581,  170),
(2583,  209),
(2584,  276),
(2585,  123),
(2586,  537),
(2589,  141),
(2592,  358),
(2592,  357),
(2594,  365),
(2598,  154),
(2600,  494),
(2601,  212),
(2602,  166),
(2603,  68),
(2604,  275),
(2607,  396),
(2609,  307),
(2610,  228),
(2611,  374),
(2615,  25),
(2622,  154),
(2623,  252),
(2623,  241),
(2626,  465),
(2628,  276),
(2630,  154),
(2631,  45),
(2632,  123),
(2635,  275),
(2641,  255),
(2642,  124),
(2644,  368),
(2644,  370),
(2645,  368),
(2645,  370),
(2646,  18),
(2650,  166),
(2651,  154),
(2655,  427),
(2662,  169),
(2663,  347),
(2667,  534),
(2671,  290),
(2672,  124),
(2673,  425),
(2674,  133),
(2675,  123),
(2676,  434),
(2677,  304),
(2677,  283),
(2679,  483),
(2679,  482),
(2681,  213),
(2682,  221),
(2683,  350),
(2692,  243),
(2694,  465),
(2695,  307),
(2697,  381),
(2698,  14),
(2700,  447),
(2702,  100),
(2704,  102),
(2705,  118),
(2705,  99),
(2707,  110),
(2707,  111),
(2712,  101),
(2714,  92),
(2716,  529),
(2717,  396),
(2719,  316),
(2720,  315),
(2720,  317),
(2721,  68),
(2724,  72),
(2725,  226),
(2728,  407),
(2729,  141),
(2730,  213),
(2731,  213),
(2734,  214),
(2739,  447),
(2742,  537),
(2744,  372),
(2744,  371),
(2745,  373),
(2748,  465),
(2749,  465),
(2751,  475),
(2752,  290),
(2756,  446),
(2758,  64),
(2761,  486),
(2762,  505),
(2767,  67),
(2768,  536),
(2771,  212),
(2772,  460),
(2778,  391),
(2779,  450),
(2780,  452),
(2780,  450),
(2781,  517),
(2784,  109),
(2787,  101),
(2789,  101),
(2790,  109),
(2793,  313),
(2794,  314),
(2797,  307),
(2801,  108),
(2802,  111),
(2813,  108),
(2815,  119),
(2820,  309),
(2821,  315),
(2821,  317),
(2823,  154),
(2828,  134),
(2829,  148),
(2830,  92),
(2835,  276),
(2838,  276),
(2839,  284),
(2840,  271),
(2845,  125),
(2847,  104),
(2850,  28),
(2851,  112),
(2852,  110),
(2852,  111),
(2855,  99),
(2860,  104),
(2861,  93),
(2861,  100),
(2864,  359),
(2865,  447),
(2866,  347),
(2867,  169),
(2868,  465),
(2869,  535),
(2871,  259),
(2881,  402),
(2882,  536),
(2887,  170),
(2891,  369),
(2892,  276),
(2894,  169),
(2895,  282),
(2896,  265),
(2897,  52),
(2899,  505),
(2899,  506),
(2901,  47),
(2903,  276),
(2904,  280),
(2905,  276),
(2908,  66),
(2909,  169),
(2910,  368),
(2910,  369),
(2911,  368),
(2911,  369),
(2912,  46),
(2913,  45),
(2917,  367),
(187,  41),
(1706,  41),
(1840,  41),
(2194,  43),
(2419,  43),
(1052,  43),
(276,  59),
(619,  59),
(1777,  59),
(614,  83),
(2434,  83),
(2837,  83),
(1136,  97),
(2810,  97),
(523,  97),
(2853,  116),
(2313,  116),
(52,  116),
(49,  203),
(2510,  203),
(2230,  203),
(2388,  207),
(2261,  207),
(2444,  207),
(1618,  234),
(2741,  234),
(672,  234),
(1261,  330),
(1454,  330),
(1272,  330),
(359,  341),
(400,  341),
(1451,  341),
(1689,  345),
(1291,  345),
(2614,  345),
(2156,  454),
(75,  454),
(2678,  454),
(1753,  457),
(969,  457),
(199,  457),
(868,  482),
(1821,  482),
(16,  482),
(1843,  506),
(2393,  506),
(2762,  506),
(726,  509),
(2046,  509),
(2669,  509),
(1055,  26),
(2591,  26),
(1369,  27),
(646,  27),
(114,  29),
(845,  29),
(2071,  30),
(1051,  30),
(1923,  31),
(736,  31),
(957,  32),
(2272,  32),
(869,  33),
(1645,  33),
(2059,  34),
(1004,  34),
(754,  38),
(2256,  38),
(2426,  42),
(1276,  42),
(831,  78),
(784,  84),
(2030,  84),
(1415,  85),
(1411,  85),
(1441,  86),
(2908,  86),
(1973,  88),
(1680,  88),
(2417,  91),
(503,  91),
(1876,  135),
(556,  135),
(1828,  138),
(1404,  138),
(1758,  139),
(1757,  139),
(2512,  140),
(2511,  140),
(699,  168),
(406,  168),
(36,  186),
(1860,  186),
(379,  187),
(391,  188),
(1853,  188),
(336,  189),
(1701,  190),
(1425,  190),
(1781,  191),
(2085,  191),
(41,  192),
(47,  192),
(355,  193),
(1793,  193),
(392,  194),
(2582,  194),
(1550,  198),
(267,  198),
(583,  205),
(1762,  205),
(922,  229),
(2684,  229),
(1002,  230),
(1392,  230),
(2734,  238),
(86,  238),
(165,  239),
(967,  239),
(637,  240),
(782,  240),
(437,  264),
(1571,  264),
(777,  267),
(45,  267),
(706,  291),
(2664,  291),
(804,  292),
(495,  292),
(2387,  293),
(1724,  293),
(2668,  294),
(834,  294),
(2014,  295),
(1984,  295),
(1944,  296),
(2189,  296),
(333,  297),
(2185,  297),
(2587,  298),
(491,  299),
(464,  299),
(2238,  300),
(1225,  300),
(1812,  302),
(1597,  302),
(2134,  303),
(1185,  303),
(381,  308),
(1182,  308),
(1253,  308),
(1707,  308),
(1709,  308),
(1740,  308),
(1743,  308),
(1811,  308),
(1813,  308),
(2188,  308),
(2214,  308),
(2818,  308),
(1709,  318),
(1253,  318),
(1811,  319),
(1740,  319),
(2818,  320),
(1743,  320),
(241,  343),
(2025,  343),
(2301,  356),
(1364,  356),
(2283,  388),
(1794,  388),
(2286,  389),
(930,  389),
(542,  393),
(1389,  393),
(398,  401),
(542,  401),
(1389,  401),
(1394,  401),
(2197,  401),
(2778,  401),
(2372,  436),
(516,  436),
(2624,  439),
(1231,  439),
(2471,  473),
(2086,  473),
(1893,  474),
(1661,  474),
(2918,  476),
(1826,  476),
(679,  477),
(1015,  477),
(2253,  478),
(1662,  478),
(1731,  479),
(2825,  479),
(2153,  480),
(1090,  480),
(567,  481),
(394,  481),
(1014,  488),
(1179,  488),
(1631,  489),
(115,  489),
(325,  501),
(2032,  501),
(362,  502),
(1042,  502),
(386,  503),
(146,  503),
(520,  507),
(1016,  507),
(1194,  510),
(1886,  510),
(1764,  513),
(932,  513),
(154,  538),
(2528,  538),
(1153,  539),
(2315,  539),
(2757,  540),
(1730,  540),
(1943,  541),
(748,  541),
(2782,  542),
(1888,  542),
(331,  543),
(1063,  543),
(2869,  544),
(1324,  544),
(1420,  9),
(121,  9),
(1058,  10),
(417,  10),
(601,  15),
(1005,  15),
(1423,  17),
(2119,  17),
(676,  37),
(368,  81),
(1500,  98),
(2859,  120),
(374,  120),
(1367,  233),
(1173,  233),
(1995,  237),
(841,  237),
(2432,  250),
(2747,  250),
(2507,  251),
(2785,  251),
(725,  266),
(122,  266),
(1617,  301),
(749,  301),
(1026,  328),
(1170,  328),
(68,  342),
(1079,  342),
(459,  504),
(136,  504),
(2145,  514),
(678,  514),
(1583,  37),
(284,  81),
(1512,  98),
(1146,  143),
(2652,  143),
(1154,  11),
(2097,  14),
(2760,  35),
(653,  39),
(2131,  58),
(1705,  87),
(2330,  90),
(2709,  94),
(2710,  119),
(2266,  204),
(2048,  232),
(1485,  236),
(755,  261),
(445,  265),
(1334,  453),
(1952,  456),
(1159,  500),
(980,  511),
(1887,  512),
(1840,  40),
(187,  44),
(1777,  60),
(619,  82),
(2810,  96),
(52,  117),
(2230,  202),
(2261,  208),
(672,  235),
(1261,  329),
(359,  340),
(2156,  455),
(75,  458),
(1821,  483),
(1190, 334),
(1689, 334),
(1291, 334),
(2614, 334),
(1311,  475),
(252,  189),
(569,  28),
(838,  79),
(664,  228),
(2403,  78),
(824,  80),
(1879,  80),
(756,  187),
(492,  298),
(879,  554),
(1190, 344),
(2615,  23),
(578,  23),
(1761,  23),
(1108,  23),
(1428,  50),
(413,  50),
(1948,  50),
(1573,  50),
(2554,  55),
(1074,  55),
(2637,  55),
(2352,  55),
(2170,  74),
(2023,  74),
(674,  74),
(433,  74),
(2606,  127),
(1874,  127),
(152,  127),
(1919,  127),
(1691,  131),
(1033,  131),
(882,  131),
(1366,  131),
(2829,  150),
(2338,  150),
(1232,  150),
(1388,  150),
(978,  162),
(2295,  162),
(1295,  162),
(1082,  162),
(1432,  172),
(505,  172),
(1556,  172),
(412,  183),
(1102,  183),
(659,  183),
(1977,  183),
(2445,  224),
(2873,  224),
(1819,  224),
(1032,  224),
(259,  289),
(1007,  289),
(2157,  289),
(780,  289),
(2087,  353),
(205,  353),
(1557,  353),
(1703,  353),
(2450,  361),
(533,  361),
(404,  361),
(685,  361),
(2611,  377),
(240,  377),
(1409,  377),
(396,  377),
(118,  406),
(733,  406),
(863,  406),
(2842,  406),
(2306,  409),
(308,  409),
(425,  409),
(677,  409),
(543,  428),
(626,  428),
(2655,  428),
(2021,  428),
(256,  441),
(1830,  441),
(2033,  441),
(2199,  441),
(2408,  471),
(305,  471),
(660,  471),
(917,  471),
(2004,  495),
(230,  495),
(1609,  495),
(1482,  495),
(530,  519),
(772,  519),
(2258,  519),
(2781,  519),
(2416,  24),
(741,  24),
(60,  24),
(934,  24),
(1503,  49),
(418,  49),
(247,  49),
(603,  49),
(1043,  56),
(2555,  56),
(2844,  56),
(521,  56),
(1941,  73),
(2162,  73),
(1960,  73),
(1752,  73),
(1139,  132),
(371,  132),
(2674,  132),
(2666,  132),
(611,  149),
(2563,  149),
(2500,  149),
(2666,  149),
(895,  163),
(1479,  163),
(1478,  163),
(1700,  163),
(173,  182),
(1124,  182),
(1682,  182),
(2350,  182),
(2504,  225),
(2049,  225),
(975,  225),
(2682,  225),
(101,  288),
(2752,  288),
(324,  288),
(2671,  288),
(2683,  354),
(172,  354),
(301,  354),
(2184,  354),
(2577,  360),
(2864,  360),
(1312,  360),
(2617,  360),
(1145,  378),
(90,  378),
(1306,  378),
(1283,  378),
(1587,  405),
(2881,  405),
(1106,  405),
(2329,  405),
(775,  443),
(1580,  443),
(1895,  443),
(1896,  443),
(142,  470),
(750,  470),
(1659,  470),
(874,  470),
(1670,  496),
(574,  496),
(526,  496),
(361,  496),
(1089,  518),
(55,  518),
(710,  518),
(2103,  518),
(1796,  61),
(462,  61),
(550,  61),
(2422,  61),
(2690,  155),
(1855,  155),
(2175,  155),
(79,  155),
(277,  210),
(1717,  210),
(1873,  210),
(2433,  210),
(826,  269),
(138,  269),
(322,  269),
(1967,  269),
(1095,  376),
(943,  376),
(1882,  376),
(875,  445),
(884,  445),
(2040,  445),
(71,  445),
(837,  462),
(2754,  462),
(1292,  462),
(1807,  462),
(2862,  106),
(2860,  106),
(2861,  106),
(1331,  122),
(2691,  122),
(1075,  144),
(2521,  144),
(994,  158),
(968,  158),
(2608,  175),
(950,  175),
(764,  216),
(2180,  216),
(1343,  285),
(444,  285),
(2796,  310),
(2718,  310),
(1901,  383),
(2361,  383),
(1380,  395),
(1121,  395),
(2688,  435),
(260,  435),
(1653,  493),
(2326,  493),
(1549,  522),
(1591,  522),
(2391,  105),
(2860,  105),
(22,  145),
(2619,  145),
(3,  157),
(1403,  157),
(377,  176),
(698,  176),
(2732,  217),
(2074,  217),
(263,  281),
(1081,  281),
(1848,  312),
(1308,  312),
(2639,  322),
(1711,  322),
(692,  380),
(2465,  380),
(2717,  399),
(2561,  399),
(2401,  412),
(312,  412),
(1429,  433),
(2050,  433),
(2590,  466),
(504,  466),
(162,  487),
(1085,  487),
(1632,  492),
(1192,  492),
(198,  524),
(705,  524),
(393,  136),
(11,  136),
(1039,  137),
(1048,  137),
(1847,  246),
(130,  246),
(2115,  429),
(1207,  423),
(149,  423),
(1397,  423),
(2109,  423),
(1424,  429),
(330,  429),
(1294,  429),
(1689,  344),
(1291,  344),
(2614,  344),
(2234,  172),
(1289,  376),
(2920,  212),
(451,  555),
(689,  555),
(1027,  555),
(1501,  555),
(9,  556),
(275,  556),
(288,  556),
(2406,  556),
(549,  557),
(728,  557),
(1574,  557),
(2252,  557),
(1107,  558),
(1113,  558),
(1693,  558),
(2260,  558),
(1177,  559),
(1178,  559),
(2062,  559),
(2605,  559),
(1143,  560),
(1641,  560),
(1856,  560),
(2181,  560),
(414,  561),
(1933,  561),
(1978,  561),
(2006,  561),
(661,  562),
(787,  562),
(962,  562),
(1011,  562),
(335,  563),
(2893,  563),
(2902,  563),
(743,  563),
(1663,  564),
(2177,  564),
(2305,  564),
(2421,  564),
(107,  565),
(590,  565),
(1201,  565),
(1359,  565),
(697,  566),
(2351,  566),
(2368,  566),
(2736,  566),
(380,  567),
(939,  567),
(2711,  567),
(2811,  567),
(1326,  568),
(1616,  568),
(2167,  568),
(2359,  568),
(1116,  569),
(1606,  569),
(1656,  569),
(2849,  569),
(57,  570),
(1219,  570),
(2467,  570),
(2475,  570),
(625,  571),
(1180,  571),
(1181,  571),
(2722,  571),
(1783,  572),
(1850,  572),
(1867,  572),
(2325,  572),
(261,  573),
(518,  573),
(1246,  573),
(1787,  573),
(513,  574),
(836,  574),
(451,  575),
(689,  575),
(288,  576),
(2236,  576),
(1756,  577),
(2124,  577),
(728,  578),
(1574,  578),
(873,  579),
(2381,  579),
(1113,  580),
(2260,  580),
(1178,  581),
(2062,  581),
(1143,  582),
(1183,  582),
(731,  583),
(1978,  583),
(787,  584),
(2179,  584),
(370,  585),
(2550,  585),
(1408,  586),
(2034,  586),
(2893,  587),
(743,  587),
(2177,  588),
(2421,  588),
(107,  589),
(590,  589),
(468,  590),
(2222,  590),
(548,  591),
(2368,  591),
(380,  592),
(2811,  592),
(1616,  593),
(2359,  593),
(899,  594),
(1452,  594),
(1606,  595),
(1656,  595),
(467,  596),
(2467,  596),
(625,  597),
(1181,  597),
(1850,  598),
(2325,  598),
(518,  599),
(1246,  599),
(470,  600),
(2217,  600),
(985,  601),
(2660,  601),
(682,  602),
(1750,  602),
(1639,  603),
(1980,  603),
(462,  604),
(1796,  604),
(1874,  605),
(2606,  605),
(546,  606),
(984,  606),
(1590,  607),
(2690,  607),
(369,  608),
(505,  608),
(1718,  609),
(2433,  609),
(419,  610),
(1778,  610),
(299,  611),
(1332,  611),
(138,  612),
(1967,  612),
(144,  613),
(1774,  613),
(1202,  614),
(2216,  614),
(2449,  615),
(2620,  615),
(943,  616),
(1289,  616),
(1490,  617),
(2703,  617),
(307,  618),
(2410,  618),
(422,  619),
(1970,  619),
(348,  620),
(986,  620),
(2347,  621),
(2424,  621),
(424,  622),
(2060,  622),
(71,  623),
(875,  623),
(837,  624),
(2132,  624),
(544,  625),
(1523,  625),
(1902,  626),
(2265,  626),
(671,  627),
(716,  627),
(2276,  627),
(2759,  627),
(686,  628),
(1087,  628),
(1806,  628),
(2529,  628),
(95,  629),
(1094,  629),
(1251,  629),
(2863,  629),
(1329,  630),
(1492,  630),
(2461,  630),
(2706,  630),
(2788,  630),
(1356,  631),
(2161,  631),
(2743,  631),
(286,  632),
(1347,  632),
(1398,  632),
(1906,  632),
(2791,  632),
(458,  633),
(1375,  633),
(1386,  633),
(1509,  633),
(2665,  633);

INSERT INTO Participates_In (athlete_id, event_id, ranking) VALUES
(1, 28, NULL),
(3, 83, NULL),
(5, 117, NULL),
(6, 118, NULL),
(7, 117, NULL),
(9, 29, NULL),
(10, 115, NULL),
(11, 97, 2),
(13, 11, NULL),
(13, 13, NULL),
(17, 117, NULL),
(20, 48, NULL),
(20, 50, NULL),
(21, 1, 2),
(21, 5, NULL),
(22, 83, NULL),
(23, 117, NULL),
(24, 119, NULL),
(27, 97, NULL),
(28, 25, NULL),
(29, 116, NULL),
(29, 4, NULL),
(30, 30, NULL),
(30, 26, NULL),
(31, 116, NULL),
(31, 4, NULL),
(32, 117, NULL),
(33, 117, NULL),
(34, 30, NULL),
(36, 116, NULL),
(36, 4, NULL),
(37, 15, NULL),
(37, 91, NULL),
(38, 117, NULL),
(39, 89, 3),
(40, 117, NULL),
(41, 116, NULL),
(41, 4, NULL),
(42, 117, NULL),
(44, 82, NULL),
(50, 47, NULL),
(50, 49, NULL),
(51, 30, NULL),
(51, 26, NULL),
(51, 27, NULL),
(53, 119, NULL),
(55, 12, NULL),
(55, 14, NULL),
(57, 29, 2),
(57, 25, 2),
(60, 12, NULL),
(60, 14, NULL),
(61, 117, NULL),
(62, 51, NULL),
(63, 28, NULL),
(64, 21, NULL),
(65, 45, NULL),
(65, 51, NULL),
(67, 53, NULL),
(68, 12, NULL),
(69, 30, NULL),
(69, 26, NULL),
(69, 27, NULL),
(70, 92, NULL),
(71, 30, NULL),
(71, 26, NULL),
(71, 27, NULL),
(72, 117, NULL),
(73, 93, NULL),
(74, 21, NULL),
(76, 88, 3),
(77, 47, NULL),
(77, 49, 1),
(78, 28, NULL),
(79, 30, NULL),
(79, 26, NULL),
(80, 62, NULL),
(81, 63, NULL),
(82, 21, NULL),
(84, 54, NULL),
(85, 112, NULL),
(85, 103, NULL),
(85, 114, NULL),
(88, 21, 3),
(90, 120, NULL),
(91, 82, NULL),
(92, 117, NULL),
(93, 96, NULL),
(94, 71, NULL),
(95, 55, NULL),
(96, 121, NULL),
(97, 117, NULL),
(98, 117, NULL),
(99, 117, NULL),
(100, 59, 3),
(101, 12, NULL),
(101, 14, NULL),
(102, 79, NULL),
(103, 57, NULL),
(107, 29, NULL),
(107, 28, NULL),
(108, 12, NULL),
(108, 14, NULL),
(109, 117, NULL),
(110, 40, NULL),
(112, 8, NULL),
(113, 30, NULL),
(113, 26, NULL),
(114, 116, NULL),
(114, 4, NULL),
(117, 54, NULL),
(118, 11, NULL),
(118, 13, NULL),
(118, 15, NULL),
(120, 93, NULL),
(121, 97, 1),
(122, 79, NULL),
(123, 93, NULL),
(126, 46, NULL),
(126, 52, NULL),
(127, 54, NULL),
(129, 92, NULL),
(130, 97, NULL),
(131, 63, NULL),
(132, 109, NULL),
(133, 98, NULL),
(135, 46, NULL),
(135, 52, NULL),
(136, 79, NULL),
(138, 26, NULL),
(138, 27, NULL),
(139, 97, NULL),
(141, 5, NULL),
(142, 12, NULL),
(142, 14, NULL),
(143, 117, NULL),
(144, 30, NULL),
(144, 26, NULL),
(144, 27, NULL),
(145, 72, NULL),
(147, 30, NULL),
(147, 26, NULL),
(147, 27, NULL),
(149, 12, NULL),
(149, 14, NULL),
(152, 30, NULL),
(152, 26, NULL),
(153, 92, NULL),
(154, 95, NULL),
(156, 56, NULL),
(157, 57, NULL),
(159, 117, NULL),
(160, 118, NULL),
(161, 103, NULL),
(161, 114, NULL),
(162, 83, NULL),
(163, 1, NULL),
(163, 5, NULL),
(164, 21, NULL),
(166, 118, NULL),
(168, 88, NULL),
(169, 112, NULL),
(169, 114, NULL),
(170, 82, NULL),
(171, 82, NULL),
(172, 12, NULL),
(172, 14, NULL),
(173, 12, NULL),
(174, 30, NULL),
(174, 26, NULL),
(174, 27, NULL),
(175, 116, NULL),
(177, 28, NULL),
(179, 54, NULL),
(180, 30, NULL),
(180, 26, NULL),
(181, 103, NULL),
(181, 107, 3),
(181, 114, 1),
(184, 62, NULL),
(190, 63, NULL),
(191, 72, NULL),
(192, 71, NULL),
(193, 105, NULL),
(193, 112, NULL),
(194, 113, NULL),
(194, 102, NULL),
(195, 29, NULL),
(196, 92, NULL),
(197, 95, NULL),
(198, 83, NULL),
(204, 113, NULL),
(204, 106, NULL),
(204, 115, NULL),
(205, 11, NULL),
(205, 13, NULL),
(207, 98, NULL),
(210, 1, NULL),
(210, 5, NULL),
(213, 103, NULL),
(213, 107, NULL),
(214, 95, NULL),
(215, 113, NULL),
(215, 102, NULL),
(215, 106, NULL),
(215, 115, 2),
(216, 100, NULL),
(216, 94, NULL),
(218, 21, NULL),
(219, 5, NULL),
(220, 72, NULL),
(221, 109, NULL),
(221, 104, NULL),
(222, 46, NULL),
(222, 52, NULL),
(227, 117, NULL),
(228, 6, NULL),
(229, 13, NULL),
(229, 15, NULL),
(230, 13, NULL),
(231, 92, NULL),
(232, 12, NULL),
(233, 88, NULL),
(234, 47, NULL),
(234, 49, NULL),
(236, 109, NULL),
(236, 104, NULL),
(236, 113, NULL),
(237, 112, NULL),
(237, 103, NULL),
(237, 107, NULL),
(239, 62, 2),
(240, 11, 1),
(240, 13, NULL),
(240, 15, NULL),
(242, 15, NULL),
(242, 91, NULL),
(245, 28, NULL),
(246, 71, NULL),
(247, 12, NULL),
(247, 14, NULL),
(249, 104, NULL),
(249, 113, NULL),
(250, 83, NULL),
(252, 95, NULL),
(255, 12, NULL),
(255, 14, NULL),
(256, 11, NULL),
(258, 102, NULL),
(259, 11, NULL),
(260, 69, NULL),
(261, 25, NULL),
(262, 117, NULL),
(263, 83, NULL),
(264, 1, NULL),
(264, 5, NULL),
(265, 1, NULL),
(265, 7, 1),
(265, 5, 1),
(266, 56, NULL),
(268, 62, NULL),
(269, 40, NULL),
(271, 100, NULL),
(271, 94, NULL),
(273, 59, NULL),
(275, 29, NULL),
(277, 30, NULL),
(277, 27, NULL),
(279, 71, NULL),
(280, 108, NULL),
(280, 105, NULL),
(281, 117, NULL),
(282, 97, NULL),
(283, 117, NULL),
(284, 79, NULL),
(285, 30, NULL),
(285, 26, NULL),
(285, 27, NULL),
(286, 53, NULL),
(287, 88, NULL),
(288, 28, NULL),
(290, 117, NULL),
(292, 93, NULL),
(293, 21, NULL),
(295, 12, NULL),
(295, 14, NULL),
(296, 79, NULL),
(299, 30, NULL),
(299, 26, NULL),
(299, 27, NULL),
(300, 93, NULL),
(301, 12, NULL),
(301, 14, NULL),
(302, 98, NULL),
(303, 12, NULL),
(304, 119, NULL),
(305, 11, NULL),
(305, 13, NULL),
(305, 15, NULL),
(306, 100, NULL),
(306, 94, NULL),
(307, 30, NULL),
(307, 26, NULL),
(308, 11, NULL),
(308, 13, NULL),
(309, 62, NULL),
(310, 30, NULL),
(310, 27, NULL),
(311, 47, NULL),
(311, 49, NULL),
(312, 83, NULL),
(314, 93, NULL),
(315, 96, NULL),
(317, 59, NULL),
(318, 1, NULL),
(318, 5, NULL),
(320, 15, NULL),
(320, 91, NULL),
(321, 88, 1),
(322, 30, NULL),
(322, 26, NULL),
(324, 12, NULL),
(324, 14, NULL),
(326, 40, NULL),
(327, 47, NULL),
(327, 49, NULL),
(328, 118, NULL),
(329, 92, NULL),
(330, 12, NULL),
(330, 14, NULL),
(331, 5, NULL),
(333, 116, NULL),
(333, 4, NULL),
(335, 28, NULL),
(336, 97, NULL),
(337, 96, NULL),
(338, 116, NULL),
(338, 4, NULL),
(340, 118, NULL),
(341, 48, NULL),
(341, 50, NULL),
(342, 92, NULL),
(343, 93, NULL),
(344, 6, NULL),
(345, 83, NULL),
(348, 30, NULL),
(348, 27, NULL),
(349, 103, NULL),
(349, 107, NULL),
(349, 114, NULL),
(352, 21, NULL),
(354, 27, NULL),
(355, 1, NULL),
(355, 5, NULL),
(357, 40, NULL),
(361, 12, NULL),
(364, 27, NULL),
(365, 117, NULL),
(366, 29, NULL),
(367, 30, NULL),
(367, 26, NULL),
(367, 27, NULL),
(368, 12, NULL),
(369, 27, NULL),
(370, 29, NULL),
(371, 12, NULL),
(371, 14, NULL),
(372, 53, NULL),
(374, 79, NULL),
(375, 109, NULL),
(376, 82, NULL),
(377, 83, NULL),
(378, 54, NULL),
(380, 29, NULL),
(380, 25, NULL),
(380, 28, NULL),
(381, 41, NULL),
(384, 114, NULL),
(385, 92, NULL),
(387, 11, NULL),
(387, 13, NULL),
(388, 96, 1),
(389, 71, NULL),
(390, 54, NULL),
(391, 95, NULL),
(392, 95, NULL),
(393, 95, NULL),
(396, 13, 2),
(396, 15, NULL),
(399, 12, NULL),
(399, 14, NULL),
(401, 114, NULL),
(403, 89, NULL),
(404, 11, NULL),
(404, 13, NULL),
(409, 12, NULL),
(410, 45, NULL),
(410, 51, NULL),
(411, 120, NULL),
(412, 11, NULL),
(412, 13, NULL),
(412, 15, NULL),
(413, 11, NULL),
(413, 13, NULL),
(413, 15, NULL),
(414, 29, NULL),
(414, 25, NULL),
(415, 30, NULL),
(415, 27, NULL),
(416, 117, NULL),
(417, 97, NULL),
(418, 12, NULL),
(418, 14, NULL),
(419, 30, NULL),
(419, 27, NULL),
(420, 100, NULL),
(420, 94, NULL),
(421, 116, NULL),
(421, 4, 2),
(422, 30, NULL),
(422, 26, NULL),
(422, 27, NULL),
(423, 83, NULL),
(424, 27, NULL),
(425, 11, NULL),
(425, 13, NULL),
(426, 12, NULL),
(427, 117, NULL),
(428, 29, NULL),
(428, 25, NULL),
(429, 71, NULL),
(430, 116, NULL),
(430, 4, NULL),
(432, 102, NULL),
(432, 106, 2),
(432, 115, NULL),
(433, 11, NULL),
(433, 13, NULL),
(433, 15, NULL),
(435, 95, NULL),
(438, 93, NULL),
(439, 72, NULL),
(440, 100, NULL),
(440, 94, NULL),
(441, 117, NULL),
(442, 30, NULL),
(443, 89, NULL),
(444, 69, NULL),
(446, 54, NULL),
(448, 63, NULL),
(449, 116, NULL),
(449, 4, NULL),
(450, 63, NULL),
(451, 29, NULL),
(451, 25, NULL),
(453, 11, NULL),
(453, 13, NULL),
(455, 30, NULL),
(455, 27, NULL),
(456, 89, NULL),
(458, 55, NULL),
(459, 12, NULL),
(460, 5, NULL),
(461, 29, NULL),
(462, 26, NULL),
(462, 27, NULL),
(463, 104, NULL),
(463, 113, NULL),
(465, 118, NULL),
(467, 28, 3),
(468, 29, NULL),
(468, 28, NULL),
(470, 30, NULL),
(470, 26, NULL),
(470, 27, NULL),
(471, 11, NULL),
(471, 13, NULL),
(471, 15, NULL),
(472, 93, 3),
(473, 93, NULL),
(474, 72, NULL),
(475, 29, NULL),
(475, 28, NULL),
(477, 57, NULL),
(478, 30, NULL),
(478, 27, NULL),
(480, 117, NULL),
(481, 14, NULL),
(482, 30, NULL),
(482, 26, NULL),
(483, 57, NULL),
(485, 112, NULL),
(485, 103, NULL),
(485, 107, NULL),
(485, 114, NULL),
(487, 72, NULL),
(488, 79, NULL),
(489, 55, NULL),
(490, 93, NULL),
(492, 1, NULL),
(493, 29, NULL),
(494, 12, NULL),
(498, 57, 1),
(499, 53, NULL),
(501, 52, NULL),
(502, 114, NULL),
(504, 83, 3),
(505, 30, 2),
(505, 26, 2),
(506, 47, NULL),
(506, 49, NULL),
(507, 71, NULL),
(508, 72, NULL),
(509, 57, NULL),
(511, 100, NULL),
(511, 94, NULL),
(512, 96, NULL),
(513, 29, NULL),
(513, 28, NULL),
(515, 28, NULL),
(518, 29, 3),
(518, 25, NULL),
(518, 28, NULL),
(521, 12, NULL),
(521, 14, NULL),
(523, 118, NULL),
(524, 108, NULL),
(525, 117, NULL),
(526, 12, NULL),
(526, 14, NULL),
(529, 97, NULL),
(530, 11, NULL),
(530, 13, NULL),
(531, 62, NULL),
(532, 108, NULL),
(532, 105, NULL),
(532, 112, NULL),
(533, 11, NULL),
(533, 13, NULL),
(535, 82, NULL),
(536, 93, NULL),
(538, 53, NULL),
(543, 11, NULL),
(543, 13, NULL),
(543, 15, NULL),
(544, 30, NULL),
(544, 26, NULL),
(544, 27, NULL),
(546, 27, NULL),
(547, 88, NULL),
(548, 28, NULL),
(549, 25, NULL),
(549, 28, NULL),
(550, 30, NULL),
(550, 26, NULL),
(550, 27, NULL),
(552, 4, NULL),
(553, 57, NULL),
(554, 47, NULL),
(554, 49, NULL),
(555, 72, NULL),
(557, 108, 3),
(557, 105, NULL),
(558, 11, NULL),
(558, 13, NULL),
(559, 117, NULL),
(560, 63, NULL),
(561, 45, NULL),
(561, 51, NULL),
(563, 57, NULL),
(567, 5, NULL),
(568, 29, NULL),
(569, 95, 3),
(572, 112, NULL),
(572, 107, NULL),
(572, 114, NULL),
(573, 11, NULL),
(573, 13, NULL),
(574, 12, NULL),
(574, 14, NULL),
(577, 82, NULL),
(578, 11, NULL),
(578, 13, NULL),
(578, 15, NULL),
(581, 117, NULL),
(582, 40, NULL),
(586, 95, NULL),
(590, 29, NULL),
(590, 25, NULL),
(591, 51, NULL),
(592, 82, NULL),
(594, 112, NULL),
(594, 103, 1),
(594, 107, NULL),
(596, 117, NULL),
(597, 88, NULL),
(598, 116, NULL),
(598, 4, NULL),
(600, 62, NULL),
(601, 83, NULL),
(602, 73, NULL),
(603, 120, NULL),
(604, 30, NULL),
(604, 26, NULL),
(604, 27, NULL),
(605, 29, NULL),
(605, 28, NULL),
(607, 30, NULL),
(607, 27, NULL),
(608, 29, NULL),
(611, 12, NULL),
(611, 14, NULL),
(612, 54, NULL),
(613, 117, NULL),
(615, 122, NULL),
(616, 96, NULL),
(617, 96, NULL),
(618, 89, NULL),
(620, 119, NULL),
(625, 29, NULL),
(625, 28, NULL),
(626, 11, NULL),
(626, 13, NULL),
(626, 15, NULL),
(628, 71, NULL),
(631, 62, 3),
(632, 15, NULL),
(632, 91, NULL),
(633, 112, NULL),
(633, 103, NULL),
(635, 89, 1),
(636, 118, NULL),
(642, 41, NULL),
(643, 63, NULL),
(645, 92, NULL),
(647, 72, NULL),
(648, 63, NULL),
(649, 12, NULL),
(650, 95, NULL),
(651, 56, 1),
(652, 88, NULL),
(654, 117, NULL),
(655, 117, NULL),
(657, 88, 2),
(659, 11, NULL),
(659, 13, 1),
(659, 15, NULL),
(660, 11, NULL),
(660, 13, NULL),
(661, 29, NULL),
(661, 25, NULL),
(662, 79, NULL),
(663, 57, NULL),
(664, 97, NULL),
(665, 29, NULL),
(665, 28, NULL),
(666, 63, 3),
(667, 62, NULL),
(668, 92, NULL),
(669, 15, NULL),
(669, 91, NULL),
(670, 57, 3),
(671, 55, NULL),
(674, 11, NULL),
(674, 13, NULL),
(677, 11, NULL),
(677, 13, NULL),
(678, 79, NULL),
(679, 1, NULL),
(680, 30, NULL),
(680, 26, NULL),
(680, 27, NULL),
(681, 54, NULL),
(682, 27, NULL),
(683, 82, NULL),
(685, 11, NULL),
(685, 13, NULL),
(686, 55, NULL),
(687, 71, 2),
(689, 29, NULL),
(689, 25, NULL),
(690, 46, NULL),
(690, 52, 2),
(691, 46, NULL),
(691, 52, NULL),
(692, 83, NULL),
(697, 29, NULL),
(697, 25, NULL),
(698, 83, NULL),
(700, 62, NULL),
(701, 97, NULL),
(705, 83, NULL),
(706, 116, 2),
(706, 4, NULL),
(708, 59, NULL),
(709, 11, NULL),
(710, 12, NULL),
(710, 14, NULL),
(712, 82, NULL),
(713, 120, NULL),
(714, 54, NULL),
(716, 53, NULL),
(718, 30, NULL),
(718, 27, NULL),
(719, 46, NULL),
(719, 52, 1),
(721, 29, NULL),
(722, 48, NULL),
(722, 50, NULL),
(723, 47, NULL),
(723, 49, NULL),
(724, 100, 1),
(724, 94, NULL),
(725, 12, NULL),
(727, 57, NULL),
(728, 29, NULL),
(729, 28, NULL),
(731, 29, NULL),
(731, 28, NULL),
(733, 11, NULL),
(733, 13, NULL),
(733, 15, NULL),
(737, 54, NULL),
(738, 29, NULL),
(738, 25, NULL),
(739, 47, NULL),
(739, 49, NULL),
(741, 12, NULL),
(741, 14, NULL),
(742, 54, NULL),
(743, 29, NULL),
(743, 28, NULL),
(744, 108, NULL),
(746, 5, NULL),
(747, 45, NULL),
(747, 51, NULL),
(748, 97, NULL),
(749, 79, NULL),
(750, 12, NULL),
(750, 14, NULL),
(751, 100, NULL),
(751, 94, NULL),
(752, 45, NULL),
(752, 51, NULL),
(753, 117, NULL),
(756, 1, NULL),
(756, 5, NULL),
(757, 92, NULL),
(759, 117, NULL),
(760, 48, NULL),
(760, 50, NULL),
(762, 15, NULL),
(762, 91, NULL),
(764, 69, NULL),
(765, 112, NULL),
(765, 114, NULL),
(766, 12, NULL),
(766, 14, NULL),
(768, 100, NULL),
(768, 94, NULL),
(769, 15, NULL),
(769, 91, NULL),
(770, 96, NULL),
(771, 47, NULL),
(771, 49, NULL),
(772, 11, NULL),
(772, 13, NULL),
(773, 117, NULL),
(775, 12, NULL),
(775, 14, NULL),
(778, 103, NULL),
(778, 107, NULL),
(779, 47, NULL),
(779, 49, NULL),
(780, 11, NULL),
(780, 13, NULL),
(780, 15, NULL),
(781, 89, NULL),
(783, 54, NULL),
(786, 117, NULL),
(787, 28, NULL),
(788, 88, NULL),
(789, 8, NULL),
(792, 103, NULL),
(792, 114, 3),
(794, 29, NULL),
(794, 25, NULL),
(795, 30, NULL),
(795, 26, NULL),
(798, 63, NULL),
(800, 41, NULL),
(801, 59, NULL),
(803, 56, NULL),
(804, 1, 3),
(804, 5, NULL),
(805, 40, NULL),
(807, 104, NULL),
(807, 113, NULL),
(807, 102, NULL),
(807, 115, NULL),
(808, 74, NULL),
(809, 93, NULL),
(810, 47, NULL),
(810, 49, NULL),
(812, 118, NULL),
(813, 48, NULL),
(813, 50, 3),
(814, 117, NULL),
(815, 27, NULL),
(816, 6, NULL),
(816, 4, NULL),
(817, 63, NULL),
(820, 40, NULL),
(821, 6, NULL),
(822, 6, NULL),
(823, 4, NULL),
(824, 1, NULL),
(824, 5, NULL),
(825, 59, NULL),
(826, 30, NULL),
(826, 26, NULL),
(827, 30, NULL),
(827, 27, NULL),
(829, 63, NULL),
(830, 45, 1),
(830, 51, NULL),
(831, 1, NULL),
(831, 5, NULL),
(833, 54, NULL),
(834, 97, NULL),
(835, 113, NULL),
(835, 102, NULL),
(835, 106, NULL),
(835, 115, 1),
(836, 29, NULL),
(836, 28, NULL),
(837, 27, NULL),
(838, 95, 2),
(839, 30, NULL),
(839, 26, NULL),
(839, 27, NULL),
(840, 112, NULL),
(840, 103, NULL),
(841, 79, 3),
(842, 12, NULL),
(844, 108, NULL),
(844, 105, NULL),
(844, 114, NULL),
(846, 59, 1),
(846, 45, 2),
(846, 51, 2),
(847, 40, NULL),
(848, 41, NULL),
(849, 46, NULL),
(849, 52, NULL),
(852, 29, NULL),
(852, 28, NULL),
(855, 6, NULL),
(855, 4, NULL),
(856, 117, NULL),
(858, 63, NULL),
(862, 40, NULL),
(863, 11, NULL),
(863, 13, NULL),
(863, 15, NULL),
(864, 98, NULL),
(864, 91, NULL),
(865, 63, NULL),
(867, 41, NULL),
(869, 116, NULL),
(869, 4, NULL),
(870, 98, NULL),
(873, 29, NULL),
(873, 28, NULL),
(874, 12, NULL),
(874, 14, NULL),
(875, 27, NULL),
(876, 95, 1),
(877, 40, NULL),
(879, 30, NULL),
(880, 28, NULL),
(882, 11, NULL),
(883, 26, NULL),
(884, 122, NULL),
(885, 46, 2),
(885, 52, NULL),
(887, 112, NULL),
(887, 103, NULL),
(887, 107, NULL),
(887, 114, NULL),
(888, 113, NULL),
(888, 102, NULL),
(888, 106, NULL),
(888, 115, NULL),
(894, 120, NULL),
(895, 12, NULL),
(895, 14, NULL),
(896, 45, NULL),
(896, 51, NULL),
(897, 89, NULL),
(899, 29, NULL),
(899, 25, NULL),
(899, 28, NULL),
(900, 45, NULL),
(900, 51, NULL),
(901, 104, NULL),
(901, 113, NULL),
(903, 119, NULL),
(905, 113, NULL),
(905, 102, NULL),
(905, 115, NULL),
(907, 11, NULL),
(907, 13, NULL),
(907, 15, NULL),
(909, 46, NULL),
(909, 52, NULL),
(911, 56, NULL),
(912, 46, 3),
(912, 52, NULL),
(915, 56, NULL),
(916, 89, 2),
(917, 11, NULL),
(917, 13, NULL),
(917, 15, NULL),
(918, 117, NULL),
(920, 48, NULL),
(920, 50, NULL),
(921, 45, NULL),
(921, 51, NULL),
(923, 15, NULL),
(923, 91, NULL),
(924, 117, NULL),
(925, 96, NULL),
(926, 98, NULL),
(926, 15, NULL),
(926, 91, NULL),
(927, 21, NULL),
(931, 118, NULL),
(934, 12, NULL),
(934, 14, NULL),
(935, 83, NULL),
(937, 29, NULL),
(937, 25, NULL),
(938, 55, NULL),
(939, 29, NULL),
(939, 25, NULL),
(939, 28, NULL),
(940, 117, NULL),
(942, 117, NULL),
(943, 30, 3),
(946, 96, NULL),
(948, 120, NULL),
(950, 69, NULL),
(955, 92, NULL),
(957, 116, NULL),
(960, 45, NULL),
(960, 51, NULL),
(961, 41, NULL),
(962, 25, NULL),
(963, 103, NULL),
(963, 107, NULL),
(964, 117, NULL),
(966, 79, NULL),
(968, 69, 3),
(972, 104, NULL),
(972, 113, NULL),
(974, 56, NULL),
(975, 12, NULL),
(975, 14, NULL),
(976, 100, NULL),
(976, 94, NULL),
(977, 89, NULL),
(978, 11, NULL),
(978, 13, NULL),
(978, 15, NULL),
(981, 100, NULL),
(981, 94, NULL),
(982, 109, NULL),
(982, 104, NULL),
(983, 117, NULL),
(984, 30, NULL),
(984, 27, NULL),
(985, 30, NULL),
(985, 26, NULL),
(985, 27, NULL),
(986, 30, NULL),
(986, 26, NULL),
(986, 27, NULL),
(987, 117, NULL),
(990, 98, NULL),
(991, 98, NULL),
(992, 82, NULL),
(993, 30, NULL),
(993, 26, NULL),
(994, 69, NULL),
(995, 82, NULL),
(1000, 29, NULL),
(1001, 93, NULL),
(1003, 45, NULL),
(1003, 51, NULL),
(1005, 83, NULL),
(1006, 88, NULL),
(1007, 11, NULL),
(1007, 13, NULL),
(1007, 15, NULL),
(1008, 62, NULL),
(1009, 117, NULL),
(1010, 83, NULL),
(1011, 29, NULL),
(1011, 25, NULL),
(1012, 102, NULL),
(1012, 106, NULL),
(1012, 115, NULL),
(1013, 93, NULL),
(1017, 30, NULL),
(1017, 26, NULL),
(1020, 118, NULL),
(1022, 6, NULL),
(1024, 117, NULL),
(1026, 12, NULL),
(1027, 29, NULL),
(1027, 25, NULL),
(1027, 28, NULL),
(1029, 113, NULL),
(1029, 102, NULL),
(1029, 115, NULL),
(1030, 48, 3),
(1030, 50, 2),
(1032, 11, NULL),
(1032, 13, NULL),
(1032, 15, NULL),
(1033, 11, NULL),
(1033, 13, NULL),
(1033, 15, NULL),
(1034, 14, NULL),
(1036, 96, NULL),
(1039, 95, NULL),
(1041, 57, NULL),
(1043, 12, 3),
(1043, 14, NULL),
(1044, 116, NULL),
(1044, 4, NULL),
(1046, 57, NULL),
(1047, 15, NULL),
(1047, 91, NULL),
(1048, 97, NULL),
(1049, 21, NULL),
(1050, 92, NULL),
(1054, 7, NULL),
(1055, 1, NULL),
(1055, 5, 3),
(1056, 118, NULL),
(1058, 95, NULL),
(1060, 118, NULL),
(1061, 103, NULL),
(1061, 114, NULL),
(1064, 53, NULL),
(1065, 72, NULL),
(1066, 63, NULL),
(1068, 97, NULL),
(1069, 55, NULL),
(1070, 53, NULL),
(1071, 30, NULL),
(1071, 27, NULL),
(1072, 29, NULL),
(1072, 25, NULL),
(1073, 29, NULL),
(1073, 28, NULL),
(1074, 11, NULL),
(1074, 13, NULL),
(1075, 69, NULL),
(1076, 109, NULL),
(1077, 109, NULL),
(1078, 82, NULL),
(1079, 79, NULL),
(1080, 4, NULL),
(1081, 83, NULL),
(1082, 11, NULL),
(1082, 13, NULL),
(1082, 15, NULL),
(1085, 83, NULL),
(1086, 56, NULL),
(1087, 55, NULL),
(1088, 59, NULL),
(1089, 12, NULL),
(1089, 14, NULL),
(1092, 82, NULL),
(1094, 55, NULL),
(1095, 122, NULL),
(1096, 100, NULL),
(1096, 94, NULL),
(1098, 109, NULL),
(1098, 104, NULL),
(1101, 59, NULL),
(1102, 11, NULL),
(1102, 13, NULL),
(1102, 15, 3),
(1103, 30, NULL),
(1103, 27, NULL),
(1105, 89, NULL),
(1106, 12, NULL),
(1106, 14, NULL),
(1107, 29, NULL),
(1107, 28, NULL),
(1108, 11, NULL),
(1108, 13, NULL),
(1108, 15, NULL),
(1109, 117, NULL),
(1111, 98, 2),
(1112, 15, NULL),
(1112, 91, NULL),
(1113, 29, NULL),
(1113, 25, NULL),
(1113, 28, NULL),
(1114, 5, NULL),
(1116, 29, NULL),
(1116, 28, NULL),
(1118, 89, NULL),
(1121, 69, NULL),
(1122, 102, NULL),
(1122, 106, NULL),
(1122, 115, NULL),
(1123, 117, NULL),
(1124, 12, 2),
(1124, 14, 3),
(1125, 48, NULL),
(1125, 50, NULL),
(1126, 11, NULL),
(1126, 13, NULL),
(1127, 82, NULL),
(1133, 93, NULL),
(1137, 112, NULL),
(1137, 103, 2),
(1137, 107, 1),
(1137, 114, NULL),
(1138, 40, NULL),
(1139, 12, NULL),
(1140, 15, NULL),
(1140, 91, NULL),
(1142, 116, NULL),
(1142, 4, NULL),
(1143, 28, NULL),
(1144, 54, NULL),
(1145, 12, NULL),
(1145, 14, NULL),
(1146, 12, NULL),
(1152, 108, NULL),
(1152, 105, NULL),
(1153, 1, 1),
(1153, 5, NULL),
(1155, 82, NULL),
(1155, 86, NULL),
(1156, 47, NULL),
(1156, 49, NULL),
(1157, 95, NULL),
(1160, 82, NULL),
(1160, 86, NULL),
(1161, 28, NULL),
(1162, 98, NULL),
(1164, 27, NULL),
(1167, 48, NULL),
(1167, 50, NULL),
(1168, 117, NULL),
(1169, 62, NULL),
(1170, 79, NULL),
(1172, 30, NULL),
(1173, 79, 2),
(1174, 14, NULL),
(1177, 29, NULL),
(1177, 25, NULL),
(1178, 29, NULL),
(1178, 25, NULL),
(1180, 29, NULL),
(1180, 25, NULL),
(1181, 29, NULL),
(1181, 25, NULL),
(1182, 40, 2),
(1183, 28, NULL),
(1186, 41, NULL),
(1191, 21, NULL),
(1192, 83, NULL),
(1195, 118, NULL),
(1197, 71, NULL),
(1199, 108, NULL),
(1199, 105, NULL),
(1201, 29, NULL),
(1201, 28, NULL),
(1202, 30, NULL),
(1202, 27, NULL),
(1204, 57, NULL),
(1205, 83, NULL),
(1206, 82, NULL),
(1207, 12, NULL),
(1207, 14, NULL),
(1208, 29, NULL),
(1208, 25, NULL),
(1208, 28, NULL),
(1209, 45, NULL),
(1209, 51, NULL),
(1210, 69, NULL),
(1211, 41, NULL),
(1212, 117, NULL),
(1213, 48, NULL),
(1213, 50, NULL),
(1215, 59, NULL),
(1216, 92, 1),
(1217, 11, NULL),
(1217, 13, NULL),
(1217, 15, NULL),
(1219, 29, 1),
(1219, 25, 1),
(1221, 100, NULL),
(1221, 94, NULL),
(1224, 117, NULL),
(1225, 6, NULL),
(1227, 47, 2),
(1227, 49, 2),
(1232, 11, NULL),
(1232, 13, NULL),
(1234, 79, NULL),
(1239, 30, NULL),
(1243, 56, NULL),
(1244, 120, NULL),
(1245, 102, NULL),
(1245, 106, NULL),
(1245, 115, NULL),
(1246, 25, NULL),
(1246, 28, NULL),
(1247, 30, NULL),
(1248, 30, NULL),
(1248, 26, NULL),
(1248, 27, NULL),
(1249, 117, NULL),
(1250, 71, NULL),
(1251, 55, NULL),
(1252, 117, NULL),
(1254, 96, NULL),
(1255, 75, NULL),
(1255, 72, NULL),
(1255, 73, NULL),
(1256, 96, 2),
(1257, 59, NULL),
(1258, 98, NULL),
(1259, 71, NULL),
(1260, 118, NULL),
(1262, 40, NULL),
(1264, 79, NULL),
(1265, 108, NULL),
(1266, 105, NULL),
(1266, 112, NULL),
(1267, 109, NULL),
(1267, 104, NULL),
(1269, 92, 2),
(1273, 21, NULL),
(1274, 15, NULL),
(1274, 91, 2),
(1275, 15, NULL),
(1275, 91, 1),
(1276, 63, NULL),
(1277, 117, NULL),
(1278, 48, 2),
(1278, 50, 1),
(1280, 11, NULL),
(1280, 13, NULL),
(1280, 15, NULL),
(1281, 59, NULL),
(1283, 12, NULL),
(1283, 14, 1),
(1284, 15, NULL),
(1284, 91, NULL),
(1285, 88, NULL),
(1287, 6, NULL),
(1289, 30, 1),
(1289, 26, 1),
(1289, 27, 1),
(1290, 54, NULL),
(1292, 30, NULL),
(1292, 26, NULL),
(1293, 108, NULL),
(1293, 105, NULL),
(1293, 112, NULL),
(1294, 12, NULL),
(1294, 14, NULL),
(1295, 120, NULL),
(1296, 88, NULL),
(1297, 15, NULL),
(1297, 91, NULL),
(1300, 57, NULL),
(1302, 118, NULL),
(1306, 12, NULL),
(1306, 14, NULL),
(1308, 83, NULL),
(1309, 57, NULL),
(1310, 63, NULL),
(1311, 95, NULL),
(1312, 12, NULL),
(1312, 14, NULL),
(1315, 47, NULL),
(1315, 49, NULL),
(1316, 45, NULL),
(1316, 51, NULL),
(1317, 63, NULL),
(1318, 62, NULL),
(1320, 46, NULL),
(1320, 52, NULL),
(1321, 109, 1),
(1321, 104, 2),
(1321, 113, NULL),
(1322, 117, NULL),
(1323, 117, NULL),
(1325, 48, NULL),
(1325, 50, NULL),
(1326, 29, NULL),
(1326, 28, NULL),
(1327, 82, NULL),
(1328, 45, NULL),
(1329, 53, NULL),
(1330, 112, NULL),
(1330, 103, NULL),
(1331, 69, NULL),
(1332, 30, NULL),
(1332, 26, NULL),
(1333, 108, NULL),
(1333, 105, NULL),
(1335, 82, NULL),
(1336, 30, NULL),
(1336, 26, NULL),
(1336, 27, NULL),
(1338, 102, NULL),
(1339, 108, NULL),
(1340, 92, NULL),
(1341, 117, NULL),
(1343, 69, NULL),
(1346, 93, NULL),
(1347, 55, NULL),
(1348, 45, NULL),
(1348, 51, NULL),
(1349, 83, NULL),
(1350, 117, NULL),
(1351, 82, NULL),
(1355, 12, NULL),
(1355, 14, NULL),
(1356, 53, NULL),
(1357, 83, NULL),
(1358, 29, NULL),
(1359, 29, NULL),
(1359, 28, NULL),
(1360, 6, NULL),
(1362, 92, NULL),
(1365, 54, NULL),
(1366, 11, NULL),
(1366, 13, NULL),
(1366, 15, NULL),
(1368, 29, NULL),
(1368, 28, NULL),
(1369, 116, NULL),
(1369, 4, NULL),
(1370, 117, NULL),
(1371, 117, NULL),
(1373, 93, NULL),
(1374, 48, NULL),
(1374, 50, NULL),
(1375, 55, NULL),
(1376, 45, NULL),
(1376, 51, NULL),
(1377, 72, NULL),
(1377, 73, 3),
(1378, 5, NULL),
(1379, 71, NULL),
(1380, 69, NULL),
(1382, 96, NULL),
(1383, 92, NULL),
(1384, 12, NULL),
(1384, 14, NULL),
(1386, 53, NULL),
(1388, 11, NULL),
(1388, 13, NULL),
(1390, 40, NULL),
(1394, 41, NULL),
(1396, 108, NULL),
(1397, 12, NULL),
(1397, 14, NULL),
(1398, 55, NULL),
(1399, 82, NULL),
(1400, 92, NULL),
(1401, 72, NULL),
(1401, 73, NULL),
(1403, 83, NULL),
(1404, 1, NULL),
(1404, 5, NULL),
(1405, 117, NULL),
(1407, 54, NULL),
(1408, 29, NULL),
(1409, 11, 3),
(1409, 13, 3),
(1409, 15, 2),
(1410, 47, 3),
(1410, 49, NULL),
(1412, 117, NULL),
(1413, 117, NULL),
(1416, 46, NULL),
(1416, 52, NULL),
(1417, 109, NULL),
(1417, 104, NULL),
(1418, 119, NULL),
(1419, 109, NULL),
(1419, 104, NULL),
(1419, 113, NULL),
(1420, 95, NULL),
(1422, 117, NULL),
(1423, 69, 2),
(1424, 12, NULL),
(1424, 14, NULL),
(1427, 63, 1),
(1428, 11, NULL),
(1428, 13, NULL),
(1429, 83, NULL),
(1431, 75, NULL),
(1432, 30, NULL),
(1432, 26, NULL),
(1433, 117, NULL),
(1434, 30, NULL),
(1434, 26, NULL),
(1445, 98, NULL),
(1446, 98, NULL),
(1449, 98, NULL),
(1450, 30, NULL),
(1452, 29, NULL),
(1452, 25, NULL),
(1452, 28, NULL),
(1455, 41, NULL),
(1457, 98, NULL),
(1458, 30, NULL),
(1458, 26, NULL),
(1458, 27, NULL),
(1460, 118, NULL),
(1461, 109, NULL),
(1461, 104, NULL),
(1462, 96, NULL),
(1463, 92, NULL),
(1464, 56, NULL),
(1465, 71, NULL),
(1466, 59, NULL),
(1467, 117, NULL),
(1468, 48, NULL),
(1468, 50, NULL),
(1470, 109, 2),
(1470, 104, 1),
(1471, 118, NULL),
(1472, 56, NULL),
(1473, 11, NULL),
(1473, 13, NULL),
(1473, 15, NULL),
(1475, 112, NULL),
(1476, 116, NULL),
(1476, 4, NULL),
(1478, 12, NULL),
(1478, 14, NULL),
(1479, 12, NULL),
(1479, 14, NULL),
(1480, 47, 1),
(1480, 49, 3),
(1482, 11, NULL),
(1483, 71, NULL),
(1483, 74, NULL),
(1484, 71, NULL),
(1486, 41, NULL),
(1488, 59, 2),
(1489, 113, NULL),
(1489, 102, NULL),
(1489, 115, NULL),
(1490, 30, NULL),
(1490, 26, NULL),
(1490, 27, NULL),
(1491, 47, NULL),
(1491, 49, NULL),
(1492, 55, 3),
(1493, 112, NULL),
(1493, 114, NULL),
(1495, 54, NULL),
(1496, 40, NULL),
(1498, 108, NULL),
(1498, 105, NULL),
(1499, 118, NULL),
(1500, 12, NULL),
(1501, 29, NULL),
(1501, 25, NULL),
(1501, 28, NULL),
(1502, 1, NULL),
(1502, 5, NULL),
(1503, 12, NULL),
(1503, 14, NULL),
(1504, 30, NULL),
(1504, 27, NULL),
(1505, 88, NULL),
(1507, 108, NULL),
(1507, 105, NULL),
(1509, 55, NULL),
(1511, 115, NULL),
(1512, 79, NULL),
(1513, 21, NULL),
(1515, 72, NULL),
(1515, 73, NULL),
(1519, 83, NULL),
(1520, 47, NULL),
(1520, 49, NULL),
(1521, 118, NULL),
(1523, 30, NULL),
(1523, 26, NULL),
(1523, 27, NULL),
(1524, 40, NULL),
(1525, 41, 1),
(1526, 112, NULL),
(1526, 103, NULL),
(1526, 114, NULL),
(1527, 96, NULL),
(1528, 45, NULL),
(1528, 51, NULL),
(1529, 82, NULL),
(1530, 72, NULL),
(1530, 73, NULL),
(1531, 6, NULL),
(1533, 59, NULL),
(1535, 117, NULL),
(1536, 108, NULL),
(1536, 105, NULL),
(1539, 93, NULL),
(1540, 63, NULL),
(1543, 88, NULL),
(1544, 96, NULL),
(1545, 117, NULL),
(1546, 113, NULL),
(1546, 102, 1),
(1546, 106, 1),
(1546, 115, NULL),
(1547, 120, NULL),
(1548, 56, NULL),
(1549, 69, NULL),
(1551, 103, 3),
(1551, 107, NULL),
(1551, 114, NULL),
(1552, 21, NULL),
(1553, 103, NULL),
(1553, 107, NULL),
(1553, 114, NULL),
(1554, 113, NULL),
(1554, 102, NULL),
(1554, 106, NULL),
(1554, 115, NULL),
(1555, 21, NULL),
(1556, 30, NULL),
(1556, 26, NULL),
(1557, 11, NULL),
(1557, 13, NULL),
(1557, 15, NULL),
(1558, 30, NULL),
(1560, 47, NULL),
(1560, 49, NULL),
(1562, 30, NULL),
(1564, 57, NULL),
(1567, 56, NULL),
(1569, 62, NULL),
(1572, 56, 3),
(1573, 120, NULL),
(1574, 29, NULL),
(1574, 25, NULL),
(1574, 28, NULL),
(1575, 93, 1),
(1577, 117, NULL),
(1578, 11, NULL),
(1578, 13, NULL),
(1579, 108, NULL),
(1579, 105, NULL),
(1580, 12, NULL),
(1580, 14, NULL),
(1581, 56, NULL),
(1582, 54, 1),
(1583, 79, NULL),
(1584, 117, NULL),
(1587, 12, NULL),
(1587, 14, NULL),
(1589, 11, NULL),
(1589, 13, NULL),
(1590, 30, NULL),
(1590, 27, NULL),
(1591, 69, NULL),
(1592, 103, NULL),
(1592, 107, NULL),
(1594, 47, NULL),
(1594, 49, NULL),
(1595, 40, 1),
(1596, 71, NULL),
(1598, 30, NULL),
(1598, 26, NULL),
(1598, 27, NULL),
(1599, 82, NULL),
(1599, 86, NULL),
(1601, 113, 3),
(1601, 102, 3),
(1601, 115, NULL),
(1602, 103, NULL),
(1602, 114, NULL),
(1605, 97, NULL),
(1606, 29, NULL),
(1608, 63, NULL),
(1609, 11, NULL),
(1609, 13, NULL),
(1609, 15, NULL),
(1610, 104, NULL),
(1610, 115, 3),
(1613, 92, NULL),
(1615, 117, NULL),
(1616, 29, NULL),
(1616, 28, NULL),
(1617, 12, NULL),
(1619, 92, NULL),
(1622, 56, NULL),
(1624, 117, NULL),
(1626, 40, NULL),
(1629, 15, NULL),
(1629, 91, NULL),
(1630, 29, NULL),
(1632, 83, NULL),
(1633, 82, 3),
(1635, 92, NULL),
(1636, 96, NULL),
(1639, 30, NULL),
(1639, 26, NULL),
(1639, 27, NULL),
(1641, 28, NULL),
(1642, 118, NULL),
(1644, 56, NULL),
(1646, 15, NULL),
(1646, 91, NULL),
(1648, 82, NULL),
(1650, 82, NULL),
(1650, 86, NULL),
(1652, 15, NULL),
(1652, 91, NULL),
(1653, 69, NULL),
(1655, 114, NULL),
(1656, 29, NULL),
(1656, 28, NULL),
(1657, 59, NULL),
(1658, 28, NULL),
(1659, 12, NULL),
(1659, 14, NULL),
(1659, 16, NULL),
(1661, 6, 3),
(1663, 29, NULL),
(1663, 28, NULL),
(1664, 98, NULL),
(1665, 56, NULL),
(1666, 12, NULL),
(1666, 14, NULL),
(1667, 15, NULL),
(1667, 91, NULL),
(1669, 53, NULL),
(1670, 12, NULL),
(1670, 14, NULL),
(1675, 120, NULL),
(1676, 21, 1),
(1677, 12, NULL),
(1679, 108, NULL),
(1679, 105, NULL),
(1682, 14, 2),
(1684, 48, NULL),
(1684, 50, NULL),
(1685, 117, NULL),
(1686, 30, NULL),
(1686, 26, NULL),
(1687, 93, NULL),
(1690, 41, NULL),
(1691, 13, NULL),
(1691, 15, NULL),
(1692, 108, NULL),
(1692, 105, NULL),
(1693, 29, NULL),
(1693, 25, NULL),
(1694, 83, NULL),
(1694, 85, NULL),
(1695, 15, NULL),
(1695, 91, NULL),
(1697, 30, NULL),
(1697, 27, NULL),
(1698, 92, NULL),
(1699, 117, NULL),
(1700, 12, NULL),
(1700, 14, NULL),
(1701, 1, NULL),
(1701, 5, 2),
(1703, 11, NULL),
(1703, 13, NULL),
(1703, 15, NULL),
(1707, 40, NULL),
(1710, 72, NULL),
(1711, 83, NULL),
(1713, 57, NULL),
(1714, 57, NULL),
(1715, 54, NULL),
(1716, 30, NULL),
(1716, 27, NULL),
(1717, 30, NULL),
(1717, 26, NULL),
(1718, 26, NULL),
(1720, 4, NULL),
(1721, 95, NULL),
(1722, 51, NULL),
(1723, 27, NULL),
(1724, 97, 3),
(1725, 93, NULL),
(1728, 117, NULL),
(1729, 102, NULL),
(1729, 115, NULL),
(1730, 7, NULL),
(1731, 116, NULL),
(1731, 4, NULL),
(1732, 117, NULL),
(1733, 28, NULL),
(1734, 56, NULL),
(1735, 72, NULL),
(1736, 21, NULL),
(1737, 118, NULL),
(1738, 1, NULL),
(1739, 100, NULL),
(1739, 94, NULL),
(1742, 108, NULL),
(1742, 105, NULL),
(1744, 104, NULL),
(1744, 113, NULL),
(1744, 102, NULL),
(1744, 106, NULL),
(1747, 116, NULL),
(1747, 4, NULL),
(1748, 12, NULL),
(1748, 14, NULL),
(1750, 30, NULL),
(1750, 27, NULL),
(1752, 12, NULL),
(1752, 14, NULL),
(1755, 48, NULL),
(1755, 50, NULL),
(1756, 29, NULL),
(1756, 28, NULL),
(1760, 82, NULL),
(1761, 11, NULL),
(1761, 13, NULL),
(1761, 15, NULL),
(1763, 63, 2),
(1765, 69, NULL),
(1766, 45, NULL),
(1766, 51, NULL),
(1767, 54, NULL),
(1772, 89, NULL),
(1773, 100, 3),
(1773, 94, 1),
(1774, 30, NULL),
(1774, 26, NULL),
(1774, 27, NULL),
(1776, 48, NULL),
(1776, 50, NULL),
(1778, 30, NULL),
(1778, 26, NULL),
(1780, 1, NULL),
(1780, 5, NULL),
(1781, 116, NULL),
(1782, 113, NULL),
(1782, 102, NULL),
(1782, 106, NULL),
(1782, 115, NULL),
(1783, 29, NULL),
(1783, 25, NULL),
(1783, 28, NULL),
(1784, 27, NULL),
(1787, 29, NULL),
(1787, 25, NULL),
(1788, 46, NULL),
(1788, 52, NULL),
(1790, 108, NULL),
(1790, 105, NULL),
(1790, 112, NULL),
(1791, 109, NULL),
(1791, 104, NULL),
(1792, 46, NULL),
(1792, 52, NULL),
(1795, 104, NULL),
(1795, 113, NULL),
(1795, 102, NULL),
(1795, 115, NULL),
(1796, 26, NULL),
(1796, 27, NULL),
(1797, 108, NULL),
(1797, 105, NULL),
(1798, 97, NULL),
(1801, 15, NULL),
(1802, 118, NULL),
(1803, 30, NULL),
(1803, 26, NULL),
(1805, 75, NULL),
(1805, 72, NULL),
(1805, 73, NULL),
(1806, 55, NULL),
(1807, 30, NULL),
(1807, 27, NULL),
(1808, 54, 3),
(1813, 41, 3),
(1814, 83, NULL),
(1815, 54, NULL),
(1816, 47, NULL),
(1816, 49, NULL),
(1817, 71, NULL),
(1818, 40, NULL),
(1819, 11, NULL),
(1819, 13, NULL),
(1819, 15, NULL),
(1820, 117, NULL),
(1825, 29, NULL),
(1825, 28, NULL),
(1827, 116, NULL),
(1827, 6, NULL),
(1827, 4, NULL),
(1828, 1, NULL),
(1828, 5, NULL),
(1829, 12, NULL),
(1830, 11, NULL),
(1830, 13, NULL),
(1834, 118, NULL),
(1835, 29, NULL),
(1835, 25, NULL),
(1835, 28, NULL),
(1838, 118, NULL),
(1841, 21, NULL),
(1846, 72, NULL),
(1847, 95, NULL),
(1848, 83, 3),
(1849, 72, NULL),
(1850, 29, NULL),
(1850, 25, NULL),
(1850, 28, NULL),
(1851, 105, 3),
(1851, 112, 1),
(1851, 114, NULL),
(1852, 63, NULL),
(1853, 97, NULL),
(1854, 48, NULL),
(1854, 50, NULL),
(1855, 26, NULL),
(1856, 29, NULL),
(1856, 25, NULL),
(1857, 29, NULL),
(1857, 25, NULL),
(1859, 113, NULL),
(1859, 115, NULL),
(1861, 95, NULL),
(1862, 72, NULL),
(1864, 21, 2),
(1866, 108, NULL),
(1866, 105, NULL),
(1866, 112, NULL),
(1867, 29, NULL),
(1867, 25, NULL),
(1867, 28, NULL),
(1868, 40, NULL),
(1869, 46, NULL),
(1869, 52, NULL),
(1870, 100, NULL),
(1870, 94, NULL),
(1873, 30, NULL),
(1873, 26, NULL),
(1874, 30, NULL),
(1874, 26, NULL),
(1874, 27, NULL),
(1875, 55, NULL),
(1876, 1, NULL),
(1876, 5, NULL),
(1877, 92, NULL),
(1878, 105, NULL),
(1878, 112, 3),
(1882, 30, NULL),
(1882, 26, 3),
(1888, 7, NULL),
(1891, 92, NULL),
(1893, 116, NULL),
(1893, 6, 2),
(1893, 4, 3),
(1894, 108, NULL),
(1894, 105, NULL),
(1894, 112, NULL),
(1894, 103, NULL),
(1894, 114, NULL),
(1895, 12, NULL),
(1895, 14, NULL),
(1896, 12, NULL),
(1896, 14, NULL),
(1897, 117, NULL),
(1899, 54, NULL),
(1900, 69, NULL),
(1901, 69, 1),
(1902, 27, 2),
(1903, 15, NULL),
(1903, 91, NULL),
(1905, 25, NULL),
(1905, 28, NULL),
(1906, 55, NULL),
(1909, 45, 3),
(1909, 51, 1),
(1911, 62, NULL),
(1912, 74, NULL),
(1915, 117, NULL),
(1916, 96, 3),
(1918, 117, NULL),
(1919, 30, NULL),
(1919, 26, NULL),
(1920, 116, NULL),
(1920, 6, NULL),
(1920, 4, NULL),
(1921, 82, NULL),
(1922, 119, NULL),
(1923, 1, NULL),
(1923, 5, NULL),
(1925, 117, NULL),
(1926, 109, NULL),
(1926, 104, NULL),
(1926, 113, NULL),
(1928, 95, NULL),
(1930, 117, NULL),
(1932, 48, NULL),
(1932, 50, NULL),
(1933, 25, NULL),
(1934, 82, NULL),
(1934, 86, NULL),
(1936, 89, NULL),
(1937, 83, NULL),
(1938, 97, NULL),
(1940, 117, NULL),
(1941, 12, NULL),
(1941, 14, NULL),
(1943, 95, NULL),
(1944, 116, 3),
(1944, 4, NULL),
(1945, 113, NULL),
(1945, 115, NULL),
(1946, 117, NULL),
(1947, 29, NULL),
(1947, 25, NULL),
(1948, 120, NULL),
(1949, 83, NULL),
(1949, 85, NULL),
(1950, 47, NULL),
(1950, 49, NULL),
(1951, 120, NULL),
(1954, 98, NULL),
(1955, 57, NULL),
(1957, 92, NULL),
(1958, 93, 2),
(1959, 53, NULL),
(1960, 12, NULL),
(1960, 14, NULL),
(1960, 16, NULL),
(1964, 117, NULL),
(1965, 100, NULL),
(1965, 94, NULL),
(1967, 26, NULL),
(1967, 27, NULL),
(1968, 12, NULL),
(1968, 14, NULL),
(1969, 48, NULL),
(1969, 50, NULL),
(1970, 30, NULL),
(1970, 26, NULL),
(1970, 27, NULL),
(1971, 100, NULL),
(1971, 94, NULL),
(1972, 97, NULL),
(1974, 109, NULL),
(1974, 104, NULL),
(1975, 100, NULL),
(1975, 94, NULL),
(1977, 11, 2),
(1977, 13, NULL),
(1977, 15, NULL),
(1978, 29, NULL),
(1978, 25, NULL),
(1979, 118, NULL),
(1980, 30, NULL),
(1980, 26, NULL),
(1980, 27, NULL),
(1988, 117, NULL),
(1990, 41, NULL),
(1991, 41, NULL),
(1993, 103, NULL),
(1993, 114, NULL),
(1996, 116, NULL),
(1996, 4, NULL),
(1997, 93, NULL),
(1998, 54, NULL),
(2002, 118, NULL),
(2003, 95, NULL),
(2004, 11, NULL),
(2004, 13, NULL),
(2004, 15, NULL),
(2006, 29, NULL),
(2006, 25, NULL),
(2006, 28, NULL),
(2009, 72, NULL),
(2010, 7, NULL),
(2012, 117, NULL),
(2013, 41, NULL),
(2014, 1, NULL),
(2014, 5, NULL),
(2015, 6, NULL),
(2018, 69, NULL),
(2020, 118, NULL),
(2021, 11, NULL),
(2021, 13, NULL),
(2021, 15, NULL),
(2022, 1, NULL),
(2022, 5, NULL),
(2023, 11, NULL),
(2023, 13, NULL),
(2023, 15, NULL),
(2026, 46, NULL),
(2026, 52, NULL),
(2028, 117, NULL),
(2029, 1, NULL),
(2029, 5, NULL),
(2031, 100, NULL),
(2031, 94, NULL),
(2033, 11, NULL),
(2033, 13, NULL),
(2033, 15, 1),
(2034, 29, NULL),
(2034, 28, NULL),
(2035, 117, NULL),
(2036, 117, NULL),
(2037, 71, NULL),
(2038, 53, NULL),
(2039, 100, NULL),
(2039, 94, NULL),
(2040, 30, NULL),
(2040, 26, NULL),
(2041, 72, NULL),
(2045, 71, NULL),
(2045, 74, NULL),
(2049, 12, NULL),
(2049, 14, NULL),
(2049, 16, NULL),
(2050, 83, NULL),
(2051, 82, 2),
(2052, 75, NULL),
(2054, 55, NULL),
(2055, 62, NULL),
(2056, 92, NULL),
(2057, 117, NULL),
(2058, 29, NULL),
(2058, 25, NULL),
(2058, 28, NULL),
(2059, 1, NULL),
(2059, 5, NULL),
(2060, 27, NULL),
(2061, 30, NULL),
(2061, 27, NULL),
(2062, 29, NULL),
(2062, 28, NULL),
(2064, 117, NULL),
(2065, 7, NULL),
(2065, 9, NULL),
(2066, 55, NULL),
(2070, 6, NULL),
(2070, 4, NULL),
(2071, 1, NULL),
(2071, 5, NULL),
(2072, 46, NULL),
(2072, 52, NULL),
(2073, 55, NULL),
(2074, 83, 1),
(2074, 85, NULL),
(2077, 12, NULL),
(2077, 14, NULL),
(2078, 69, NULL),
(2079, 46, NULL),
(2079, 52, NULL),
(2080, 47, NULL),
(2080, 49, NULL),
(2086, 7, NULL),
(2087, 11, NULL),
(2087, 13, NULL),
(2087, 15, NULL),
(2089, 82, NULL),
(2090, 62, NULL),
(2091, 89, NULL),
(2094, 116, NULL),
(2096, 54, NULL),
(2100, 57, NULL),
(2102, 95, NULL),
(2103, 12, NULL),
(2103, 14, NULL),
(2105, 82, NULL),
(2105, 86, NULL),
(2106, 29, NULL),
(2106, 28, NULL),
(2108, 100, NULL),
(2108, 94, NULL),
(2109, 12, NULL),
(2109, 14, NULL),
(2110, 98, NULL),
(2112, 57, NULL),
(2113, 118, NULL),
(2114, 63, NULL),
(2115, 12, NULL),
(2115, 14, NULL),
(2116, 120, NULL),
(2117, 41, NULL),
(2119, 69, NULL),
(2120, 69, NULL),
(2122, 46, NULL),
(2122, 52, NULL),
(2124, 29, NULL),
(2124, 28, NULL),
(2126, 29, NULL),
(2127, 120, NULL),
(2128, 56, NULL),
(2130, 7, NULL),
(2132, 27, NULL),
(2133, 120, NULL),
(2136, 93, NULL),
(2137, 113, 1),
(2138, 72, 3),
(2139, 15, NULL),
(2139, 91, NULL),
(2143, 117, NULL),
(2144, 40, 3),
(2145, 12, NULL),
(2146, 62, NULL),
(2148, 5, NULL),
(2150, 46, NULL),
(2150, 52, NULL),
(2151, 117, NULL),
(2152, 117, NULL),
(2153, 116, NULL),
(2153, 4, NULL),
(2155, 15, NULL),
(2155, 91, NULL),
(2157, 13, NULL),
(2157, 15, NULL),
(2158, 95, NULL),
(2159, 108, NULL),
(2160, 104, NULL),
(2160, 113, NULL),
(2160, 102, NULL),
(2160, 115, NULL),
(2161, 55, 2),
(2162, 12, NULL),
(2162, 14, NULL),
(2163, 72, NULL),
(2163, 73, NULL),
(2164, 57, NULL),
(2167, 29, NULL),
(2167, 25, NULL),
(2169, 108, NULL),
(2169, 105, NULL),
(2170, 11, NULL),
(2170, 13, NULL),
(2170, 15, NULL),
(2174, 46, 1),
(2174, 52, NULL),
(2175, 30, NULL),
(2175, 26, NULL),
(2177, 29, NULL),
(2177, 28, NULL),
(2178, 117, NULL),
(2179, 28, NULL),
(2180, 69, NULL),
(2181, 29, NULL),
(2181, 25, NULL),
(2182, 28, NULL),
(2183, 113, NULL),
(2183, 102, NULL),
(2183, 106, NULL),
(2184, 12, NULL),
(2184, 14, NULL),
(2186, 100, 2),
(2186, 94, 2),
(2187, 41, NULL),
(2188, 41, 2),
(2190, 117, NULL),
(2191, 117, NULL),
(2195, 46, NULL),
(2195, 52, NULL),
(2196, 41, NULL),
(2197, 40, NULL),
(2198, 109, NULL),
(2199, 11, NULL),
(2199, 13, NULL),
(2199, 15, NULL),
(2201, 117, NULL),
(2203, 71, NULL),
(2203, 74, NULL),
(2204, 30, NULL),
(2204, 27, NULL),
(2207, 71, 3),
(2207, 74, 2),
(2208, 6, NULL),
(2209, 118, NULL),
(2211, 112, NULL),
(2211, 103, NULL),
(2211, 114, NULL),
(2212, 104, NULL),
(2212, 113, NULL),
(2212, 102, NULL),
(2212, 115, NULL),
(2214, 40, 2),
(2215, 25, NULL),
(2215, 28, NULL),
(2216, 30, NULL),
(2216, 27, NULL),
(2217, 30, NULL),
(2217, 26, NULL),
(2217, 27, NULL),
(2218, 41, NULL),
(2219, 30, NULL),
(2219, 26, NULL),
(2219, 27, NULL),
(2220, 30, NULL),
(2221, 117, NULL),
(2222, 29, NULL),
(2222, 28, NULL),
(2224, 117, NULL),
(2228, 96, NULL),
(2232, 117, NULL),
(2233, 93, NULL),
(2234, 27, NULL),
(2235, 98, NULL),
(2236, 29, NULL),
(2236, 28, NULL),
(2238, 116, NULL),
(2240, 41, NULL),
(2241, 41, NULL),
(2242, 46, NULL),
(2242, 52, NULL),
(2243, 5, NULL),
(2244, 115, NULL),
(2246, 6, NULL),
(2247, 69, NULL),
(2248, 82, NULL),
(2248, 86, NULL),
(2250, 54, NULL),
(2251, 57, NULL),
(2252, 29, NULL),
(2252, 28, NULL),
(2253, 1, NULL),
(2253, 5, NULL),
(2255, 97, NULL),
(2257, 113, NULL),
(2258, 11, NULL),
(2258, 13, NULL),
(2258, 15, NULL),
(2259, 27, NULL),
(2260, 25, NULL),
(2262, 62, NULL),
(2265, 30, NULL),
(2265, 26, NULL),
(2265, 27, NULL),
(2271, 62, NULL),
(2272, 6, NULL),
(2272, 4, NULL),
(2274, 1, NULL),
(2274, 5, NULL),
(2275, 47, NULL),
(2275, 49, NULL),
(2276, 53, 2),
(2280, 116, NULL),
(2280, 4, NULL),
(2281, 4, NULL),
(2283, 116, NULL),
(2283, 4, NULL),
(2285, 40, NULL),
(2286, 4, NULL),
(2287, 30, NULL),
(2287, 27, NULL),
(2289, 115, NULL),
(2290, 112, NULL),
(2290, 107, 2),
(2292, 41, NULL),
(2295, 11, NULL),
(2295, 13, NULL),
(2295, 15, NULL),
(2300, 82, NULL),
(2300, 86, NULL),
(2302, 82, NULL),
(2302, 86, NULL),
(2303, 40, 1),
(2304, 117, NULL),
(2305, 29, NULL),
(2305, 25, NULL),
(2305, 28, NULL),
(2306, 11, NULL),
(2306, 13, NULL),
(2306, 15, NULL),
(2307, 53, 3),
(2308, 59, NULL),
(2310, 56, NULL),
(2311, 1, NULL),
(2311, 5, NULL),
(2312, 116, NULL),
(2312, 4, NULL),
(2314, 92, NULL),
(2315, 7, NULL),
(2319, 48, NULL),
(2319, 50, NULL),
(2320, 96, NULL),
(2321, 72, NULL),
(2322, 41, NULL),
(2323, 108, NULL),
(2323, 105, NULL),
(2324, 117, NULL),
(2325, 29, NULL),
(2325, 25, NULL),
(2325, 28, NULL),
(2326, 69, NULL),
(2327, 40, NULL),
(2328, 88, NULL),
(2329, 12, NULL),
(2329, 14, NULL),
(2331, 82, NULL),
(2331, 86, NULL),
(2333, 97, NULL),
(2334, 71, NULL),
(2335, 75, NULL),
(2335, 72, NULL),
(2335, 73, NULL),
(2337, 117, NULL),
(2338, 11, NULL),
(2338, 13, NULL),
(2338, 15, NULL),
(2339, 109, NULL),
(2339, 104, NULL),
(2340, 56, 2),
(2340, 46, NULL),
(2340, 52, NULL),
(2341, 59, NULL),
(2343, 30, NULL),
(2343, 27, NULL),
(2344, 12, NULL),
(2345, 118, NULL),
(2347, 30, NULL),
(2347, 27, NULL),
(2350, 12, 1),
(2350, 14, NULL),
(2350, 16, NULL),
(2351, 29, NULL),
(2351, 25, NULL),
(2352, 11, NULL),
(2352, 13, NULL),
(2354, 117, NULL),
(2355, 46, NULL),
(2355, 52, NULL),
(2356, 120, NULL),
(2358, 30, NULL),
(2358, 27, NULL),
(2359, 29, NULL),
(2359, 25, NULL),
(2359, 28, NULL),
(2360, 28, NULL),
(2361, 69, NULL),
(2362, 5, NULL),
(2366, 11, NULL),
(2366, 13, NULL),
(2366, 15, NULL),
(2367, 12, NULL),
(2367, 14, NULL),
(2368, 29, NULL),
(2368, 25, NULL),
(2369, 117, NULL),
(2370, 62, NULL),
(2373, 109, NULL),
(2373, 104, NULL),
(2373, 113, NULL),
(2374, 88, NULL),
(2375, 54, 2),
(2376, 30, NULL),
(2377, 28, NULL),
(2380, 108, NULL),
(2380, 105, NULL),
(2380, 112, NULL),
(2381, 29, NULL),
(2381, 28, NULL),
(2382, 63, NULL),
(2384, 117, NULL),
(2386, 117, NULL),
(2387, 95, NULL),
(2389, 117, NULL),
(2391, 83, NULL),
(2392, 105, NULL),
(2392, 112, NULL),
(2396, 15, NULL),
(2396, 91, NULL),
(2397, 72, NULL),
(2397, 73, NULL),
(2400, 41, NULL),
(2401, 83, NULL),
(2406, 29, NULL),
(2406, 25, NULL),
(2408, 11, NULL),
(2408, 13, NULL),
(2408, 15, NULL),
(2409, 100, NULL),
(2409, 94, NULL),
(2410, 30, NULL),
(2410, 27, NULL),
(2412, 117, NULL),
(2413, 13, NULL),
(2413, 15, NULL),
(2415, 48, NULL),
(2415, 50, NULL),
(2416, 12, NULL),
(2418, 26, NULL),
(2420, 117, NULL),
(2421, 29, NULL),
(2421, 25, NULL),
(2421, 28, NULL),
(2422, 30, NULL),
(2422, 27, NULL),
(2423, 53, NULL),
(2424, 30, NULL),
(2424, 27, NULL),
(2427, 29, NULL),
(2427, 25, NULL),
(2428, 117, NULL),
(2429, 83, NULL),
(2431, 71, NULL),
(2431, 74, NULL),
(2432, 12, NULL),
(2433, 27, NULL),
(2435, 108, 1),
(2435, 105, 1),
(2435, 112, 2),
(2435, 114, NULL),
(2437, 108, NULL),
(2437, 105, NULL),
(2440, 112, NULL),
(2440, 103, NULL),
(2440, 114, NULL),
(2443, 82, NULL),
(2443, 86, NULL),
(2445, 13, NULL),
(2445, 15, NULL),
(2446, 12, NULL),
(2446, 14, NULL),
(2448, 82, 1),
(2449, 30, NULL),
(2449, 26, NULL),
(2449, 27, NULL),
(2450, 11, NULL),
(2450, 13, NULL),
(2450, 15, NULL),
(2451, 1, NULL),
(2451, 5, NULL),
(2454, 56, NULL),
(2456, 15, NULL),
(2456, 91, 3),
(2457, 57, NULL),
(2461, 55, NULL),
(2462, 56, NULL),
(2464, 72, 2),
(2464, 73, NULL),
(2465, 83, NULL),
(2467, 25, NULL),
(2467, 28, 2),
(2469, 95, NULL),
(2470, 62, NULL),
(2471, 1, NULL),
(2471, 5, NULL),
(2473, 100, NULL),
(2473, 94, NULL),
(2475, 28, 1),
(2476, 46, NULL),
(2476, 52, 3),
(2481, 117, NULL),
(2482, 103, NULL),
(2482, 107, NULL),
(2482, 114, NULL),
(2483, 29, NULL),
(2484, 71, NULL),
(2485, 117, NULL),
(2486, 46, NULL),
(2486, 52, NULL),
(2487, 116, NULL),
(2487, 4, NULL),
(2488, 117, NULL),
(2489, 51, 3),
(2490, 46, NULL),
(2490, 52, NULL),
(2493, 106, NULL),
(2494, 100, NULL),
(2494, 94, NULL),
(2496, 109, 3),
(2496, 104, 3),
(2496, 113, NULL),
(2497, 79, NULL),
(2498, 82, NULL),
(2498, 86, NULL),
(2499, 93, NULL),
(2500, 12, NULL),
(2500, 14, NULL),
(2501, 12, NULL),
(2501, 14, NULL),
(2502, 117, NULL),
(2503, 53, NULL),
(2504, 14, NULL),
(2504, 16, NULL),
(2505, 45, NULL),
(2505, 51, NULL),
(2507, 12, NULL),
(2509, 102, NULL),
(2509, 106, NULL),
(2509, 115, NULL),
(2514, 62, 1),
(2515, 30, NULL),
(2516, 117, NULL),
(2517, 117, NULL),
(2518, 57, NULL),
(2519, 57, NULL),
(2520, 97, NULL),
(2521, 69, NULL),
(2522, 98, NULL),
(2524, 117, NULL),
(2528, 97, NULL),
(2529, 53, NULL),
(2531, 112, NULL),
(2531, 114, NULL),
(2534, 45, NULL),
(2534, 51, NULL),
(2535, 59, NULL),
(2538, 54, NULL),
(2540, 107, NULL),
(2540, 114, 2),
(2543, 109, NULL),
(2543, 104, NULL),
(2547, 71, NULL),
(2548, 79, NULL),
(2550, 29, NULL),
(2551, 46, NULL),
(2551, 52, NULL),
(2554, 11, NULL),
(2554, 13, NULL),
(2554, 15, NULL),
(2555, 12, NULL),
(2555, 14, NULL),
(2558, 12, NULL),
(2558, 14, NULL),
(2561, 83, 2),
(2562, 57, 2),
(2563, 12, NULL),
(2563, 14, NULL),
(2564, 96, NULL),
(2565, 47, NULL),
(2565, 49, NULL),
(2566, 117, NULL),
(2567, 117, NULL),
(2568, 71, NULL),
(2569, 40, NULL),
(2570, 82, NULL),
(2571, 117, NULL),
(2572, 98, 1),
(2573, 82, NULL),
(2576, 117, NULL),
(2577, 12, NULL),
(2577, 14, NULL),
(2578, 72, NULL),
(2579, 103, NULL),
(2579, 107, NULL),
(2582, 97, NULL),
(2588, 45, NULL),
(2588, 51, NULL),
(2590, 83, NULL),
(2590, 85, NULL),
(2593, 83, NULL),
(2593, 85, NULL),
(2595, 117, NULL),
(2596, 7, NULL),
(2597, 29, NULL),
(2597, 25, NULL),
(2599, 6, NULL),
(2600, 62, NULL),
(2605, 29, NULL),
(2605, 28, NULL),
(2606, 30, NULL),
(2606, 27, NULL),
(2607, 82, NULL),
(2608, 69, NULL),
(2610, 95, NULL),
(2611, 11, NULL),
(2612, 89, NULL),
(2613, 82, NULL),
(2615, 11, NULL),
(2615, 13, NULL),
(2616, 45, NULL),
(2616, 51, NULL),
(2617, 12, NULL),
(2617, 14, NULL),
(2618, 117, NULL),
(2619, 83, NULL),
(2620, 30, NULL),
(2620, 27, NULL),
(2621, 48, NULL),
(2621, 50, NULL),
(2625, 15, NULL),
(2625, 91, NULL),
(2627, 93, NULL),
(2629, 27, NULL),
(2631, 109, NULL),
(2631, 104, NULL),
(2631, 115, NULL),
(2634, 117, NULL),
(2636, 41, NULL),
(2637, 11, NULL),
(2637, 13, NULL),
(2637, 15, NULL),
(2638, 40, NULL),
(2639, 83, NULL),
(2640, 95, NULL),
(2641, 71, NULL),
(2643, 29, NULL),
(2643, 25, NULL),
(2643, 28, NULL),
(2644, 71, NULL),
(2644, 74, NULL),
(2645, 71, 1),
(2645, 74, 1),
(2646, 88, NULL),
(2647, 117, NULL),
(2648, 118, NULL),
(2649, 30, NULL),
(2649, 26, NULL),
(2652, 79, NULL),
(2653, 6, NULL),
(2654, 15, NULL),
(2654, 91, NULL),
(2655, 11, NULL),
(2655, 13, NULL),
(2655, 15, NULL),
(2656, 48, NULL),
(2656, 50, NULL),
(2657, 48, NULL),
(2657, 50, NULL),
(2658, 30, NULL),
(2658, 26, NULL),
(2658, 27, NULL),
(2659, 109, NULL),
(2659, 104, NULL),
(2659, 115, NULL),
(2660, 30, NULL),
(2660, 27, NULL),
(2661, 27, 3),
(2664, 6, NULL),
(2665, 53, NULL),
(2666, 12, NULL),
(2666, 14, NULL),
(2666, 16, NULL),
(2668, 95, NULL),
(2670, 98, NULL),
(2671, 12, NULL),
(2671, 14, NULL),
(2671, 16, 1),
(2674, 12, NULL),
(2674, 14, NULL),
(2674, 16, NULL),
(2676, 82, NULL),
(2680, 21, NULL),
(2682, 12, NULL),
(2682, 14, NULL),
(2682, 16, NULL),
(2683, 12, NULL),
(2683, 14, NULL),
(2685, 1, NULL),
(2686, 117, NULL),
(2687, 105, NULL),
(2687, 112, NULL),
(2688, 69, NULL),
(2689, 117, NULL),
(2690, 27, NULL),
(2691, 69, NULL),
(2693, 82, NULL),
(2696, 48, NULL),
(2696, 50, NULL),
(2697, 89, NULL),
(2698, 21, NULL),
(2699, 48, NULL),
(2699, 50, NULL),
(2701, 109, NULL),
(2702, 62, NULL),
(2703, 27, NULL),
(2706, 55, 1),
(2707, 71, NULL),
(2708, 118, NULL),
(2711, 29, NULL),
(2711, 25, NULL),
(2711, 28, NULL),
(2713, 98, NULL),
(2715, 109, NULL),
(2716, 109, NULL),
(2717, 83, NULL),
(2718, 69, NULL),
(2719, 74, NULL),
(2722, 25, NULL),
(2722, 28, NULL),
(2723, 120, NULL),
(2724, 102, NULL),
(2724, 106, NULL),
(2725, 1, NULL),
(2725, 5, NULL),
(2726, 6, NULL),
(2727, 53, NULL),
(2728, 21, NULL),
(2732, 83, NULL),
(2732, 85, NULL),
(2733, 25, NULL),
(2735, 48, NULL),
(2735, 50, NULL),
(2736, 29, NULL),
(2736, 25, 3),
(2737, 82, NULL),
(2738, 114, NULL),
(2740, 108, NULL),
(2740, 105, NULL),
(2740, 112, NULL),
(2743, 55, NULL),
(2746, 82, NULL),
(2746, 86, NULL),
(2747, 79, 1),
(2750, 54, NULL),
(2751, 97, NULL),
(2752, 12, NULL),
(2752, 14, NULL),
(2752, 16, NULL),
(2753, 117, NULL),
(2754, 30, NULL),
(2754, 26, NULL),
(2755, 113, 2),
(2755, 102, 2),
(2755, 106, 3),
(2755, 115, NULL),
(2757, 1, NULL),
(2757, 5, NULL),
(2759, 53, NULL),
(2763, 57, NULL),
(2764, 97, NULL),
(2765, 47, NULL),
(2765, 49, NULL),
(2766, 118, NULL),
(2769, 59, NULL),
(2770, 92, NULL),
(2770, 95, NULL),
(2773, 109, NULL),
(2774, 45, NULL),
(2774, 51, NULL),
(2775, 26, NULL),
(2776, 97, NULL),
(2777, 48, 1),
(2777, 50, NULL),
(2781, 11, NULL),
(2781, 13, NULL),
(2781, 15, NULL),
(2782, 1, NULL),
(2783, 96, NULL),
(2784, 103, NULL),
(2784, 114, NULL),
(2785, 79, NULL),
(2786, 4, NULL),
(2788, 53, 1),
(2790, 108, NULL),
(2791, 53, NULL),
(2792, 69, NULL),
(2793, 105, NULL),
(2793, 112, NULL),
(2794, 109, NULL),
(2794, 104, NULL),
(2795, 98, 3),
(2796, 69, NULL),
(2798, 30, NULL),
(2798, 26, NULL),
(2799, 11, NULL),
(2799, 13, NULL),
(2800, 47, NULL),
(2800, 49, NULL),
(2801, 113, NULL),
(2801, 102, NULL),
(2801, 106, NULL),
(2801, 115, NULL),
(2802, 74, NULL),
(2803, 56, NULL),
(2804, 96, NULL),
(2805, 45, NULL),
(2805, 51, NULL),
(2806, 15, NULL),
(2806, 91, NULL),
(2807, 47, NULL),
(2807, 49, NULL),
(2808, 92, NULL),
(2809, 53, NULL),
(2811, 29, NULL),
(2811, 25, NULL),
(2811, 28, NULL),
(2812, 30, NULL),
(2812, 27, NULL),
(2813, 104, NULL),
(2813, 113, NULL),
(2814, 79, NULL),
(2815, 21, NULL),
(2816, 97, NULL),
(2817, 97, NULL),
(2819, 109, NULL),
(2819, 104, NULL),
(2821, 72, NULL),
(2822, 122, NULL),
(2824, 100, NULL),
(2824, 94, 3),
(2826, 47, NULL),
(2826, 49, NULL),
(2827, 6, NULL),
(2828, 116, NULL),
(2828, 4, NULL),
(2829, 11, NULL),
(2829, 13, NULL),
(2829, 15, NULL),
(2831, 83, NULL),
(2832, 92, 3),
(2833, 93, NULL),
(2834, 117, NULL),
(2836, 118, NULL),
(2839, 82, NULL),
(2839, 86, NULL),
(2841, 100, NULL),
(2841, 94, NULL),
(2842, 11, NULL),
(2842, 13, NULL),
(2843, 109, NULL),
(2843, 104, NULL),
(2843, 113, NULL),
(2844, 12, NULL),
(2844, 14, NULL),
(2846, 7, NULL),
(2847, 82, NULL),
(2847, 86, NULL),
(2848, 11, NULL),
(2848, 13, NULL),
(2849, 29, NULL),
(2849, 25, NULL),
(2850, 97, NULL),
(2852, 71, NULL),
(2852, 74, NULL),
(2854, 59, NULL),
(2855, 41, NULL),
(2856, 100, NULL),
(2856, 94, NULL),
(2857, 54, NULL),
(2858, 7, NULL),
(2859, 12, NULL),
(2862, 69, NULL),
(2863, 53, NULL),
(2864, 12, NULL),
(2864, 14, NULL),
(2870, 109, NULL),
(2870, 104, NULL),
(2872, 6, NULL),
(2873, 11, NULL),
(2873, 13, NULL),
(2873, 15, NULL),
(2874, 93, NULL),
(2875, 83, NULL),
(2876, 57, NULL),
(2877, 6, NULL),
(2878, 57, NULL),
(2879, 98, NULL),
(2880, 102, NULL),
(2880, 106, NULL),
(2881, 12, NULL),
(2881, 14, NULL),
(2883, 12, NULL),
(2884, 117, NULL),
(2885, 117, NULL),
(2886, 108, NULL),
(2886, 105, NULL),
(2888, 117, NULL),
(2889, 108, 2),
(2889, 105, 2),
(2890, 30, NULL),
(2890, 26, NULL),
(2891, 73, NULL),
(2893, 28, NULL),
(2895, 89, NULL),
(2896, 21, NULL),
(2898, 48, NULL),
(2898, 50, NULL),
(2900, 29, NULL),
(2900, 25, NULL),
(2900, 28, NULL),
(2902, 29, NULL),
(2902, 25, NULL),
(2904, 105, NULL),
(2904, 112, NULL),
(2904, 114, NULL),
(2906, 118, NULL),
(2907, 108, NULL),
(2907, 105, NULL),
(2907, 112, NULL),
(2907, 114, NULL),
(2910, 72, 1),
(2910, 73, 1),
(2913, 109, NULL),
(2913, 104, NULL),
(2913, 113, NULL),
(2914, 117, NULL),
(2915, 21, NULL),
(2916, 100, NULL),
(2916, 94, NULL),
(2917, 103, NULL),
(2917, 107, NULL),
(2917, 114, NULL),
(2918, 116, 1),
(2918, 4, 1),
(2919, 93, NULL),
(1901, 67, 1),
(1423, 67, 2),
(994, 67, 3),
(2012, 6, 1),
(2050, 85, 1),
(1848, 85, 2),
(2561, 85, 3),
(1065, 73, 2),
(942, 7, 2),
(2428, 7, 2),
(1283, 16, 2),
(1700, 16, 3),
(2448, 86, 1),
(1399, 86, 2),
(2051, 86, 3),
(1661, 8, 1),
(845, 8, 2),
(1371, 8, 3),
(2456, 101, 1),
(923, 101, 2),
(320, 101, 3),
(2315, 9, 1),
(2086, 9, 2),
(2481, 9, 3),
(555, 75, 1),
(659, 19, 3),
(389, 77, 2),
(2431, 77, 3),
(1882, 35, 2),
(1095, 35, 3),
(1682, 20, 1),
(2350, 20, 2),
(2674, 20, 3),
(57, 36, 1),
(2736, 36, 2),
(1181, 36, 3),
(1409, 19, 2),
(1259, 74, 3),
(1259, 77, 1),
(471, 19, 1),
(1289, 35, 1),
(1448, 5, NULL),
(1448, 93, NULL),
(2264, 109, NULL),
(2264, 104, NULL),
(2860, 67, NULL),
(2911, 75, 2),
(2910, 75, 3),
(676, 12, NULL),
(1367, 12, NULL),
(1995, 12, NULL),
(68, 80, NULL),
(232, 80, NULL),
(303, 80, NULL),
(368, 80, NULL),
(409, 80, NULL),
(426, 80, NULL),
(459, 80, NULL),
(494, 80, NULL),
(649, 80, NULL),
(676, 80, 1),
(725, 80, NULL),
(1026, 80, NULL),
(1146, 80, NULL),
(1367, 80, 2),
(1500, 80, NULL),
(1617, 80, NULL),
(1677, 80, NULL),
(1829, 80, NULL),
(1995, 80, 3),
(2145, 80, NULL),
(2344, 80, NULL),
(2432, 80, NULL),
(2507, 80, NULL),
(2859, 80, NULL),
(2883, 80, NULL),
(2214, 44, 3);

INSERT INTO Competes_In (team_id, event_id, ranking) VALUES
(1, 3, NULL),
(4, 42, NULL),
(8, 90, NULL),
(9, 99, NULL),
(10, 99, NULL),
(11, 23, NULL),
(12, 42, NULL),
(13, 43, NULL),
(14, 23, NULL),
(15, 87, 1),
(16, 84, NULL),
(17, 68, 3),
(18, 90, NULL),
(20, 66, 2),
(23, 17, NULL),
(24, 18, NULL),
(25, 10, NULL),
(26, 3, NULL),
(27, 2, 2),
(28, 99, NULL),
(29, 2, NULL),
(30, 3, 1),
(31, 3, NULL),
(32, 2, NULL),
(33, 2, NULL),
(34, 3, NULL),
(35, 23, NULL),
(36, 65, 3),
(37, 81, NULL),
(38, 64, NULL),
(39, 23, NULL),
(40, 22, NULL),
(41, 24, NULL),
(42, 64, 2),
(43, 24, NULL),
(44, 22, NULL),
(45, 111, NULL),
(46, 78, NULL),
(47, 70, 2),
(48, 10, NULL),
(49, 18, NULL),
(50, 17, NULL),
(51, 22, NULL),
(52, 24, NULL),
(54, 10, NULL),
(55, 17, NULL),
(56, 18, NULL),
(58, 23, NULL),
(59, 24, NULL),
(60, 22, NULL),
(61, 32, NULL),
(63, 38, 1),
(64, 37, 3),
(65, 39, NULL),
(67, 60, 2),
(68, 61, 2),
(69, 70, 2),
(70, 78, NULL),
(71, 76, 3),
(72, 111, 1),
(73, 18, NULL),
(74, 17, NULL),
(77, 10, NULL),
(78, 3, NULL),
(79, 99, NULL),
(80, 3, NULL),
(81, 81, NULL),
(82, 22, NULL),
(83, 24, NULL),
(84, 43, 3),
(85, 43, NULL),
(86, 43, NULL),
(87, 23, NULL),
(88, 42, NULL),
(89, 65, NULL),
(90, 23, NULL),
(91, 42, NULL),
(92, 64, NULL),
(93, 65, NULL),
(94, 23, NULL),
(95, 64, NULL),
(96, 22, NULL),
(97, 24, NULL),
(98, 81, NULL),
(100, 66, NULL),
(101, 38, NULL),
(102, 37, NULL),
(104, 84, NULL),
(105, 87, NULL),
(106, 68, NULL),
(107, 90, NULL),
(108, 111, NULL),
(109, 110, 3),
(110, 70, NULL),
(111, 76, NULL),
(112, 78, NULL),
(115, 42, NULL),
(116, 24, NULL),
(117, 22, NULL),
(118, 43, NULL),
(119, 23, NULL),
(120, 81, NULL),
(122, 68, NULL),
(123, 61, NULL),
(124, 60, NULL),
(125, 39, NULL),
(126, 38, NULL),
(127, 32, NULL),
(131, 17, NULL),
(132, 18, NULL),
(133, 10, NULL),
(134, 2, NULL),
(135, 3, NULL),
(136, 99, NULL),
(137, 99, NULL),
(138, 3, NULL),
(139, 43, NULL),
(140, 43, NULL),
(141, 60, NULL),
(142, 37, NULL),
(143, 81, NULL),
(144, 68, NULL),
(145, 87, NULL),
(146, 39, NULL),
(148, 10, NULL),
(149, 18, NULL),
(150, 17, NULL),
(153, 60, 3),
(154, 61, NULL),
(155, 32, NULL),
(157, 87, NULL),
(158, 68, 2),
(159, 84, NULL),
(162, 17, NULL),
(163, 18, NULL),
(164, 10, NULL),
(165, 2, NULL),
(166, 43, NULL),
(167, 23, NULL),
(168, 43, 1),
(169, 61, NULL),
(170, 60, NULL),
(172, 32, 2),
(174, 84, NULL),
(175, 68, NULL),
(176, 87, NULL),
(177, 90, 1),
(178, 76, NULL),
(179, 70, NULL),
(180, 110, NULL),
(181, 10, 1),
(182, 18, 1),
(183, 17, 1),
(186, 2, NULL),
(187, 3, NULL),
(188, 99, NULL),
(189, 99, NULL),
(190, 3, NULL),
(191, 2, NULL),
(192, 2, NULL),
(193, 3, NULL),
(194, 99, 3),
(195, 22, NULL),
(196, 24, NULL),
(197, 42, NULL),
(198, 43, NULL),
(199, 43, NULL),
(201, 42, 2),
(202, 22, 3),
(203, 24, NULL),
(204, 23, 2),
(205, 64, NULL),
(206, 65, 2),
(207, 24, 2),
(208, 22, 2),
(209, 38, NULL),
(210, 32, NULL),
(212, 60, NULL),
(213, 61, NULL),
(214, 66, 1),
(215, 84, NULL),
(216, 68, NULL),
(217, 87, NULL),
(218, 90, NULL),
(219, 110, NULL),
(220, 111, NULL),
(221, 10, 3),
(224, 17, NULL),
(225, 18, NULL),
(226, 3, 2),
(227, 2, NULL),
(228, 99, NULL),
(229, 42, 3),
(230, 42, NULL),
(231, 43, NULL),
(232, 23, NULL),
(233, 81, 2),
(234, 24, 1),
(235, 22, 1),
(236, 23, 1),
(237, 81, 3),
(238, 64, 3),
(239, 43, NULL),
(240, 43, NULL),
(243, 38, 2),
(244, 39, NULL),
(245, 37, NULL),
(246, 99, 1),
(247, 22, NULL),
(248, 24, NULL),
(249, 23, NULL),
(250, 81, 1),
(251, 81, NULL),
(252, 42, NULL),
(255, 70, NULL),
(256, 78, NULL),
(258, 42, NULL),
(259, 24, NULL),
(260, 22, NULL),
(261, 23, NULL),
(262, 24, NULL),
(263, 22, NULL),
(264, 42, NULL),
(265, 23, NULL),
(266, 81, NULL),
(267, 42, NULL),
(268, 43, NULL),
(269, 32, 3),
(271, 37, NULL),
(272, 39, 3),
(273, 38, NULL),
(275, 61, NULL),
(276, 60, NULL),
(277, 78, 3),
(278, 76, 2),
(279, 70, 1),
(280, 110, 1),
(281, 87, NULL),
(282, 90, NULL),
(283, 66, 3),
(284, 84, NULL),
(285, 68, NULL),
(288, 18, NULL),
(289, 17, NULL),
(290, 10, 2),
(291, 2, NULL),
(292, 3, NULL),
(293, 99, NULL),
(294, 99, 2),
(295, 3, NULL),
(296, 2, NULL),
(297, 2, NULL),
(298, 3, NULL),
(299, 3, NULL),
(300, 2, NULL),
(301, 81, NULL),
(302, 64, NULL),
(303, 64, 1),
(304, 65, 1),
(305, 24, NULL),
(306, 22, NULL),
(307, 61, NULL),
(309, 37, NULL),
(310, 68, NULL),
(311, 84, 3),
(312, 87, NULL),
(313, 110, NULL),
(314, 111, 3),
(315, 70, NULL),
(316, 76, NULL),
(317, 78, NULL),
(318, 42, 1),
(319, 42, NULL),
(322, 87, NULL),
(323, 70, NULL),
(324, 111, NULL),
(325, 10, NULL),
(328, 81, NULL),
(329, 22, NULL),
(330, 24, NULL),
(331, 23, NULL),
(332, 43, NULL),
(334, 37, NULL),
(335, 39, NULL),
(336, 70, NULL),
(337, 78, 2),
(338, 76, 1),
(340, 22, NULL),
(341, 24, NULL),
(342, 81, NULL),
(343, 64, NULL),
(344, 24, NULL),
(345, 24, NULL),
(346, 22, NULL),
(347, 60, NULL),
(349, 66, NULL),
(350, 10, NULL),
(353, 17, NULL),
(354, 18, NULL),
(355, 65, NULL),
(356, 64, NULL),
(357, 24, NULL),
(358, 22, NULL),
(359, 10, NULL),
(360, 18, NULL),
(361, 17, NULL),
(364, 43, NULL),
(365, 42, NULL),
(366, 111, 2),
(367, 110, NULL),
(368, 70, NULL),
(369, 78, 1),
(370, 76, NULL),
(371, 24, NULL),
(372, 22, NULL),
(373, 3, NULL),
(374, 10, NULL),
(376, 32, 1),
(377, 17, 2),
(378, 18, 3),
(379, 110, NULL),
(380, 87, 3),
(381, 90, NULL),
(382, 84, 2),
(383, 68, 1),
(386, 39, NULL),
(387, 38, NULL),
(388, 2, NULL),
(389, 2, NULL),
(390, 64, NULL),
(391, 42, NULL),
(392, 65, NULL),
(394, 66, NULL),
(395, 68, NULL),
(396, 84, NULL),
(397, 70, NULL),
(398, 90, NULL),
(399, 87, 2),
(402, 10, NULL),
(405, 18, NULL),
(406, 17, NULL),
(407, 23, NULL),
(408, 64, NULL),
(409, 17, NULL),
(410, 66, NULL),
(411, 84, NULL),
(412, 87, NULL),
(414, 65, NULL),
(415, 24, NULL),
(416, 22, NULL),
(417, 64, NULL),
(418, 23, NULL),
(419, 65, NULL),
(420, 90, NULL),
(422, 60, NULL),
(423, 18, NULL),
(424, 10, NULL),
(425, 3, NULL),
(426, 3, NULL),
(427, 10, NULL),
(428, 17, NULL),
(429, 18, NULL),
(433, 87, NULL),
(434, 84, 1),
(435, 68, NULL),
(436, 43, NULL),
(438, 90, 3),
(439, 43, NULL),
(440, 43, NULL),
(441, 17, 3),
(442, 10, NULL),
(443, 18, 2),
(445, 32, NULL),
(446, 61, NULL),
(447, 60, NULL),
(450, 39, 1),
(451, 37, 1),
(452, 38, NULL),
(453, 23, NULL),
(454, 24, NULL),
(455, 22, NULL),
(456, 23, NULL),
(457, 24, NULL),
(458, 22, NULL),
(459, 38, 3),
(460, 37, 2),
(461, 39, NULL),
(462, 32, NULL),
(464, 60, NULL),
(465, 61, NULL),
(466, 87, NULL),
(467, 90, 2),
(470, 18, NULL),
(471, 17, NULL),
(472, 10, NULL),
(473, 3, NULL),
(474, 2, 1),
(475, 99, NULL),
(476, 2, 2),
(477, 3, NULL),
(478, 3, NULL),
(479, 2, NULL),
(480, 2, NULL),
(481, 3, NULL),
(482, 24, 3),
(483, 22, NULL),
(484, 23, NULL),
(485, 22, NULL),
(486, 24, NULL),
(487, 87, NULL),
(488, 64, NULL),
(489, 64, NULL),
(490, 65, NULL),
(492, 87, NULL),
(493, 68, NULL),
(494, 66, NULL),
(495, 17, NULL),
(496, 18, NULL),
(497, 10, NULL),
(500, 23, 3),
(501, 43, NULL),
(502, 42, NULL),
(503, 43, 2),
(504, 81, NULL),
(505, 22, NULL),
(506, 24, NULL),
(507, 64, NULL),
(508, 65, NULL),
(509, 24, NULL),
(510, 42, NULL),
(511, 23, NULL),
(512, 23, NULL),
(513, 64, NULL),
(514, 81, NULL),
(517, 10, NULL),
(518, 18, NULL),
(519, 17, NULL),
(520, 2, NULL),
(521, 66, NULL),
(522, 68, NULL),
(523, 84, NULL),
(524, 87, NULL),
(525, 90, NULL),
(526, 76, NULL),
(527, 70, NULL),
(528, 110, 2),
(529, 111, NULL),
(532, 39, 2),
(533, 37, NULL),
(534, 38, NULL),
(536, 61, 1),
(537, 60, 1),
(538, 99, NULL),
(539, 3, NULL),
(540, 3, 3),
(541, 99, NULL),
(542, 3, NULL),
(543, 3, NULL),
(544, 43, NULL),
(554, 32, NULL),
(555, 31, NULL),
(556, 31, NULL),
(557, 31, NULL),
(558, 31, NULL),
(559, 31, NULL),
(560, 31, 3),
(561, 31, NULL),
(562, 31, NULL),
(563, 31, NULL),
(564, 31, NULL),
(565, 31, NULL),
(566, 31, 1),
(567, 31, NULL),
(568, 31, NULL),
(569, 31, NULL),
(570, 31, 2),
(571, 31, NULL),
(572, 31, NULL),
(573, 31, NULL),
(574, 33, NULL),
(575, 33, NULL),
(576, 33, NULL),
(577, 33, NULL),
(578, 33, NULL),
(579, 33, NULL),
(580, 33, NULL),
(581, 33, NULL),
(582, 33, NULL),
(583, 33, NULL),
(584, 33, 3),
(585, 33, NULL),
(586, 33, NULL),
(587, 33, NULL),
(588, 33, NULL),
(589, 33, NULL),
(590, 33, NULL),
(591, 33, NULL),
(592, 33, NULL),
(593, 33, NULL),
(594, 33, NULL),
(595, 33, NULL),
(596, 33, 1),
(597, 33, 2),
(598, 33, NULL),
(599, 33, NULL),
(600, 34, NULL),
(601, 34, NULL),
(602, 34, NULL),
(603, 34, NULL),
(604, 34, NULL),
(605, 34, NULL),
(606, 34, NULL),
(607, 34, NULL),
(608, 34, NULL),
(609, 34, NULL),
(610, 34, NULL),
(611, 34, NULL),
(612, 34, 3),
(613, 34, NULL),
(614, 34, NULL),
(615, 34, NULL),
(616, 34, 1),
(617, 34, NULL),
(618, 34, NULL),
(619, 34, NULL),
(620, 34, NULL),
(621, 34, NULL),
(622, 34, NULL),
(623, 34, NULL),
(624, 34, NULL),
(625, 34, NULL),
(626, 34, 2),
(627, 34, NULL),
(628, 34, NULL),
(629, 34, NULL),
(630, 34, NULL),
(631, 34, NULL),
(632, 34, NULL),
(633, 34, NULL),
(627, 58, NULL),
(628, 58, NULL),
(629, 58, NULL),
(630, 58, 3),
(631, 58, 2),
(632, 58, NULL),
(633, 58, 1),
(308, 44, 3);

COMMIT;